	li	wiki_idx	ar	en	entry_num	vocal_forms	pos	select	nesba	ar_letters	senses
0	292	5921	مُطلَق	absolute_3_A	2	مُطَلَّق	adj	0	0	ميم-ضمة | طاء-فتحة | لام-شدة-فتحة | قاف	['divorced']
1	292	5922	مُطلَق	absolute_3_A	2	مُطْلَق	adj	1	0	ميم-ضمة | طاء-سكون | لام-فتحة | قاف	['absolute, utter, very, unlimited, unrestricted / downright / sovereign / liberated, free / implicit']
2	1558	8229	أفْغانِيّ	afghani_1_N	2	أَفْغَانِيّ	adj	0	1	همزة على الألف-فتحة | فاء-سكون | غين-فتحة | ألف | نون-كسرة | ياء-شدة	['Afghan']
3	1558	8230	أفْغانِيّ	afghani_1_N	2	أَفْغَانِيّ	noun	1	0	همزة على الألف-فتحة | فاء-سكون | غين-فتحة | ألف | نون-كسرة | ياء-شدة	['Afghan']
4	1643	1768	سِنّ	age_1_N	3	سَنَّ	verb	0	0	سين-فتحة | نون-شدة-فتحة	['to sharpen, to whet, to hone, to grind / to mold, to shape, to form / to prescribe, to introduce, to enact / to institute, to establish a method']
5	1643	1769	سِنّ	age_1_N	3	سَنّ	noun	0	0	سين-فتحة | نون-شدة	['verbal noun of سَنَّ (sanna) (form I) / prescription, introduction, enactment']
6	1643	1770	سِنّ	age_1_N	3	سِنّ	noun	1	0	سين-كسرة | نون-شدة	['tooth, tusk, fang / point or tip / a spearhead or arrowhead / age (years of life) / cog, sprocket, prong']
7	3970	64	عربي	arabic_A	3	عَرَبِيّ	adj	1	1	عين-فتحة | راء-فتحة | باء-كسرة | ياء-شدة	['Arab / Arabic / Arabian']
8	3970	65	عربي	arabic_A	3	عَرَبِيّ	noun	0	0	عين-فتحة | راء-فتحة | باء-كسرة | ياء-شدة	['Arab / Arabic (language)']
9	3970	66	عربي	arabic_A	3	عَرِّبِي	verb	0	0	عين-فتحة | راء-شدة-كسرة | باء-كسرة | ياء	['second-person feminine singular active imperative of عَرَّبَ (ʕarraba)']
10	4109	503	مِنْطقة	area_6_N	3	مِنْطَقَة	noun	1	0	ميم-كسرة | نون-سكون | طاء-فتحة | قاف-فتحة | تاء مربوطة	['belt, girdle / zone / vicinity, range, district, area, territory, sphere / military sector / area, an administrative subdivision of Kuwait / province']
11	4109	504	مِنْطقة	area_6_N	3	مَنْطِقَة	noun	1	0	ميم-فتحة | نون-سكون | طاء-كسرة | قاف-فتحة | تاء مربوطة	['zone / vicinity, range, district, area, territory, sphere / military sector / area, an administrative subdivision of Kuwait / province']
12	4109	505	مِنْطقة	area_6_N	3	مَنْطَقَة	noun	1	0	ميم-فتحة | نون-سكون | طاء-فتحة | قاف-فتحة | تاء مربوطة	['verbal noun of مَنْطَقَ (manṭaqa) (form Iq)']
13	4871	115330	آشوري	assyrian_2_N	2	آشُورِيّ	adj	0	1	ألف ممدودة | شين-ضمة | واو | راء-كسرة | ياء-شدة	['Assyrian, Ashurite']
14	4871	115331	آشوري	assyrian_2_N	2	آشُورِيّ	noun	1	0	ألف ممدودة | شين-ضمة | واو | راء-كسرة | ياء-شدة	['Assyrian, Ashurite']
15	6160	6264	منع	ban_2_N	2	مَنْع	noun	1	0	ميم-فتحة | نون-سكون | عين	['verbal noun of مَنَعَ (manaʕa) (form I) / prevention']
16	6160	6265	منع	ban_2_N	2	مَنَعَ	verb	0	0	ميم-فتحة | نون-فتحة | عين-فتحة	['to hinder, to prevent, to repel / to defend, to protect / to forbid, to prohibit, to ban']
17	7316	123390	بيلاروسي	belarusian_N	2	بِيلَارُوسِيّ	adj	0	1	باء-كسرة | ياء | لام-فتحة | ألف | راء-ضمة | واو | سين-كسرة | ياء-شدة	['Belarusian']
18	7316	123391	بيلاروسي	belarusian_N	2	بِيلَارُوسِيّ	noun	1	0	باء-كسرة | ياء | لام-فتحة | ألف | راء-ضمة | واو | سين-كسرة | ياء-شدة	['Belarusian (person)']
19	8118	1915	بر	birr_1_N	6	بَرّ	noun	0	0	باء-فتحة | راء-شدة	['land, dry land (as opposed to sea) / outside, field']
20	8118	1916	بر	birr_1_N	6	بَرَّ	verb	0	0	باء-فتحة | راء-شدة-فتحة	"[""to be righteous, to be pious, to be godly, to be reverent, to be religious / to be righteous, to be pious, to be godly, to be reverent, to be religious, to straighten up, to reform / to be kind or generous to [+ بِ (object)], to be kind or generous to / to respect or to be respectful to [+ بِ (object)] (elders, one's parents or grandparents, old kinsmen, a deity, and so on), to honor, to revere; to obey / to deem (an act) true, sincere, or pious; to accept or bless (a religious ritual) / to deem (an act) true, sincere, or pious; to accept or bless (a religious ritual), to be true, sincere, or pious""]"
21	8118	1917	بر	birr_1_N	6	بِرّ	noun	0	0	باء-كسرة | راء-شدة	['verbal noun of بَرَّ (barra) (form I) / faith, godliness, piety / respectfulness / kindness']
22	8118	1918	بر	birr_1_N	6	بَرّ	adj	0	0	باء-فتحة | راء-شدة	['pious / pious, reverent, religious / kind, benevolent / respectful / true, sincere']
23	8118	1919	بر	birr_1_N	6	بُرْ	verb	0	0	باء-ضمة | راء-سكون	['second-person masculine singular active imperative of بَارَ (bāra)']
24	8118	1920	بر	birr_1_N	6	بُرّ	noun	0	0	باء-ضمة | راء-شدة	['wheat']
25	9104	116172	جذع	bole_3_N	2	جِذْع	noun	0	0	جيم-كسرة | ذال-سكون | عين	['a tree trunk, body, stock, torso']
26	9104	116173	جذع	bole_3_N	2	جَذَع	noun	0	0	جيم-فتحة | ذال-فتحة | عين	['youth, animal old enough to use (of livestock as well as humans)']
27	9270	274	كِتاب	book_1_N	3	كِتَاب	noun	1	0	كاف-كسرة | تاء-فتحة | ألف | باء	"[""verbal noun of كَتَبَ (kataba) (form I) / verbal noun of كَاتَبَ (kātaba) (form III) / letter, note, paper, piece of writing, message / book / the Scripture, the Qur'an or the Bible / record, document, deed, contract / a marriage contract.""]"
28	9270	275	كِتاب	book_1_N	3	كُتَّاب	noun	0	0	كاف-ضمة | تاء-شدة-فتحة | ألف | باء	['plural of كَاتِب (kātib, “writer”)']
29	9270	276	كِتاب	book_1_N	3	كُتَّاب	noun	0	0	كاف-ضمة | تاء-شدة-فتحة | ألف | باء	"[""a traditional school for teaching Qur'an""]"
30	9394	4492	حدّ	border_1_N	7	حَدَّ	verb	0	0	حاء-فتحة | دال-شدة-فتحة	"[""to sharpen / to sharpen one's look / to limit, confine, define, distinguish / to restrain, prevent, hinder / to chastise / to refuse""]"
31	9394	4492	حدّ	border_1_N	7	حَدَّ	verb	0	0	حاء-فتحة | دال-شدة-فتحة	"[""to sharpen / to sharpen one's look / to limit, confine, define, distinguish / to restrain, prevent, hinder / to chastise / to refuse""]"
32	9394	4493	حدّ	border_1_N	7	حَدَّ	verb	0	0	حاء-فتحة | دال-شدة-فتحة	['to put off all ornaments / to wear mourning apparel']
33	9394	4494	حدّ	border_1_N	7	حَدَّ	verb	0	0	حاء-فتحة | دال-شدة-فتحة	['to be sharp, to be cutting']
34	9394	4495	حدّ	border_1_N	7	حَدَّ	verb	0	0	حاء-فتحة | دال-شدة-فتحة	['to be violent, empassioned, enraged / (construed with عَلَى (ʕalā)) to fly into a passion against, to fly into a passion against / to be unhappy, unfortunate, miserable']
35	9394	4496	حدّ	border_1_N	7	حَدّ	noun	1	0	حاء-فتحة | دال-شدة	['verbal noun of حَدَّ (ḥadda) (form I) / limit / boundary, border / frontier / term / end, goal, aim / district / reach, sphere of action / difference / definition / rule / punishment / edge, point / passion / intoxicating strength of liquors / strength, bravery / energy / manner, way / hindrance / side']
36	9394	4497	حدّ	border_1_N	7	حَدّ	adj	0	0	حاء-فتحة | دال-شدة	['violent, passionate']
37	9394	4498	حدّ	border_1_N	7	حِدْ	verb	0	0	حاء-كسرة | دال-سكون	['second-person masculine singular active imperative of وَحَدَ (waḥada) / second-person masculine singular active imperative of وَحِدَ (waḥida) / second-person masculine singular active imperative of وَحُدَ (waḥuda)']
38	10872	116896	بلغاري	bulgarian_N	2	بُلْغارِيّ	adj	0	1	باء-ضمة | لام-سكون | غين | ألف | راء-كسرة | ياء-شدة	['Bulgarian (of, from or relating to Bulgaria)']
39	10872	116897	بلغاري	bulgarian_N	2	بُلْغارِيّ	noun	1	0	باء-ضمة | لام-سكون | غين | ألف | راء-كسرة | ياء-شدة	['Bulgarian (native or inhabitant of Bulgaria)']
40	13580	827	رئِيس	chairman_N	2	رَئِيس	noun	1	0	راء-فتحة | همزة على الياء-كسرة | ياء | سين	['boss, chief, leader / director / headmaster, principal / chairman / governor / president / manager, superintendent / conductor / captain']
41	13580	828	رئِيس	chairman_N	2	رَئِيس	adj	0	0	راء-فتحة | همزة على الياء-كسرة | ياء | سين	['main, chief, leading']
42	14359	269	صينية	chinese_N	4	صِينِيَّة	adj	0	1	صاد-كسرة | ياء | نون-كسرة | ياء-شدة-فتحة | تاء مربوطة	['feminine singular of صِينِيّ (ṣīniyy, “Chinese”)']
43	14359	270	صينية	chinese_N	4	صِينِيَّة	noun	0	0	صاد-كسرة | ياء | نون-كسرة | ياء-شدة-فتحة | تاء مربوطة	['feminine singular of صِينِيّ (ṣīniyy, “Chinese person”)']
44	14359	271	صينية	chinese_N	4	صِينِيَّة	noun	1	0	صاد-كسرة | ياء | نون-كسرة | ياء-شدة-فتحة | تاء مربوطة	['Chinese language']
45	14359	272	صينية	chinese_N	4	صِينِيَّة	noun	0	0	صاد-كسرة | ياء | نون-كسرة | ياء-شدة-فتحة | تاء مربوطة	['Chinese porcelain, china / plate / dish / tray']
46	14638	26955	مَسِيحِيَّة	christianity_1_N	2	مَسِيحِيَّة	noun	1	0	ميم-فتحة | سين-كسرة | ياء | حاء-كسرة | ياء-شدة-فتحة | تاء مربوطة	['Christianity / female equivalent of مَسِيحِيّ (masīḥiyy)']
47	14638	26956	مَسِيحِيَّة	christianity_1_N	2	مَسِيحِيَّة	adj	0	1	ميم-فتحة | سين-كسرة | ياء | حاء-كسرة | ياء-شدة-فتحة | تاء مربوطة	['feminine singular of مَسِيحِيّ (masīḥiyy)']
48	16805	25071	شُيُوعِيّ	communist_A	2	شُيُوعِيّ	adj	1	1	شين-ضمة | ياء-ضمة | واو | عين-كسرة | ياء-شدة	['communist / Communist / communal']
49	16805	25072	شُيُوعِيّ	communist_A	2	شُيُوعِيّ	noun	0	0	شين-ضمة | ياء-ضمة | واو | عين-كسرة | ياء-شدة	['communist / Communist']
50	17986	8330	دستوري	constitutional_2_A	2	دُسْتُورِيّ	adj	1	1	دال-ضمة | سين-سكون | تاء-ضمة | واو | راء-كسرة | ياء-شدة	['constitutional']
51	17986	8331	دستوري	constitutional_2_A	2	دُسْتُورِيّ	noun	0	0	دال-ضمة | سين-سكون | تاء-ضمة | واو | راء-كسرة | ياء-شدة	['constitutionalist']
52	19228	2411	بلد	country_2_N	3	بَلُدَ	verb	0	0	باء-فتحة | لام-ضمة | دال-فتحة	['to be stupid, to be dull-witted']
53	19228	2412	بلد	country_2_N	3	بَلَّدَ	verb	0	0	باء-فتحة | لام-شدة-فتحة | دال-فتحة	['to acclimatize, to habituate']
54	19228	2413	بلد	country_2_N	3	بَلَد	noun	1	0	باء-فتحة | لام-فتحة | دال	['country, land, homeland / town, city / place, village, community']
55	20590	115590	عُمْلة	currency_1_N	3	عُمْلَة	noun	1	0	عين-ضمة | ميم-سكون | لام-فتحة | تاء مربوطة	['currency, standardized money']
56	20590	115591	عُمْلة	currency_1_N	3	عَمْلَة	noun	0	0	عين-فتحة | ميم-سكون | لام-فتحة | تاء مربوطة	['evil deed, perfidy']
57	20590	115592	عُمْلة	currency_1_N	3	عِمْلَة	noun	0	0	عين-كسرة | ميم-سكون | لام-فتحة | تاء مربوطة	['mode of acting, manner of service, wise of working on a thing']
58	20596	2653	جَارٍ	current_A	4	جَارَ	verb	0	0	جيم-فتحة | ألف | راء-فتحة	['to deviate, to stray / to commit an outrage, to wrong, to persecute, to oppress, to tyrannize / to encroach, to make inroads']
59	20596	2654	جَارٍ	current_A	4	جَارَرَ	verb	0	0	جيم-فتحة | ألف | راء-فتحة | راء-فتحة	['to be in the neighborhood of, to live nextdoor to / to adjoin / to be in the vicinity, to be close to / to border']
60	20596	2654	جَارٍ	current_A	4	جَارَّ	verb	0	0	جيم-فتحة | ألف | راء-شدة-فتحة	['to be in the neighborhood of, to live nextdoor to / to adjoin / to be in the vicinity, to be close to / to border']
61	20596	2655	جَارٍ	current_A	4	جَار	noun	0	0	جيم-فتحة | ألف | راء	['neighbor / refugee / protégé, charge']
62	20596	2656	جَارٍ	current_A	4	جَارٍ	adj	1	0	جيم-فتحة | ألف | راء-كسرتان	['active participle of جَرَى (jarā)']
63	21193	32819	دَرِيّ	dari_N	3	دِرِّي	verb	0	0	دال-كسرة | راء-شدة-كسرة | ياء	['second-person feminine singular active imperative of دَرَّ (darra)']
64	21193	32820	دَرِيّ	dari_N	3	دُرِّي	verb	0	0	دال-ضمة | راء-شدة-كسرة | ياء	['second-person feminine singular active imperative of دَرَّ (darra)']
65	21193	32821	دَرِيّ	dari_N	3	دُرِيَ	verb	0	0	دال-ضمة | راء-كسرة | ياء-فتحة	['third-person masculine singular past passive of دَرَى (darā)']
66	21757	20868	نقْص	decline_1_N	8	نَقَصَ	verb	0	0	نون-فتحة | قاف-فتحة | صاد-فتحة	['to decrease, diminish, reduce / to be reduced by (an amount) / to lack']
67	21757	20869	نقْص	decline_1_N	8	نَقْص	noun	1	0	نون-فتحة | قاف-سكون | صاد	['verbal noun of نَقَصَ (naqaṣa) (form I) / reduction / lack']
68	21757	20870	نقْص	decline_1_N	8	نَقُصُّ	verb	0	0	نون-فتحة | قاف-ضمة | صاد-شدة-ضمة	['first-person plural non-past active indicative of قَصَّ (qaṣṣa)']
69	21757	20871	نقْص	decline_1_N	8	نَقُصَّ	verb	0	0	نون-فتحة | قاف-ضمة | صاد-شدة-فتحة	['first-person plural non-past active subjunctive of قَصَّ (qaṣṣa) / first-person plural non-past active jussive of قَصَّ (qaṣṣa)']
70	21757	20872	نقْص	decline_1_N	8	نَقُصِّ	verb	0	0	نون-فتحة | قاف-ضمة | صاد-شدة-كسرة	['first-person plural non-past active jussive of قَصَّ (qaṣṣa)']
71	21757	20873	نقْص	decline_1_N	8	نُقَصُّ	verb	0	0	نون-ضمة | قاف-فتحة | صاد-شدة-ضمة	['first-person plural non-past passive indicative of قَصَّ (qaṣṣa)']
72	21757	20874	نقْص	decline_1_N	8	نُقَصَّ	verb	0	0	نون-ضمة | قاف-فتحة | صاد-شدة-فتحة	['first-person plural non-past passive subjunctive of قَصَّ (qaṣṣa) / first-person plural non-past passive jussive of قَصَّ (qaṣṣa)']
73	21757	20875	نقْص	decline_1_N	8	نُقَصِّ	verb	0	0	نون-ضمة | قاف-فتحة | صاد-شدة-كسرة	['first-person plural non-past passive jussive of قَصَّ (qaṣṣa)']
74	22351	5003	جُمْهُورِيّة	democracy_2_N	3	جُمْهُورِيَّة	noun	1	0	جيم-ضمة | ميم-سكون | هاء-ضمة | واو | راء-كسرة | ياء-شدة-فتحة | تاء مربوطة	['republicanism / republic']
75	22351	5004	جُمْهُورِيّة	democracy_2_N	3	جُمْهُورِيَّة	noun	0	0	جيم-ضمة | ميم-سكون | هاء-ضمة | واو | راء-كسرة | ياء-شدة-فتحة | تاء مربوطة	['female equivalent of جُمْهُورِيّ (jumhūriyy)']
76	22351	5005	جُمْهُورِيّة	democracy_2_N	3	جُمْهُورِيَّة	adj	0	1	جيم-ضمة | ميم-سكون | هاء-ضمة | واو | راء-كسرة | ياء-شدة-فتحة | تاء مربوطة	['feminine singular of جُمْهُورِيّ (jumhūriyy)']
77	22355	25151	دِيْمُقْراطِي	democratic_1_A	2	دِيمُقْرَاطِيّ	adj	0	1	دال-كسرة | ياء | ميم-ضمة | قاف-سكون | راء-فتحة | ألف | طاء-كسرة | ياء-شدة	['democratic']
78	22355	25152	دِيْمُقْراطِي	democratic_1_A	2	دِيمُقْرَاطِيّ	noun	0	0	دال-كسرة | ياء | ميم-ضمة | قاف-سكون | راء-فتحة | ألف | طاء-كسرة | ياء-شدة	['democrat']
79	22868	117316	صمم	designate_4_V2	2	صَمَّمَ	verb	1	0	صاد-فتحة | ميم-شدة-فتحة | ميم-فتحة	['to deafen [+accusative], to deafen / to resolve, to become bent on [+ عَلَى (object)], to resolve, to become bent on / to design, to configure, to devise, to contrive, to fix [+accusative], to design, to configure, to devise, to contrive, to fix']
80	22868	117317	صمم	designate_4_V2	2	صَمَم	noun	0	0	صاد-فتحة | ميم-فتحة | ميم	['deafness']
81	26444	115122	هولندي	dutch_N	2	هُولَنْدِيّ	adj	0	1	هاء-ضمة | واو | لام-فتحة | نون-سكون | دال-كسرة | ياء-شدة	['Netherlandish, Dutch']
82	26444	115123	هولندي	dutch_N	2	هُولَنْدِيّ	noun	1	0	هاء-ضمة | واو | لام-فتحة | نون-سكون | دال-كسرة | ياء-شدة	['Netherlander, Dutchman']
83	26652	3888	شرق	east_4_N	3	شَرْق	noun	1	0	شين-فتحة | راء-سكون | قاف	['east; Orient']
84	26652	3889	شرق	east_4_N	3	شَرِقَ	verb	0	0	شين-فتحة | راء-كسرة | قاف-فتحة	['to choke']
85	26652	3890	شرق	east_4_N	3	شَرَقٌ	noun	0	0	شين-فتحة | راء-فتحة | قاف-ضمتان	['verbal noun of شَرِقَ (šariqa) (form I)']
86	28346	13023	مُساواة	equality_1_N	2	مُسَاوَاة	noun	1	0	ميم-ضمة | سين-فتحة | ألف | واو-فتحة | ألف | تاء مربوطة	['verbal noun of سَاوَى (sāwā) (form III) / equality, equivalence / equal rights / settlement (of a bill)']
87	28346	13024	مُساواة	equality_1_N	2	مُسَاوَاة	adj	0	0	ميم-ضمة | سين-فتحة | ألف | واو-فتحة | ألف | تاء مربوطة	['feminine singular of مُسَاوًى (musāwan)']
88	31802	1083	علم	flag_1_N	5	عَلِمَ	verb	0	0	عين-فتحة | لام-كسرة | ميم-فتحة	['to know, to have knowledge, to be cognizant, to be aware / to be informed, to be familiar, to be acquainted / to perceive, to discern, to find out, to learn']
89	31802	1084	علم	flag_1_N	5	عَلَّمَ	verb	0	0	عين-فتحة | لام-شدة-فتحة | ميم-فتحة	['to teach, to instruct, to train, to educate / to designate, to mark, to earmark']
90	31802	1085	علم	flag_1_N	5	عِلْم	noun	0	0	عين-كسرة | لام-سكون | ميم	['verbal noun of عَلِمَ (ʕalima) (form I) / knowledge, learning, lore / cognition, acquaintance / information / perception, knowledge / (plural عُلُوم (ʕulūm)) science, science']
91	31802	1086	علم	flag_1_N	5	عَلَم	noun	1	0	عين-فتحة | لام-فتحة | ميم	['sign, token, mark, badge / harelip / road sign, guidepost / flag, banner / authority, luminary, star, personage, distinguished man / a mountain / proper noun']
92	31802	1087	علم	flag_1_N	5	عٰلَم	noun	0	0	عين- | لام-فتحة | ميم	['Classical Arabic form of عَالَم (ʕālam)']
93	32046	120970	خَلَل	flaw_3_N	5	خَلَّلَ	verb	0	0	خاء-فتحة | لام-شدة-فتحة | لام-فتحة	['to scour, to toothpick, to poke in / to caulk']
94	32046	120971	خَلَل	flaw_3_N	5	خَلَل	noun	1	0	خاء-فتحة | لام-فتحة | لام	['gap, breach, interstice, interspace, chink / flaw, imbalance, bug, disturbance, trait of disorder']
95	32046	120972	خَلَل	flaw_3_N	5	خُلَل	noun	0	0	خاء-ضمة | لام-فتحة | لام	['plural of خُلَّة (ḵulla)']
96	32046	120973	خَلَل	flaw_3_N	5	خِلَل	noun	0	0	خاء-كسرة | لام-فتحة | لام	['plural of خِلَّة (ḵilla)']
97	32046	120974	خَلَل	flaw_3_N	5	خَلَّلَ	verb	0	0	خاء-فتحة | لام-شدة-فتحة | لام-فتحة	['to preserve in vinegar, to marinate / to render into vinegar, to make become vinegar, to make sour']
98	32346	793	دقِيق	flour_N	2	دَقِيق	adj	0	0	دال-فتحة | قاف-كسرة | ياء | قاف	['precise, accurate, exact / fine, thin / delicate, fragile, frail / little, small, tiny, minute / subtle, puny / paltry, petty, trivial, trifling']
99	32346	794	دقِيق	flour_N	2	دَقِيق	noun	1	0	دال-فتحة | قاف-كسرة | ياء | قاف	['flour, meal']
100	33131	10031	سابق	former_3_A	2	سَابِق	adj	1	0	سين-فتحة | ألف | باء-كسرة | قاف	['preceding, previous / former / active participle of سَبَقَ (sabaqa).']
101	33131	10032	سابق	former_3_A	2	سَابَقَ	verb	0	0	سين-فتحة | ألف | باء-فتحة | قاف-فتحة	['to race']
102	33517	4339	حُرّ	free_1_A	3	حُرّ	adj	1	0	حاء-ضمة | راء-شدة	['free / unimpeded / set free, freedman / born free and noble / virtuous, genuine, true, pure, good / unmixed']
103	33517	4340	حُرّ	free_1_A	3	حَرّ	noun	0	0	حاء-فتحة | راء-شدة	['heat / burning of the heart, from pain, wrath, distress, affliction, trouble or fatigue / difficulty or severity of work']
104	33517	4341	حُرّ	free_1_A	3	حِرّ	noun	0	0	حاء-كسرة | راء-شدة	['vulva, pudendum of a woman']
105	33608	289	فرنسية	french_N	2	فَرَنْسِيَّة	adj	0	1	فاء-فتحة | راء-فتحة | نون-سكون | سين-كسرة | ياء-شدة-فتحة | تاء مربوطة	['feminine singular of فَرَنْسِيّ (faransiyy, “French”)']
106	33608	290	فرنسية	french_N	2	فَرَنْسِيَّة	noun	1	0	فاء-فتحة | راء-فتحة | نون-سكون | سين-كسرة | ياء-شدة-فتحة | تاء مربوطة	['female equivalent of فَرَنْسِيّ (faransiyy, “a Frenchman”): a Frenchwoman / the French language, French']
107	38154	695	ملك	have_1_V2	10	مَلِك	noun	0	0	ميم-فتحة | لام-كسرة | كاف	['king, sovereign, monarch']
108	38154	696	ملك	have_1_V2	10	مُلْك	noun	0	0	ميم-ضمة | لام-سكون | كاف	['verbal noun of مَلَكَ (malaka) (form I) / rule, reign, supreme authority, dominion, dominance, sway, power / sovereignty, kingship, royalty / monarchy']
109	38154	697	ملك	have_1_V2	10	مِلْك	noun	0	0	ميم-كسرة | لام-سكون | كاف	['verbal noun of مَلَكَ (malaka) (form I) / property, possession, goods and chattels, fortune, wealth / estate / real estate, landed property']
110	38154	698	ملك	have_1_V2	10	مَلَكَ	verb	1	0	ميم-فتحة | لام-فتحة | كاف-فتحة	['to take in possession, to take over, to acquire, to seize / to possess, to lay hold, to own, to have, to be the owner / to dominate, to control / to be the master / to be capable, to be able, to be in a position to / to rule, to reign, to exercise authority, to hold sway, to lord over']
111	38154	699	ملك	have_1_V2	10	مَلَّكَ	verb	0	0	ميم-فتحة | لام-شدة-فتحة | كاف-فتحة	['to make the owner / to put in possession / to transfer ownership, to assign, to make over, to convey / to make king']
112	38154	700	ملك	have_1_V2	10	مَلَك	noun	0	0	ميم-فتحة | لام-فتحة | كاف	['angel']
113	38154	701	ملك	have_1_V2	10	مَلَك	noun	0	0	ميم-فتحة | لام-فتحة | كاف	['possession, property / food and water, resources; anything which regulates, maintains, or sustains; essentials, supplies, utilities / foundation of ones existence / foundation of ones existence, agent or effective cause']
114	38154	702	ملك	have_1_V2	10	مَلْك	noun	0	0	ميم-فتحة | لام-سكون | كاف	['verbal noun of مَلَكَ (malaka) (form I)']
115	38154	703	ملك	have_1_V2	10	مُلَّك	noun	0	0	ميم-ضمة | لام-شدة-فتحة | كاف	['plural of مَالِك (mālik)']
116	38154	704	ملك	have_1_V2	10	مُلَّك	adj	0	0	ميم-ضمة | لام-شدة-فتحة | كاف	['masculine plural of مَالِك (mālik)']
117	39071	12463	عال	high_1_A	5	عَالَلَ	verb	0	0	عين-فتحة | ألف | لام-فتحة | لام-فتحة	['to engage in milking constantly, to milk morning, noon, and night, to milk before an udder is at full capacity or has had time to recover']
118	39071	12463	عال	high_1_A	5	عَالَّ	verb	0	0	عين-فتحة | ألف | لام-شدة-فتحة	['to engage in milking constantly, to milk morning, noon, and night, to milk before an udder is at full capacity or has had time to recover']
119	39071	12464	عال	high_1_A	5	عَالَ	verb	0	0	عين-فتحة | ألف | لام-فتحة	['to provide for / to impoverish, to pauperize / to be poor or needy / to burden, to vex, to be burdensome / to burden, to vex, to be bothersome, to be troublesome / to greaten, to be dominant / to greaten, to be intense or severe']
120	39071	12465	عال	high_1_A	5	عَالَ	verb	0	0	عين-فتحة | ألف | لام-فتحة	['to be poor']
121	39071	12466	عال	high_1_A	5	عَالٍ	adj	1	0	عين-فتحة | ألف | لام-كسرتان	['active participle of عَلَا (ʕalā) or active participle of عَلِيَ (ʕaliya). / high / exalted, lofty, excellent']
122	39071	12467	عال	high_1_A	5	عَالٍ	noun	0	0	عين-فتحة | ألف | لام-كسرتان	['The upper part of something']
123	40068	450	فُنْدُق	hotel_N	2	فُنْدُق	noun	1	0	فاء-ضمة | نون-سكون | دال-ضمة | قاف	['inn / hotel']
124	40068	451	فُنْدُق	hotel_N	2	فُنْدُق	noun	0	0	فاء-ضمة | نون-سكون | دال-ضمة | قاف	['Alternative form of بُنْدُق (bunduq)']
125	40241	3023	بشر	human_N	7	بَشَر	noun	1	0	باء-فتحة | شين-فتحة | راء	['human / humans, humankind']
126	40241	3024	بشر	human_N	7	بَشَر	noun	0	0	باء-فتحة | شين-فتحة | راء	['skin, outer skin, epidermis']
127	40241	3025	بشر	human_N	7	بَشَرَ	verb	0	0	باء-فتحة | شين-فتحة | راء-فتحة	"[""to peel, to pare / to shave so as to render the skin visible / to eat the ground bare / to take (a matter) into one's own hands""]"
128	40241	3026	بشر	human_N	7	بَشْر	noun	0	0	باء-فتحة | شين-سكون | راء	['verbal noun of بَشَرَ (bašara) (form I)']
129	40241	3027	بشر	human_N	7	بَشِرَ	verb	0	0	باء-فتحة | شين-كسرة | راء-فتحة	['to rejoice at, to become glad, to congratulate, to rejoice']
130	40241	3027	بشر	human_N	7	بَشَرَ	verb	0	0	باء-فتحة | شين-فتحة | راء-فتحة	['to rejoice at, to become glad, to congratulate, to rejoice']
131	40241	3028	بشر	human_N	7	بَشَر	noun	0	0	باء-فتحة | شين-فتحة | راء	['verbal noun of بَشِرَ (bašira) (form I) / verbal noun of بَشَرَ (bašara) (form I)']
132	40241	3029	بشر	human_N	7	بَشَّرَ	verb	0	0	باء-فتحة | شين-شدة-فتحة | راء-فتحة	['to bring good news (to) / to evangelize, to preach the gospel (to)']
133	40482	120124	هجن	hybrid_A	2	هَجُنَ	verb	0	0	هاء-فتحة | جيم-ضمة | نون-فتحة	['to be a هَجِين (hajīn), to be a bastard or to be wrong']
134	40482	120125	هجن	hybrid_A	2	هَجَّنَ	verb	0	0	هاء-فتحة | جيم-شدة-فتحة | نون-فتحة	['to crossbreed, to hybridize, to mongrelize / to treat like a هَجِين (hajīn), to denigrate, to deplore']
135	41860	873	دخْل	income_N	4	دَخَلَ	verb	0	0	دال-فتحة | خاء-فتحة | لام-فتحة	['to enter, go in, come in / to penetrate, to pierce / to befall, to seize / to take up (a profession, etc.), to start / to drop in on, to come to see, to call on / (construed with عَلَى (ʕalā) or بِـ (bi-)) to consummate the marriage, to cohabit, to sleep with, to consummate the marriage, to cohabit, to sleep with / to convert to (a religion or faith) (فِي (fī))']
136	41860	874	دخْل	income_N	4	دَخَّلَ	verb	0	0	دال-فتحة | خاء-شدة-فتحة | لام-فتحة	['to make enter, to bring in, to let in / to enter, to insert, to include']
137	41860	875	دخْل	income_N	4	دَخْل	noun	1	0	دال-فتحة | خاء-سكون | لام	['income / revenues, receipts, returns / interference, intervention / doubt, misgiving']
138	41860	876	دخْل	income_N	4	دَخَل	noun	0	0	دال-فتحة | خاء-فتحة | لام	['disturbance, imbalance, derangement, disorder, mental defect / defect, infirmity']
139	42126	23122	دَلِيل	index_2_N	2	دَلِيل	noun	1	0	دال-فتحة | لام-كسرة | ياء | لام	['sign, indication, proof, demonstration, evidence, argument / syllogism / road sign / road, street / guidebook / index (alphabetical listing)']
140	42126	23123	دَلِيل	index_2_N	2	دَلِيل	noun	0	0	دال-فتحة | لام-كسرة | ياء | لام	['director / guide / indicator (person who indicates) / discoverer']
141	42239	7474	شَخْصي	individual_4_A	2	شَخْصِيّ	adj	1	1	شين-فتحة | خاء-سكون | صاد-كسرة | ياء-شدة	['own / personal / personal']
142	42239	7475	شَخْصي	individual_4_A	2	شَخِّصِي	verb	0	0	شين-فتحة | خاء-شدة-كسرة | صاد-كسرة | ياء	['second-person feminine singular active imperative of شَخَّصَ (šaḵḵaṣa)']
143	42375	4862	تفاوت	inequality_N	2	تَفَاوَتَ	verb	0	0	تاء-فتحة | فاء-فتحة | ألف | واو-فتحة | تاء-فتحة	['to be disparate, to vary, to differ, to be distinguishable']
144	42375	4863	تفاوت	inequality_N	2	تَفَاوُت	noun	1	0	تاء-فتحة | فاء-فتحة | ألف | واو-ضمة | تاء	['verbal noun of تَفَاوَتَ (tafāwata) (form VI)']
145	42549	4617	تضخُّم	inflation_1_N	2	تَضَخَّمَ	verb	0	0	تاء-فتحة | ضاد-فتحة | خاء-شدة-فتحة | ميم-فتحة	['to swell, to become inflated']
146	42549	4618	تضخُّم	inflation_1_N	2	تَضَخُّم	noun	1	0	تاء-فتحة | ضاد-فتحة | خاء-شدة-ضمة | ميم	['verbal noun of تَضَخَّمَ (taḍaḵḵama) (form V) / inflation (“increase in prices”)']
147	44251	327	إيطالية	italian_N	4	إِيطَالِيَّة	noun	0	0	همزة تحت الألف-كسرة | ياء | طاء-فتحة | ألف | لام-كسرة | ياء-شدة-فتحة | تاء مربوطة	['Alternative form of إِيطَالِيَا (ʔīṭāliyā, “Italy”)']
148	44251	328	إيطالية	italian_N	4	إِيطَالِيَّة	adj	0	0	همزة تحت الألف-كسرة | ياء | طاء-فتحة | ألف | لام-كسرة | ياء-شدة-فتحة | تاء مربوطة	['feminine singular of إِيطَالِيّ (ʔīṭāliyy, “Italian”)']
149	44251	329	إيطالية	italian_N	4	إِيطَالِيَّة	noun	0	0	همزة تحت الألف-كسرة | ياء | طاء-فتحة | ألف | لام-كسرة | ياء-شدة-فتحة | تاء مربوطة	['female equivalent of إِيطَالِيّ (ʔīṭāliyy, “Italian”):, female equivalent of إِيطَالِيّ (ʔīṭāliyy, “Italian”) / female equivalent of إِيطَالِيّ (ʔīṭāliyy, “Italian”):, Italian woman']
150	44251	330	إيطالية	italian_N	4	إِيطَالِيَّة	noun	1	0	همزة تحت الألف-كسرة | ياء | طاء-فتحة | ألف | لام-كسرة | ياء-شدة-فتحة | تاء مربوطة	['Italian language']
151	45585	4090	كم	kilometre_1_N	6	كَمْ	adv	0	0	كاف-فتحة | ميم-سكون	['how many?, how much? (used with accusative noun) / how many!, how much! (used with مِنْ (min))']
152	45585	4091	كم	kilometre_1_N	6	كَمّ	noun	0	0	كاف-فتحة | ميم-شدة	['quantity, multitude / quantum']
153	45585	4092	كم	kilometre_1_N	6	ـكُمْ	pron	0	0	تطويل | كاف-ضمة | ميم-سكون	['you, your (masculine plural) (bound object pronoun)']
154	45585	4093	كم	kilometre_1_N	6	كَمَّ	verb	0	0	كاف-فتحة | ميم-شدة-فتحة	['to cover up, to close up by enveloping, to muzzle']
155	45585	4094	كم	kilometre_1_N	6	كِمّ	noun	0	0	كاف-كسرة | ميم-شدة	['calyx of a flower, the envelope or spathe of a palm-tree or the like']
156	45585	4095	كم	kilometre_1_N	6	كُمّ	noun	0	0	كاف-ضمة | ميم-شدة	['sleeve of a garment']
157	45634	695	ملك	king_1_N	10	مَلِك	noun	1	0	ميم-فتحة | لام-كسرة | كاف	['king, sovereign, monarch']
158	45634	696	ملك	king_1_N	10	مُلْك	noun	0	0	ميم-ضمة | لام-سكون | كاف	['verbal noun of مَلَكَ (malaka) (form I) / rule, reign, supreme authority, dominion, dominance, sway, power / sovereignty, kingship, royalty / monarchy']
159	45634	697	ملك	king_1_N	10	مِلْك	noun	0	0	ميم-كسرة | لام-سكون | كاف	['verbal noun of مَلَكَ (malaka) (form I) / property, possession, goods and chattels, fortune, wealth / estate / real estate, landed property']
160	45634	698	ملك	king_1_N	10	مَلَكَ	verb	0	0	ميم-فتحة | لام-فتحة | كاف-فتحة	['to take in possession, to take over, to acquire, to seize / to possess, to lay hold, to own, to have, to be the owner / to dominate, to control / to be the master / to be capable, to be able, to be in a position to / to rule, to reign, to exercise authority, to hold sway, to lord over']
161	45634	699	ملك	king_1_N	10	مَلَّكَ	verb	0	0	ميم-فتحة | لام-شدة-فتحة | كاف-فتحة	['to make the owner / to put in possession / to transfer ownership, to assign, to make over, to convey / to make king']
162	45634	700	ملك	king_1_N	10	مَلَك	noun	0	0	ميم-فتحة | لام-فتحة | كاف	['angel']
163	45634	701	ملك	king_1_N	10	مَلَك	noun	0	0	ميم-فتحة | لام-فتحة | كاف	['possession, property / food and water, resources; anything which regulates, maintains, or sustains; essentials, supplies, utilities / foundation of ones existence / foundation of ones existence, agent or effective cause']
164	45634	702	ملك	king_1_N	10	مَلْك	noun	0	0	ميم-فتحة | لام-سكون | كاف	['verbal noun of مَلَكَ (malaka) (form I)']
165	45634	703	ملك	king_1_N	10	مُلَّك	noun	0	0	ميم-ضمة | لام-شدة-فتحة | كاف	['plural of مَالِك (mālik)']
166	45634	704	ملك	king_1_N	10	مُلَّك	adj	0	0	ميم-ضمة | لام-شدة-فتحة | كاف	['masculine plural of مَالِك (mālik)']
167	46486	4262	كبِير	large_1_A	2	كَبِير	adj	1	0	كاف-فتحة | باء-كسرة | ياء | راء	['big, large / great, great importance / old (for a person)']
168	46486	4263	كبِير	large_1_A	2	كَبِير	noun	0	0	كاف-فتحة | باء-كسرة | ياء | راء	['chief, leader']
169	46677	124663	لاتفي	latvian_N	2	لَاتْفِيّ	adj	0	1	لام-فتحة | ألف | تاء-سكون | فاء-كسرة | ياء-شدة	['Latvian']
170	46677	124663	لاتفي	latvian_N	2	لَاتْڤِيّ	adj	0	1	لام-فتحة | ألف | تاء-سكون | -كسرة | ياء-شدة	['Latvian']
171	46677	124664	لاتفي	latvian_N	2	لَاتْفِيّ	noun	1	0	لام-فتحة | ألف | تاء-سكون | فاء-كسرة | ياء-شدة	['Latvian man']
172	46677	124664	لاتفي	latvian_N	2	لَاتْڤِيّ	noun	0	0	لام-فتحة | ألف | تاء-سكون | -كسرة | ياء-شدة	['Latvian man']
173	46893	827	رئِيس	leader_1_N	2	رَئِيس	noun	1	0	راء-فتحة | همزة على الياء-كسرة | ياء | سين	['boss, chief, leader / director / headmaster, principal / chairman / governor / president / manager, superintendent / conductor / captain']
174	46893	828	رئِيس	leader_1_N	2	رَئِيس	adj	0	0	راء-فتحة | همزة على الياء-كسرة | ياء | سين	['main, chief, leading']
175	49027	1238	مُنْخَفِض	low_1_A	2	مُنْخَفِض	adj	1	0	ميم-ضمة | نون-سكون | خاء-فتحة | فاء-كسرة | ضاد	['low (altitude, frequency, price, etc.) / soft, low, subdued, muffled']
176	49027	1239	مُنْخَفِض	low_1_A	2	مُنْخَفَض	noun	0	0	ميم-ضمة | نون-سكون | خاء-فتحة | فاء-فتحة | ضاد	['depression, low ground']
177	51991	4970	عسْكرِي	military_2_A	2	عَسْكَرِيّ	adj	1	0	عين-فتحة | سين-سكون | كاف-فتحة | راء-كسرة | ياء-شدة	['military']
178	51991	4971	عسْكرِي	military_2_A	2	عَسْكَرِيّ	noun	0	0	عين-فتحة | سين-سكون | كاف-فتحة | راء-كسرة | ياء-شدة	['soldier / private / policeman / enlisted men']
179	52883	127092	ملكِيّة	monarchy_N	3	مِلْكِيَّة	noun	0	0	ميم-كسرة | لام-سكون | كاف-كسرة | ياء-شدة-فتحة | تاء مربوطة	['ownership, property']
180	52883	127093	ملكِيّة	monarchy_N	3	مَلَكِيَّة	noun	1	0	ميم-فتحة | لام-فتحة | كاف-كسرة | ياء-شدة-فتحة | تاء مربوطة	['monarchy']
181	52883	127094	ملكِيّة	monarchy_N	3	مَلَكِيَّة	adj	0	1	ميم-فتحة | لام-فتحة | كاف-كسرة | ياء-شدة-فتحة | تاء مربوطة	['feminine singular of مَلَكِيّ (malakiyy, “royal”)']
182	53331	3220	أُمّ	mother_1_N	6	أُمّ	noun	1	0	همزة على الألف-ضمة | ميم-شدة	['mother / origin / source']
183	53331	3221	أُمّ	mother_1_N	6	أَمْ	conj	0	0	همزة على الألف-فتحة | ميم-سكون	['indicates an exclusive disjunction introduced with أَ (ʔa), as in alternative questions / indicates an inclusive disjunction introduced with أَ (ʔa) that denotes sameness, indistinguishability, unimportance, insignificance, or indifference']
184	53331	3222	أُمّ	mother_1_N	6	أَمَّ	verb	0	0	همزة على الألف-فتحة | ميم-شدة-فتحة	['to go, to go to see, to repair (to a place)']
185	53331	3223	أُمّ	mother_1_N	6	أَمَّ	verb	0	0	همزة على الألف-فتحة | ميم-شدة-فتحة	['to lead the way, to lead by example / to lead the way, to lead by example, to lead in prayer']
186	53331	3224	أُمّ	mother_1_N	6	أَمّ	noun	0	0	همزة على الألف-فتحة | ميم-شدة	['verbal noun of أَمَّ (ʔamma) (form I)']
187	53331	3225	أُمّ	mother_1_N	6	أَمَّ	verb	0	0	همزة على الألف-فتحة | ميم-شدة-فتحة	['to become a mother']
188	53939	75	مسلم	muslim_A	4	مُسْلِم	noun	1	0	ميم-ضمة | سين-سكون | لام-كسرة | ميم	['Muslim']
189	53939	76	مسلم	muslim_A	4	مُسْلِم	adj	0	0	ميم-ضمة | سين-سكون | لام-كسرة | ميم	['Muslim / submitting, accepting, believing.']
190	53939	77	مسلم	muslim_A	4	مُسْلِم	name	0	0	ميم-ضمة | سين-سكون | لام-كسرة | ميم	['a male given name']
191	53939	78	مسلم	muslim_A	4	مُسَلَّم	adj	0	0	ميم-ضمة | سين-فتحة | لام-شدة-فتحة | ميم	['unimpaired, intact, unblemished, flawless / accepted, uncontested, incontestable, indisputable, incontrovertible']
192	55534	823	شمال	north_3_N	4	شِمَال	noun	0	0	شين-كسرة | ميم-فتحة | ألف | لام	['left hand / left side / bad omen / handful of ears']
193	55534	824	شمال	north_3_N	4	شِمَال	noun	0	0	شين-كسرة | ميم-فتحة | ألف | لام	['case, sheath, wrapping']
194	55534	825	شمال	north_3_N	4	شَمَال	noun	1	0	شين-فتحة | ميم-فتحة | ألف | لام	['north']
195	55534	826	شمال	north_3_N	4	شَمَال	noun	0	0	شين-فتحة | ميم-فتحة | ألف | لام	['north wind']
196	56486	22237	رسْمِيّ	official_1_A	3	رَسْمِيّ	adj	1	1	راء-فتحة | سين-سكون | ميم-كسرة | ياء-شدة	['official, legitimate / formal / normal / conventional, according to rule / ceremonial']
197	56486	22238	رسْمِيّ	official_1_A	3	رَسْمِيّ	noun	0	0	راء-فتحة | سين-سكون | ميم-كسرة | ياء-شدة	['official, public servant / pensioner, servant']
198	56486	22239	رسْمِيّ	official_1_A	3	رَسِّمِي	verb	0	0	راء-فتحة | سين-شدة-كسرة | ميم-كسرة | ياء	['second-person feminine singular active imperative of رَسَّمَ (rassama)']
199	56488	22237	رسمي	official_3_A	3	رَسْمِيّ	adj	1	1	راء-فتحة | سين-سكون | ميم-كسرة | ياء-شدة	['official, legitimate / formal / normal / conventional, according to rule / ceremonial']
200	56488	22238	رسمي	official_3_A	3	رَسْمِيّ	noun	0	0	راء-فتحة | سين-سكون | ميم-كسرة | ياء-شدة	['official, public servant / pensioner, servant']
201	56488	22239	رسمي	official_3_A	3	رَسِّمِي	verb	0	0	راء-فتحة | سين-شدة-كسرة | ميم-كسرة | ياء	['second-person feminine singular active imperative of رَسَّمَ (rassama)']
202	57340	114891	أُرْثُوذُكْسِيّ	orthodox_3_A	2	أُرْثُوذُكْسِيّ	noun	0	1	همزة على الألف-ضمة | راء-سكون | ثاء-ضمة | واو | ذال-ضمة | كاف-سكون | سين-كسرة | ياء-شدة	['Orthodox Christian, member of an Orthodox church / Orthodox Jew, adherent of Orthodox Judaism']
203	57340	114892	أُرْثُوذُكْسِيّ	orthodox_3_A	2	أُرْثُوذُكْسِيّ	adj	1	1	همزة على الألف-ضمة | راء-سكون | ثاء-ضمة | واو | ذال-ضمة | كاف-سكون | سين-كسرة | ياء-شدة	['Orthodox / Orthodox']
204	58889	127672	برلماني	parliamentary_2_A	2	بَرْلَمَانِيّ	adj	1	1	باء-فتحة | راء-سكون | لام-فتحة | ميم-فتحة | ألف | نون-كسرة | ياء-شدة	['parliamentary']
205	58889	127673	برلماني	parliamentary_2_A	2	بَرْلَمَانِيّ	noun	0	0	باء-فتحة | راء-سكون | لام-فتحة | ميم-فتحة | ألف | نون-كسرة | ياء-شدة	['parliamentarian']
206	63727	827	رئِيس	presidentFem_3_N	2	رَئِيس	noun	1	0	راء-فتحة | همزة على الياء-كسرة | ياء | سين	['boss, chief, leader / director / headmaster, principal / chairman / governor / president / manager, superintendent / conductor / captain']
207	63727	828	رئِيس	presidentFem_3_N	2	رَئِيس	adj	0	0	راء-فتحة | همزة على الياء-كسرة | ياء | سين	['main, chief, leading']
208	63733	827	رئِيس	presidentMasc_3_N	2	رَئِيس	noun	1	0	راء-فتحة | همزة على الياء-كسرة | ياء | سين	['boss, chief, leader / director / headmaster, principal / chairman / governor / president / manager, superintendent / conductor / captain']
209	63733	828	رئِيس	presidentMasc_3_N	2	رَئِيس	adj	0	0	راء-فتحة | همزة على الياء-كسرة | ياء | سين	['main, chief, leading']
210	66045	203	مَلِكَة	queen_2_N	2	مَلِكَة	noun	1	0	ميم-فتحة | لام-كسرة | كاف-فتحة | تاء مربوطة	['queen']
211	66045	204	مَلِكَة	queen_2_N	2	مَلَكَة	noun	0	0	ميم-فتحة | لام-فتحة | كاف-فتحة | تاء مربوطة	['possession / acquisition / attainment, acquired skill or quality, talent, virtue / habit, custom / slavery']
212	66789	4646	وَضَعَ	rank_2_V2	2	وَضَعَ	verb	0	0	واو-فتحة | ضاد-فتحة | عين-فتحة	['to put; to lay; to place; to set; to position; to install; to implant / to lump, to group; to put together / to lump, to group; to put together, to lay and cluster (eggs) in a nest / to store away, to stow away, to deposit; to put down, to lay down / to stop holding or using (a tool or an instrument, such as a weapon), to put away or down, to lay down; to put aside, to cancel (a law, a regulation, and so on), to abrogate; to set aside / to stop holding or using (a tool or an instrument, such as a weapon), to put away or down, to lay down; to put aside, to remove (clothes); to put off or down, to lay off or down, to doff; to take off / to stop holding or using (a tool or an instrument, such as a weapon), to put away or down, to lay down; to put aside, to give birth to (a baby), to deliver, to bear / to posit (a law, a regulation, and so on); to impose; to set down, to lay down / to posit (a law, a regulation, and so on); to impose; to set down, to lay down, to posit (an explanation, a theory, and so on); to propose, to set forth; to put down / to add / to add, to interpose (something, as in a text or a literature, especially falsely), to insert; to interpolate; to put in / to see or treat as lowly, to demean']
213	66789	4647	وَضَعَ	rank_2_V2	2	وَضْع	noun	0	0	واو-فتحة | ضاد-سكون | عين	['verbal noun of وَضَعَ (waḍaʕa) (form I) / putting down, putting, setting / humiliation, deposition / parturition / miscarriage / creating, inventing, composing / position, site / situation / attitude, behavior, manners / proceeding, way of acting / case / plan, intention / external form, figure, shape / institute, establishment / literary composition, work / subtraction, abatement']
214	66938	23164	سِعْر	rate_2_N	3	سِعْر	noun	1	0	سين-كسرة | عين-سكون | راء	['price / quote (a summary of work to be done with a set price)']
215	66938	23165	سِعْر	rate_2_N	3	سَعَّرَ	verb	0	0	سين-فتحة | عين-شدة-فتحة | راء-فتحة	['']
216	66938	23166	سِعْر	rate_2_N	3	سُعْر	noun	0	0	سين-ضمة | عين-سكون | راء	['voracious hunger / infection']
217	66942	23963	معدل	rate_4_N	2	مُعَدَّل	adj	0	0	ميم-ضمة | عين-فتحة | دال-شدة-فتحة | لام	['average']
218	66942	23964	معدل	rate_4_N	2	مُعَدَّل	noun	1	0	ميم-ضمة | عين-فتحة | دال-شدة-فتحة | لام	['rate / average']
219	68239	24267	قَيِّم	regent_1_N	3	قَيِّم	adj	0	0	قاف-فتحة | ياء-شدة-كسرة | ميم	['valuable, worthy']
220	68239	24268	قَيِّم	regent_1_N	3	قِيَم	noun	0	0	قاف-كسرة | ياء-فتحة | ميم	['plural of قِيمَة (qīma)']
221	68239	24269	قَيِّم	regent_1_N	3	قِيمَ	verb	0	0	قاف-كسرة | ياء | ميم-فتحة	['third-person masculine singular past passive of قَامَ (qāma)']
222	68607	877	دِين	religion_2_N	5	دِين	noun	1	0	دال-كسرة | ياء | نون	['verbal noun of دَانَ (dāna, “to be religious”) (form I) / religion, creed, credo, faith, conviction, belief, tenet, rite / conformism, conformance, conformity, compliance, fealty, obedience; God-fearingness, godliness, religiosity, devoutness / law, obligations, duty / custom, habit / judgement, decision, ruling, requital, compensation, indemnification / judgement, decision, ruling, credit, obligation, account, falling due of a debt']
223	68607	878	دِين	religion_2_N	5	دَيِّن	adj	0	0	دال-فتحة | ياء-شدة-كسرة | نون	['religious, pious, godly, God-fearing, devout']
224	68607	879	دِين	religion_2_N	5	دَيَّنَ	verb	0	0	دال-فتحة | ياء-شدة-فتحة | نون-فتحة	['to loan, to lend, to advance']
225	68607	880	دِين	religion_2_N	5	دَيْن	noun	0	0	دال-فتحة | ياء-سكون | نون	['verbal noun of دَانَ (dāna) (form I) / debt, debit, liability, pecuniary, obligation, financial claim']
226	68607	881	دِين	religion_2_N	5	دِينَ	verb	0	0	دال-كسرة | ياء | نون-فتحة	['third-person masculine singular past passive of دَانَ (dāna)']
227	69144	5003	جمهورية	republic_2_N	3	جُمْهُورِيَّة	noun	1	0	جيم-ضمة | ميم-سكون | هاء-ضمة | واو | راء-كسرة | ياء-شدة-فتحة | تاء مربوطة	['republicanism / republic']
228	69144	5004	جمهورية	republic_2_N	3	جُمْهُورِيَّة	noun	0	0	جيم-ضمة | ميم-سكون | هاء-ضمة | واو | راء-كسرة | ياء-شدة-فتحة | تاء مربوطة	['female equivalent of جُمْهُورِيّ (jumhūriyy)']
229	69144	5005	جمهورية	republic_2_N	3	جُمْهُورِيَّة	adj	0	1	جيم-ضمة | ميم-سكون | هاء-ضمة | واو | راء-كسرة | ياء-شدة-فتحة | تاء مربوطة	['feminine singular of جُمْهُورِيّ (jumhūriyy)']
230	71636	5691	روسي	russian_N	2	رُوسِيّ	adj	0	1	راء-ضمة | واو | سين-كسرة | ياء-شدة	['Russian']
231	71636	5692	روسي	russian_N	2	رُوسِيّ	noun	1	0	راء-ضمة | واو | سين-كسرة | ياء-شدة	['Russian']
232	75568	8035	عرض	show_2_V2	12	Audio عَرَضَ	verb	1	0	" |  |  |  |  |  | عين-فتحة | راء-فتحة | ضاد-فتحة"	['to appear / to happen, to occur / to show, to display, to present / to expose']
233	75568	8036	عرض	show_2_V2	12	عَرُضَ	verb	0	0	عين-فتحة | راء-ضمة | ضاد-فتحة	['to be or become wide']
234	75568	8037	عرض	show_2_V2	12	عُرِضَ	verb	0	0	عين-ضمة | راء-كسرة | ضاد-فتحة	['to be seized by madness']
235	75568	8038	عرض	show_2_V2	12	عَرَّضَ	verb	0	0	عين-فتحة | راء-شدة-فتحة | ضاد-فتحة	['to broaden, to widen, to enlarge / to place one thing opposite another / to offer, to expose, to hand, to exchange / to write indistinctly, illegibly, to merely hint, to speak obscurely, to write phrases susceptible to multiple meanings or to write letters not distinct / to defame, to slander, to abuse / to underdo the meat / to mark the camel at the hoof / to circumcise children / to become possessed by power of speech, to be eloquent']
236	75568	8039	عرض	show_2_V2	12	عَرْض	noun	0	0	عين-فتحة | راء-سكون | ضاد	['verbal noun of عَرِضَ (ʕariḍa) (form I) / verbal noun of عَرَضَ (ʕaraḍa) (form I) / happening, event / presentation, representation / show, exhibition / review / review of souls, last judgment / memoir, petition / offer, proposition, motion / side / collection of clouds / commodity / goods, merchandise, movables']
237	75568	8040	عرض	show_2_V2	12	عَرْض	noun	0	0	عين-فتحة | راء-سكون | ضاد	['breadth, width / latitude / midst, middle']
238	75568	8041	عرض	show_2_V2	12	عَرْض	noun	0	0	عين-فتحة | راء-سكون | ضاد	['mountain / base of a mountain']
239	75568	8042	عرض	show_2_V2	12	عَرْض	noun	0	0	عين-فتحة | راء-سكون | ضاد	['army / locusts']
240	75568	8043	عرض	show_2_V2	12	عَرْض	noun	0	0	عين-فتحة | راء-سكون | ضاد	['verbal noun of عُرِضَ (ʕuriḍa) (form I) / compensation, substitute / madness, possession by a jinn / hour']
241	75568	8044	عرض	show_2_V2	12	عَرَض	noun	0	0	عين-فتحة | راء-فتحة | ضاد	['symptom, characteristic, accident as opposed to substance, what exposes another thing to view, manifestation']
242	75568	8045	عرض	show_2_V2	12	عِرْض	noun	0	0	عين-كسرة | راء-سكون | ضاد	['tract, quarter, low land / blame, attribution of vice, reproach, reputation']
243	75568	8046	عرض	show_2_V2	12	عِرَض	noun	0	0	عين-كسرة | راء-فتحة | ضاد	['verbal noun of عَرُضَ (ʕaruḍa) (form I)']
244	78344	2177	جنُوب	south_3_N	3	جَنُوب	noun	1	0	جيم-فتحة | نون-ضمة | واو | باء	['south']
245	78344	2178	جنُوب	south_3_N	3	جُنُوب	noun	0	0	جيم-ضمة | نون-ضمة | واو | باء	['plural of جَنْب (janb)']
246	78344	2179	جنُوب	south_3_N	3	جُنُوب	noun	0	0	جيم-ضمة | نون-ضمة | واو | باء	['verbal noun of جَنَبَ (janaba) (form I)']
247	78499	25931	إسباني	spanish_N	2	إِسْبَانِيّ	adj	0	1	همزة تحت الألف-كسرة | سين-سكون | باء-فتحة | ألف | نون-كسرة | ياء-شدة	['Spanish']
248	78499	25932	إسباني	spanish_N	2	إِسْبَانِيّ	noun	1	0	همزة تحت الألف-كسرة | سين-سكون | باء-فتحة | ألف | نون-كسرة | ياء-شدة	['Spaniard']
249	78616	6248	تكلم	speak_3_V2	8	تَكَلَّمَ	verb	1	0	تاء-فتحة | كاف-فتحة | لام-شدة-فتحة | ميم-فتحة	['to talk, to have a discussion or conversation']
250	78616	6249	تكلم	speak_3_V2	8	تَكَلُّم	noun	0	0	تاء-فتحة | كاف-فتحة | لام-شدة-ضمة | ميم	['verbal noun of تَكَلَّمَ (takallama) (form V) / talking, discussion, conversation']
251	78616	6250	تكلم	speak_3_V2	8	تُكَلِّمُ	verb	0	0	تاء-ضمة | كاف-فتحة | لام-شدة-كسرة | ميم-ضمة	['second-person masculine singular non-past active indicative of كَلَّمَ (kallama) / third-person feminine singular non-past active indicative of كَلَّمَ (kallama)']
252	78616	6251	تكلم	speak_3_V2	8	تُكَلِّمَ	verb	0	0	تاء-ضمة | كاف-فتحة | لام-شدة-كسرة | ميم-فتحة	['second-person masculine singular non-past active subjunctive of كَلَّمَ (kallama) / third-person feminine singular non-past active subjunctive of كَلَّمَ (kallama)']
253	78616	6252	تكلم	speak_3_V2	8	تُكَلِّمْ	verb	0	0	تاء-ضمة | كاف-فتحة | لام-شدة-كسرة | ميم-سكون	['second-person masculine singular non-past active jussive of كَلَّمَ (kallama) / third-person feminine singular non-past active jussive of كَلَّمَ (kallama)']
254	78616	6253	تكلم	speak_3_V2	8	تُكَلَّمُ	verb	0	0	تاء-ضمة | كاف-فتحة | لام-شدة-فتحة | ميم-ضمة	['second-person masculine singular non-past passive indicative of كَلَّمَ (kallama) / third-person feminine singular non-past passive indicative of كَلَّمَ (kallama)']
255	78616	6254	تكلم	speak_3_V2	8	تُكَلَّمَ	verb	0	0	تاء-ضمة | كاف-فتحة | لام-شدة-فتحة | ميم-فتحة	['second-person masculine singular non-past passive subjunctive of كَلَّمَ (kallama) / third-person feminine singular non-past passive subjunctive of كَلَّمَ (kallama)']
256	78616	6255	تكلم	speak_3_V2	8	تُكَلَّمْ	verb	0	0	تاء-ضمة | كاف-فتحة | لام-شدة-فتحة | ميم-سكون	['second-person masculine singular non-past passive jussive of كَلَّمَ (kallama) / third-person feminine singular non-past passive jussive of كَلَّمَ (kallama)']
257	79531	2787	مربع	square_1_A	3	مُرَبَّع	noun	0	0	ميم-ضمة | راء-فتحة | باء-شدة-فتحة | عين	['square, quadrangular piece / quartet']
258	79531	2788	مربع	square_1_A	3	مُرَبَّع	adj	1	0	ميم-ضمة | راء-فتحة | باء-شدة-فتحة | عين	['square, quadratic / fourfold, quadruple / tetragonal, quadrangular']
259	79531	2789	مربع	square_1_A	3	مَرْبَع	noun	0	0	ميم-فتحة | راء-سكون | باء-فتحة | عين	['meadow / pasture']
260	80047	3927	نشاء	starch_1_N	6	نَشَاء	noun	1	0	نون-فتحة | شين-فتحة | ألف | همزة	['starch, cornstarch, farina']
261	80047	3928	نشاء	starch_1_N	6	نَشَاء	noun	0	0	نون-فتحة | شين-فتحة | ألف | همزة	['verbal noun of نَشَأَ (našaʔa) (form I)']
262	80047	3929	نشاء	starch_1_N	6	نَشَاءُ	verb	0	0	نون-فتحة | شين-فتحة | ألف | همزة-ضمة	['first-person plural non-past active indicative of شَاءَ (šāʔa)']
263	80047	3930	نشاء	starch_1_N	6	نَشَاءَ	verb	0	0	نون-فتحة | شين-فتحة | ألف | همزة-فتحة	['first-person plural non-past active subjunctive of شَاءَ (šāʔa)']
264	80047	3931	نشاء	starch_1_N	6	نُشَاءُ	verb	0	0	نون-ضمة | شين-فتحة | ألف | همزة-ضمة	['first-person plural non-past passive indicative of شَاءَ (šāʔa)']
265	80047	3932	نشاء	starch_1_N	6	نُشَاءَ	verb	0	0	نون-ضمة | شين-فتحة | ألف | همزة-فتحة	['first-person plural non-past passive subjunctive of شَاءَ (šāʔa)']
266	82083	20863	نجح	succeed_V2	2	نَجَحَ	verb	1	0	نون-فتحة | جيم-فتحة | حاء-فتحة	['to succeed, to be successful']
267	82083	20864	نجح	succeed_V2	2	نَجْح	noun	0	0	نون-فتحة | جيم-سكون | حاء	['verbal noun of نَجَحَ (najaḥa) (form I)']
268	84296	1792	رسْم	tax_N	3	Audio رَسَمَ	verb	0	0	" |  |  |  |  |  | راء-فتحة | سين-فتحة | ميم-فتحة"	['to draw, to trace, to sketch, to depict, to portray, to outline, to paint / to record, to enter, to mark, to indicate']
269	84296	1793	رسْم	tax_N	3	رَسَّمَ	verb	0	0	راء-فتحة | سين-شدة-فتحة | ميم-فتحة	['to enter, to mark, to indicate / to appoint (to public office)']
270	84296	1794	رسْم	tax_N	3	رَسْم	noun	0	0	راء-فتحة | سين-سكون | ميم	['verbal noun of رَسَمَ (rasama) (form I) / sketch, drawing, painting, picture, portrait, outline, chart / pattern, structure, design / rasm (Arabic writing without dots) / trace, spoor / tradition, custom / rate, levy, imposition']
271	84927	10668	إِرْهابِيّ	terrorist_N	2	إِرْهَابِيّ	noun	1	0	همزة تحت الألف-كسرة | راء-سكون | هاء-فتحة | ألف | باء-كسرة | ياء-شدة	['terrorist']
272	84927	10669	إِرْهابِيّ	terrorist_N	2	إِرْهَابِيّ	adj	0	0	همزة تحت الألف-كسرة | راء-سكون | هاء-فتحة | ألف | باء-كسرة | ياء-شدة	['terrorist']
273	85050	205	تايلاندي	thai_N	3	تَايْلَانْدِيّ	adj	0	0	تاء-فتحة | ألف | ياء-سكون | لام-فتحة | ألف | نون-سكون | دال-كسرة | ياء-شدة	['Thai']
274	85050	206	تايلاندي	thai_N	3	تَايْلَانْدِيّ	noun	1	0	تاء-فتحة | ألف | ياء-سكون | لام-فتحة | ألف | نون-سكون | دال-كسرة | ياء-شدة	['Thai language']
275	85050	207	تايلاندي	thai_N	3	تَايْلَانْدِيّ	noun	0	0	تاء-فتحة | ألف | ياء-سكون | لام-فتحة | ألف | نون-سكون | دال-كسرة | ياء-شدة	['Thai man']
276	86624	23237	مجموع	total_1_A	2	مَجْمُوع	adj	1	0	ميم-فتحة | جيم-سكون | ميم-ضمة | واو | عين	['united / reconciled']
277	86624	23238	مجموع	total_1_A	2	مَجْمُوع	noun	0	0	ميم-فتحة | جيم-سكون | ميم-ضمة | واو | عين	['sum, crowd']
278	88263	303	تركية	turkish_N	3	تُرْكِيَّة	adj	0	1	تاء-ضمة | راء-سكون | كاف-كسرة | ياء-شدة-فتحة | تاء مربوطة	['feminine singular of تُرْكِيّ (turkiyy, “Turkish”)']
279	88263	304	تركية	turkish_N	3	تُرْكِيَّة	noun	0	0	تاء-ضمة | راء-سكون | كاف-كسرة | ياء-شدة-فتحة | تاء مربوطة	['female equivalent of تُرْكِيّ (turkiyy, “Turk”):, female equivalent of تُرْكِيّ (turkiyy, “Turk”) / female equivalent of تُرْكِيّ (turkiyy, “Turk”):, Turkish woman']
280	88263	305	تركية	turkish_N	3	تُرْكِيَّة	noun	1	0	تاء-ضمة | راء-سكون | كاف-كسرة | ياء-شدة-فتحة | تاء مربوطة	['Turkish language']
281	93157	842	ماء	water_1_N	2	مَاء	noun	1	0	ميم-فتحة | ألف | همزة	['water / liquid, fluid, the liquefied or molten form of a metal (usually gold, silver, or copper) / liquid, fluid, conceptive fluid; ejaculation']
282	93157	843	ماء	water_1_N	2	مَاءَ	verb	0	0	ميم-فتحة | ألف | همزة-فتحة	['to meow']
283	93660	5760	غرْب	west_2_N	8	غَرَبَ	verb	0	0	غين-فتحة | راء-فتحة | باء-فتحة	['to go away, depart, withdraw, leave']
284	93660	5761	غرْب	west_2_N	8	غَرَبَ	verb	0	0	غين-فتحة | راء-فتحة | باء-فتحة	['to set (of the sun, moon, etc.)']
285	93660	5762	غرْب	west_2_N	8	غَرُبَ	verb	0	0	غين-فتحة | راء-ضمة | باء-فتحة	['to be a stranger / to be strange, odd, obscure, difficult to understand']
286	93660	5763	غرْب	west_2_N	8	غَرَّبَ	verb	0	0	غين-فتحة | راء-شدة-فتحة | باء-فتحة	['to go away, depart, withdraw, leave / to go west, westward / to banish, exile, expatriate']
287	93660	5764	غرْب	west_2_N	8	غَرْب	noun	1	0	غين-فتحة | راء-سكون | باء	['verbal noun of غَرَبَ (ḡaraba) (form I) / west, occident / vehemence, violence, tempestuousness']
288	93660	5765	غرْب	west_2_N	8	غَرَب	noun	0	0	غين-فتحة | راء-فتحة | باء	['the disease of an abscess in the canthus of the eye, lachrymal fistula']
289	93660	5766	غرْب	west_2_N	8	غَرَب	noun	0	0	غين-فتحة | راء-فتحة | باء	['Euphrates poplar (Populus euphratica) / willow (Salix spp.)']
290	93660	5767	غرْب	west_2_N	8	غُرْب	noun	0	0	غين-ضمة | راء-سكون | باء	['plural of غُرَاب (ḡurāb)']
291	94878	1072	عالم	world_1_N	2	عَالَم	noun	1	0	عين-فتحة | ألف | لام-فتحة | ميم	['world / universe, cosmos, existence / world, hereunder, worldly life / things, creation, that which exists before you / nation, people, group, type, or kind']
292	94878	1073	عالم	world_1_N	2	عَالِم	noun	0	0	عين-فتحة | ألف | لام-كسرة | ميم	['scholar, man of letters, scientist / knowledgeable person, savant']
293	94882	1072	عالم	world_5_N	2	عَالَم	noun	1	0	عين-فتحة | ألف | لام-فتحة | ميم	['world / universe, cosmos, existence / world, hereunder, worldly life / things, creation, that which exists before you / nation, people, group, type, or kind']
294	94882	1073	عالم	world_5_N	2	عَالِم	noun	0	0	عين-فتحة | ألف | لام-كسرة | ميم	['scholar, man of letters, scientist / knowledgeable person, savant']
295	95265	371	سنة	year_1_N	3	سَنَة	noun	1	0	سين-فتحة | نون-فتحة | تاء مربوطة	['year']
296	95265	372	سنة	year_1_N	3	سِنَة	noun	0	0	سين-كسرة | نون-فتحة | تاء مربوطة	['drowsiness / slumber; nap']
297	95265	373	سنة	year_1_N	3	سُنَّة	noun	0	0	سين-ضمة | نون-شدة-فتحة | تاء مربوطة	['a usual, recurrent, continual, determinable, or constant thing, a common, habitual, popularized, or enforced practice; a custom, convention, or ritual; a social norm or standard / a usual, recurrent, continual, determinable, or constant thing, the conduct, habits, behavior, or mannerisms of a person (viewed collectively) / a usual, recurrent, continual, determinable, or constant thing, a determinate or predetermined universal law (either normative or historical) / a narrative attributed to an Islamic religious figure (typically Prophet Muhammad), a tradition; a hadith / a narrative attributed to an Islamic religious figure (typically Prophet Muhammad), a tradition; a hadith, the body of narratives attributed to Islamic religious figures (viewed collectively) / a religiously canonized tradition or practice, the set of canonical traditions whence orthodoxy and orthopraxy are derived (viewed collectively) / a religiously canonized tradition or practice, adherence to the religious traditions, traditionalism; orthodoxy and orthopraxy / a religiously canonized tradition or practice, a traditional religious practice for which there is a divine reward but for whose omission there is no punishment, a commendable supererogatory act often done as an expression of faith, a religious work of supererogation / the Sunni sect or the adherents thereof (viewed collectively); Sunnism / an image, a form, an appearance, a look']
298	95318	21836	ين	yen_2_N	2	ـِينَ	suffix	0	0	تطويل-كسرة | ياء | نون-فتحة	['Oblique form, i.e. genitive and accusative form, of ـُونَ (-ūna, plural suffix). The corresponding construct form is ـِي (-ī).']
299	95318	21837	ين	yen_2_N	2	ـَيْنِ	suffix	0	0	تطويل-فتحة | ياء-سكون | نون-كسرة	['Oblique form of ـَانِ (-āni, dual suffix). The corresponding construct form is ـَيْ (-ay).']
