wordnet_entry	translation	status	phrase	masc	pnt	concrete_n	concrete_pn	abstract_n	abstract_pn
adam_GN	آدم	google-translated	0	1.0	GN		"lin 'آدم_gn_PN' = mkPN ""آدم_N"" masc hum;"		fun 'آدم_gn_PN' : PN ;
adrian_GN	أدريان	google-translated	0	1.0	GN		"lin 'أدريان_gn_PN' = mkPN ""أدريان_N"" masc hum;"		fun 'أدريان_gn_PN' : PN ;
agatha_GN	أجاثا	google-translated	0		GN		"lin 'أجاثا_gn_PN' = mkPN ""أجاثا_N"" fem hum;"		fun 'أجاثا_gn_PN' : PN ;
aggie_GN	آجي	google-translated	0	1.0	GN		"lin 'آجي_gn_PN' = mkPN ""آجي_N"" masc hum;"		fun 'آجي_gn_PN' : PN ;
agnes_GN	أغنيس	google-translated	0		GN		"lin 'أغنيس_gn_PN' = mkPN ""أغنيس_N"" fem hum;"		fun 'أغنيس_gn_PN' : PN ;
alan_GN	آلان	google-translated	0	1.0	GN		"lin 'آلان_gn_PN' = mkPN ""آلان_N"" masc hum;"		fun 'آلان_gn_PN' : PN ;
albert_GN	ألبرت	google-translated	0	1.0	GN		"lin 'ألبرت_gn_PN' = mkPN ""ألبرت_N"" masc hum;"		fun 'ألبرت_gn_PN' : PN ;
alex_GN	أليكس	google-translated	0	1.0	GN		"lin 'أليكس_gn_PN' = mkPN ""أليكس_N"" masc hum;"		fun 'أليكس_gn_PN' : PN ;
alexandra_GN	الكسندرا	google-translated	0		GN		"lin 'الكسندرا_gn_PN' = mkPN ""الكسندرا_N"" fem hum;"		fun 'الكسندرا_gn_PN' : PN ;
alf_GN	ألف	google-translated	0	1.0	GN		"lin 'ألف_gn_PN' = mkPN ""ألف_N"" masc hum;"		fun 'ألف_gn_PN' : PN ;
alfred_GN	ألفريد	google-translated	0	1.0	GN		"lin 'ألفريد_gn_PN' = mkPN ""ألفريد_N"" masc hum;"		fun 'ألفريد_gn_PN' : PN ;
alice_GN	أليس	google-translated	0		GN		"lin 'أليس_gn_PN' = mkPN ""أليس_N"" fem hum;"		fun 'أليس_gn_PN' : PN ;
alison_GN	أليسون	google-translated	0		GN		"lin 'أليسون_gn_PN' = mkPN ""أليسون_N"" fem hum;"		fun 'أليسون_gn_PN' : PN ;
allan_GN	آلان	google-translated	0	1.0	GN		"lin 'آلان_gn_PN' = mkPN ""آلان_N"" masc hum;"		fun 'آلان_gn_PN' : PN ;
amanda_GN	أماندا	google-translated	0		GN		"lin 'أماندا_gn_PN' = mkPN ""أماندا_N"" fem hum;"		fun 'أماندا_gn_PN' : PN ;
amy_GN	إيمي	google-translated	0		GN		"lin 'إيمي_gn_PN' = mkPN ""إيمي_N"" fem hum;"		fun 'إيمي_gn_PN' : PN ;
andy_GN	آندي	google-translated	0	1.0	GN		"lin 'آندي_gn_PN' = mkPN ""آندي_N"" masc hum;"		fun 'آندي_gn_PN' : PN ;
angela_GN	أنجيلا	google-translated	0		GN		"lin 'أنجيلا_gn_PN' = mkPN ""أنجيلا_N"" fem hum;"		fun 'أنجيلا_gn_PN' : PN ;
angie_GN	أنجي	google-translated	0	1.0	GN		"lin 'أنجي_gn_PN' = mkPN ""أنجي_N"" masc hum;"		fun 'أنجي_gn_PN' : PN ;
anita_GN	أنيتا	google-translated	0		GN		"lin 'أنيتا_gn_PN' = mkPN ""أنيتا_N"" fem hum;"		fun 'أنيتا_gn_PN' : PN ;
ann_GN	آن	google-translated	0		GN		"lin 'آن_gn_PN' = mkPN ""آن_N"" fem hum;"		fun 'آن_gn_PN' : PN ;
anna_GN	آنا	google-translated	0		GN		"lin 'آنا_gn_PN' = mkPN ""آنا_N"" fem hum;"		fun 'آنا_gn_PN' : PN ;
annabel_GN	أنابيل	google-translated	0		GN		"lin 'أنابيل_gn_PN' = mkPN ""أنابيل_N"" fem hum;"		fun 'أنابيل_gn_PN' : PN ;
anne_GN	آن	google-translated	0		GN		"lin 'آن_gn_PN' = mkPN ""آن_N"" fem hum;"		fun 'آن_gn_PN' : PN ;
annie_GN	آني	google-translated	0		GN		"lin 'آني_gn_PN' = mkPN ""آني_N"" fem hum;"		fun 'آني_gn_PN' : PN ;
anon_GN	آنون		0	1.0	GN		"lin 'آنون_gn_PN' = mkPN ""آنون_N"" masc hum;"		fun 'آنون_gn_PN' : PN ;
anthea_GN	أنثيا	google-translated	0		GN		"lin 'أنثيا_gn_PN' = mkPN ""أنثيا_N"" fem hum;"		fun 'أنثيا_gn_PN' : PN ;
arnold_GN	أرنولد	google-translated	0	1.0	GN		"lin 'أرنولد_gn_PN' = mkPN ""أرنولد_N"" masc hum;"		fun 'أرنولد_gn_PN' : PN ;
art_GN	آرت		0	1.0	GN		"lin 'آرت_gn_PN' = mkPN ""آرت_N"" masc hum;"		fun 'آرت_gn_PN' : PN ;
artie_GN	أرتي	google-translated	0	1.0	GN		"lin 'أرتي_gn_PN' = mkPN ""أرتي_N"" masc hum;"		fun 'أرتي_gn_PN' : PN ;
audrey_GN	أودري	google-translated	0	1.0	GN		"lin 'أودري_gn_PN' = mkPN ""أودري_N"" masc hum;"		fun 'أودري_gn_PN' : PN ;
babs_GN	بابس	google-translated	0		GN		"lin 'بابس_gn_PN' = mkPN ""بابس_N"" fem hum;"		fun 'بابس_gn_PN' : PN ;
barbara_GN	باربرا	google-translated	0		GN		"lin 'باربرا_gn_PN' = mkPN ""باربرا_N"" fem hum;"		fun 'باربرا_gn_PN' : PN ;
beatrice_GN	بياتريس	google-translated	0		GN		"lin 'بياتريس_gn_PN' = mkPN ""بياتريس_N"" fem hum;"		fun 'بياتريس_gn_PN' : PN ;
belinda_GN	بليندا	google-translated	0		GN		"lin 'بليندا_gn_PN' = mkPN ""بليندا_N"" fem hum;"		fun 'بليندا_gn_PN' : PN ;
bella_GN	بيلا	google-translated	0		GN		"lin 'بيلا_gn_PN' = mkPN ""بيلا_N"" fem hum;"		fun 'بيلا_gn_PN' : PN ;
belle_GN	بِل		0		GN		"lin 'بِل_gn_PN' = mkPN ""بِل_N"" fem hum;"		fun 'بِل_gn_PN' : PN ;
ben_GN	بن	google-translated	0	1.0	GN		"lin 'بن_gn_PN' = mkPN ""بن_N"" masc hum;"		fun 'بن_gn_PN' : PN ;
bernie_GN	بيرني	google-translated	0	1.0	GN		"lin 'بيرني_gn_PN' = mkPN ""بيرني_N"" masc hum;"		fun 'بيرني_gn_PN' : PN ;
bert_GN	بيرت	google-translated	0	1.0	GN		"lin 'بيرت_gn_PN' = mkPN ""بيرت_N"" masc hum;"		fun 'بيرت_gn_PN' : PN ;
bertie_GN	بيرتي	google-translated	0	1.0	GN		"lin 'بيرتي_gn_PN' = mkPN ""بيرتي_N"" masc hum;"		fun 'بيرتي_gn_PN' : PN ;
beryl_GN	البريل	google-translated	0	1.0	GN		"lin 'البريل_gn_PN' = mkPN ""البريل_N"" masc hum;"		fun 'البريل_gn_PN' : PN ;
bess_GN	بيس	google-translated	0		GN		"lin 'بيس_gn_PN' = mkPN ""بيس_N"" fem hum;"		fun 'بيس_gn_PN' : PN ;
bessie_GN	بيسي	google-translated	0		GN		"lin 'بيسي_gn_PN' = mkPN ""بيسي_N"" fem hum;"		fun 'بيسي_gn_PN' : PN ;
betsy_GN	بيتسي	google-translated	0		GN		"lin 'بيتسي_gn_PN' = mkPN ""بيتسي_N"" fem hum;"		fun 'بيتسي_gn_PN' : PN ;
betty_GN	بيتي	google-translated	0		GN		"lin 'بيتي_gn_PN' = mkPN ""بيتي_N"" fem hum;"		fun 'بيتي_gn_PN' : PN ;
bill_GN	بيل		0	1.0	GN		"lin 'بيل_gn_PN' = mkPN ""بيل_N"" masc hum;"		fun 'بيل_gn_PN' : PN ;
billy_GN	بيلي	google-translated	0	1.0	GN		"lin 'بيلي_gn_PN' = mkPN ""بيلي_N"" masc hum;"		fun 'بيلي_gn_PN' : PN ;
bob_GN	بوب	google-translated	0	1.0	GN		"lin 'بوب_gn_PN' = mkPN ""بوب_N"" masc hum;"		fun 'بوب_gn_PN' : PN ;
bobby_GN	بوبي	google-translated	0	1.0	GN		"lin 'بوبي_gn_PN' = mkPN ""بوبي_N"" masc hum;"		fun 'بوبي_gn_PN' : PN ;
boris_GN	بوريس	google-translated	0	1.0	GN		"lin 'بوريس_gn_PN' = mkPN ""بوريس_N"" masc hum;"		fun 'بوريس_gn_PN' : PN ;
brenda_GN	بريندا	google-translated	0		GN		"lin 'بريندا_gn_PN' = mkPN ""بريندا_N"" fem hum;"		fun 'بريندا_gn_PN' : PN ;
brian_GN	بريان	google-translated	0	1.0	GN		"lin 'بريان_gn_PN' = mkPN ""بريان_N"" masc hum;"		fun 'بريان_gn_PN' : PN ;
carl_GN	كارل	google-translated	0	1.0	GN		"lin 'كارل_gn_PN' = mkPN ""كارل_N"" masc hum;"		fun 'كارل_gn_PN' : PN ;
carol_GN	كارول	google-translated	0	1.0	GN		"lin 'كارول_gn_PN' = mkPN ""كارول_N"" masc hum;"		fun 'كارول_gn_PN' : PN ;
carole_GN	كارول	google-translated	0		GN		"lin 'كارول_gn_PN' = mkPN ""كارول_N"" fem hum;"		fun 'كارول_gn_PN' : PN ;
caroline_GN	كارولين	google-translated	0		GN		"lin 'كارولين_gn_PN' = mkPN ""كارولين_N"" fem hum;"		fun 'كارولين_gn_PN' : PN ;
carolyn_GN	كارولين	google-translated	0		GN		"lin 'كارولين_gn_PN' = mkPN ""كارولين_N"" fem hum;"		fun 'كارولين_gn_PN' : PN ;
carrie_GN	كاري	google-translated	0		GN		"lin 'كاري_gn_PN' = mkPN ""كاري_N"" fem hum;"		fun 'كاري_gn_PN' : PN ;
cath_GN	كاث	google-translated	0		GN		"lin 'كاث_gn_PN' = mkPN ""كاث_N"" fem hum;"		fun 'كاث_gn_PN' : PN ;
catherine_GN	كاثرين	google-translated	0		GN		"lin 'كاثرين_gn_PN' = mkPN ""كاثرين_N"" fem hum;"		fun 'كاثرين_gn_PN' : PN ;
cathy_GN	كاثي	google-translated	0		GN		"lin 'كاثي_gn_PN' = mkPN ""كاثي_N"" fem hum;"		fun 'كاثي_gn_PN' : PN ;
cecil_GN	سيسيل	google-translated	0	1.0	GN		"lin 'سيسيل_gn_PN' = mkPN ""سيسيل_N"" masc hum;"		fun 'سيسيل_gn_PN' : PN ;
cecilia_GN	سيسيليا	google-translated	0		GN		"lin 'سيسيليا_gn_PN' = mkPN ""سيسيليا_N"" fem hum;"		fun 'سيسيليا_gn_PN' : PN ;
cecily_GN	سيسلي	google-translated	0		GN		"lin 'سيسلي_gn_PN' = mkPN ""سيسلي_N"" fem hum;"		fun 'سيسلي_gn_PN' : PN ;
cedric_GN	سيدريك	google-translated	0	1.0	GN		"lin 'سيدريك_gn_PN' = mkPN ""سيدريك_N"" masc hum;"		fun 'سيدريك_gn_PN' : PN ;
celia_GN	سيليا	google-translated	0		GN		"lin 'سيليا_gn_PN' = mkPN ""سيليا_N"" fem hum;"		fun 'سيليا_gn_PN' : PN ;
charles_GN	تشارلز	google-translated	0	1.0	GN		"lin 'تشارلز_gn_PN' = mkPN ""تشارلز_N"" masc hum;"		fun 'تشارلز_gn_PN' : PN ;
charlie_GN	تشارلي	google-translated	0	1.0	GN		"lin 'تشارلي_gn_PN' = mkPN ""تشارلي_N"" masc hum;"		fun 'تشارلي_gn_PN' : PN ;
chloe_GN	كلوي	google-translated	0		GN		"lin 'كلوي_gn_PN' = mkPN ""كلوي_N"" fem hum;"		fun 'كلوي_gn_PN' : PN ;
chris_GN	كريس	google-translated	0	1.0	GN		"lin 'كريس_gn_PN' = mkPN ""كريس_N"" masc hum;"		fun 'كريس_gn_PN' : PN ;
chrissie_GN	كريسي	google-translated	0		GN		"lin 'كريسي_gn_PN' = mkPN ""كريسي_N"" fem hum;"		fun 'كريسي_gn_PN' : PN ;
chrissy_GN	كريسي	google-translated	0		GN		"lin 'كريسي_gn_PN' = mkPN ""كريسي_N"" fem hum;"		fun 'كريسي_gn_PN' : PN ;
christian_GN	كريستيان	google-translated	0	1.0	GN		"lin 'كريستيان_gn_PN' = mkPN ""كريستيان_N"" masc hum;"		fun 'كريستيان_gn_PN' : PN ;
christina_GN	كريستينا	google-translated	0		GN		"lin 'كريستينا_gn_PN' = mkPN ""كريستينا_N"" fem hum;"		fun 'كريستينا_gn_PN' : PN ;
christine_GN	كريستين	google-translated	0		GN		"lin 'كريستين_gn_PN' = mkPN ""كريستين_N"" fem hum;"		fun 'كريستين_gn_PN' : PN ;
christopher_GN	كريستوفر	google-translated	0	1.0	GN		"lin 'كريستوفر_gn_PN' = mkPN ""كريستوفر_N"" masc hum;"		fun 'كريستوفر_gn_PN' : PN ;
clarrie_GN	كلاري	google-translated	0	1.0	GN		"lin 'كلاري_gn_PN' = mkPN ""كلاري_N"" masc hum;"		fun 'كلاري_gn_PN' : PN ;
clem_GN	كليم	google-translated	0	1.0	GN		"lin 'كليم_gn_PN' = mkPN ""كليم_N"" masc hum;"		fun 'كليم_gn_PN' : PN ;
clement_GN	كليمنت	google-translated	0	1.0	GN		"lin 'كليمنت_gn_PN' = mkPN ""كليمنت_N"" masc hum;"		fun 'كليمنت_gn_PN' : PN ;
cliff_GN	كليف		0	1.0	GN		"lin 'كليف_gn_PN' = mkPN ""كليف_N"" masc hum;"		fun 'كليف_gn_PN' : PN ;
clifford_GN	كليفورد	google-translated	0	1.0	GN		"lin 'كليفورد_gn_PN' = mkPN ""كليفورد_N"" masc hum;"		fun 'كليفورد_gn_PN' : PN ;
colin_GN	كولِن	google-translated	0	1.0	GN		"lin 'كولِن_gn_PN' = mkPN ""كولِن_N"" masc hum;"		fun 'كولِن_gn_PN' : PN ;
connie_GN	كوني	google-translated	0		GN		"lin 'كوني_gn_PN' = mkPN ""كوني_N"" fem hum;"		fun 'كوني_gn_PN' : PN ;
cyril_GN	سيريل	google-translated	0	1.0	GN		"lin 'سيريل_gn_PN' = mkPN ""سيريل_N"" masc hum;"		fun 'سيريل_gn_PN' : PN ;
daisy_GN	ديزي	google-translated	0		GN		"lin 'ديزي_gn_PN' = mkPN ""ديزي_N"" fem hum;"		fun 'ديزي_gn_PN' : PN ;
dan_GN	دان	google-translated	0	1.0	GN		"lin 'دان_gn_PN' = mkPN ""دان_N"" masc hum;"		fun 'دان_gn_PN' : PN ;
danny_GN	داني	google-translated	0	1.0	GN		"lin 'داني_gn_PN' = mkPN ""داني_N"" masc hum;"		fun 'داني_gn_PN' : PN ;
dave_GN	ديف	google-translated	0	1.0	GN		"lin 'ديف_gn_PN' = mkPN ""ديف_N"" masc hum;"		fun 'ديف_gn_PN' : PN ;
david_GN	ديفيد	google-translated	0	1.0	GN		"lin 'ديفيد_gn_PN' = mkPN ""ديفيد_N"" masc hum;"		fun 'ديفيد_gn_PN' : PN ;
dawn_GN	دون		0		GN		"lin 'دون_gn_PN' = mkPN ""دون_N"" fem hum;"		fun 'دون_gn_PN' : PN ;
debbie_GN	ديبي	google-translated	0		GN		"lin 'ديبي_gn_PN' = mkPN ""ديبي_N"" fem hum;"		fun 'ديبي_gn_PN' : PN ;
debby_GN	ديبي	google-translated	0		GN		"lin 'ديبي_gn_PN' = mkPN ""ديبي_N"" fem hum;"		fun 'ديبي_gn_PN' : PN ;
deborah_GN	ديبورا	google-translated	0		GN		"lin 'ديبورا_gn_PN' = mkPN ""ديبورا_N"" fem hum;"		fun 'ديبورا_gn_PN' : PN ;
deirdre_GN	ديردري	google-translated	0		GN		"lin 'ديردري_gn_PN' = mkPN ""ديردري_N"" fem hum;"		fun 'ديردري_gn_PN' : PN ;
denis_GN	دينيس	google-translated	0	1.0	GN		"lin 'دينيس_gn_PN' = mkPN ""دينيس_N"" masc hum;"		fun 'دينيس_gn_PN' : PN ;
denise_GN	دينيس	google-translated	0		GN		"lin 'دينيس_gn_PN' = mkPN ""دينيس_N"" fem hum;"		fun 'دينيس_gn_PN' : PN ;
dennis_GN	دينيس	google-translated	0	1.0	GN		"lin 'دينيس_gn_PN' = mkPN ""دينيس_N"" masc hum;"		fun 'دينيس_gn_PN' : PN ;
denny_GN	ديني	google-translated	0	1.0	GN		"lin 'ديني_gn_PN' = mkPN ""ديني_N"" masc hum;"		fun 'ديني_gn_PN' : PN ;
derek_GN	ديريك	google-translated	0	1.0	GN		"lin 'ديريك_gn_PN' = mkPN ""ديريك_N"" masc hum;"		fun 'ديريك_gn_PN' : PN ;
des_GN	ديس	google-translated	0	1.0	GN		"lin 'ديس_gn_PN' = mkPN ""ديس_N"" masc hum;"		fun 'ديس_gn_PN' : PN ;
desmond_GN	ديزموند	google-translated	0	1.0	GN		"lin 'ديزموند_gn_PN' = mkPN ""ديزموند_N"" masc hum;"		fun 'ديزموند_gn_PN' : PN ;
diana_GN	ديانا	google-translated	0		GN		"lin 'ديانا_gn_PN' = mkPN ""ديانا_N"" fem hum;"		fun 'ديانا_gn_PN' : PN ;
dick_GN	دِك		0	1.0	GN		"lin 'دِك_gn_PN' = mkPN ""دِك_N"" masc hum;"		fun 'دِك_gn_PN' : PN ;
dicky_GN	ديكي	google-translated	0	1.0	GN		"lin 'ديكي_gn_PN' = mkPN ""ديكي_N"" masc hum;"		fun 'ديكي_gn_PN' : PN ;
dolly_GN	دوللي	google-translated	0		GN		"lin 'دوللي_gn_PN' = mkPN ""دوللي_N"" fem hum;"		fun 'دوللي_gn_PN' : PN ;
donald_GN	دونالد	google-translated	0	1.0	GN		"lin 'دونالد_gn_PN' = mkPN ""دونالد_N"" masc hum;"		fun 'دونالد_gn_PN' : PN ;
dora_GN	دورا	google-translated	0		GN		"lin 'دورا_gn_PN' = mkPN ""دورا_N"" fem hum;"		fun 'دورا_gn_PN' : PN ;
doreen_GN	دورين	google-translated	0		GN		"lin 'دورين_gn_PN' = mkPN ""دورين_N"" fem hum;"		fun 'دورين_gn_PN' : PN ;
dorothy_GN	دوروثي	google-translated	0		GN		"lin 'دوروثي_gn_PN' = mkPN ""دوروثي_N"" fem hum;"		fun 'دوروثي_gn_PN' : PN ;
doug_GN	دوغ	google-translated	0	1.0	GN		"lin 'دوغ_gn_PN' = mkPN ""دوغ_N"" masc hum;"		fun 'دوغ_gn_PN' : PN ;
eddie_GN	إيدي	google-translated	0	1.0	GN		"lin 'إيدي_gn_PN' = mkPN ""إيدي_N"" masc hum;"		fun 'إيدي_gn_PN' : PN ;
edgar_GN	إدغار	google-translated	0	1.0	GN		"lin 'إدغار_gn_PN' = mkPN ""إدغار_N"" masc hum;"		fun 'إدغار_gn_PN' : PN ;
edith_GN	إديث	google-translated	0		GN		"lin 'إديث_gn_PN' = mkPN ""إديث_N"" fem hum;"		fun 'إديث_gn_PN' : PN ;
edmund_GN	إدموند		0	1.0	GN		"lin 'إدموند_gn_PN' = mkPN ""إدموند_N"" masc hum;"		fun 'إدموند_gn_PN' : PN ;
edward_GN	إدوارد	google-translated	0	1.0	GN		"lin 'إدوارد_gn_PN' = mkPN ""إدوارد_N"" masc hum;"		fun 'إدوارد_gn_PN' : PN ;
eileen_GN	إيلين	google-translated	0		GN		"lin 'إيلين_gn_PN' = mkPN ""إيلين_N"" fem hum;"		fun 'إيلين_gn_PN' : PN ;
elaine_GN	إلين		0		GN		"lin 'إلين_gn_PN' = mkPN ""إلين_N"" fem hum;"		fun 'إلين_gn_PN' : PN ;
eleanor_GN	إليانور	google-translated	0		GN		"lin 'إليانور_gn_PN' = mkPN ""إليانور_N"" fem hum;"		fun 'إليانور_gn_PN' : PN ;
eliza_GN	إليزا	google-translated	0		GN		"lin 'إليزا_gn_PN' = mkPN ""إليزا_N"" fem hum;"		fun 'إليزا_gn_PN' : PN ;
elizabeth_GN	إليزابيث	google-translated	0		GN		"lin 'إليزابيث_gn_PN' = mkPN ""إليزابيث_N"" fem hum;"		fun 'إليزابيث_gn_PN' : PN ;
ellen_GN	إلين	google-translated	0		GN		"lin 'إلين_gn_PN' = mkPN ""إلين_N"" fem hum;"		fun 'إلين_gn_PN' : PN ;
ellie_GN	إيلي		0		GN		"lin 'إيلي_gn_PN' = mkPN ""إيلي_N"" fem hum;"		fun 'إيلي_gn_PN' : PN ;
elsie_GN	إلسي	google-translated	0		GN		"lin 'إلسي_gn_PN' = mkPN ""إلسي_N"" fem hum;"		fun 'إلسي_gn_PN' : PN ;
emily_GN	إميلي	google-translated	0		GN		"lin 'إميلي_gn_PN' = mkPN ""إميلي_N"" fem hum;"		fun 'إميلي_gn_PN' : PN ;
emma_GN	إيما	google-translated	0		GN		"lin 'إيما_gn_PN' = mkPN ""إيما_N"" fem hum;"		fun 'إيما_gn_PN' : PN ;
eric_GN	إريك		0	1.0	GN		"lin 'إريك_gn_PN' = mkPN ""إريك_N"" masc hum;"		fun 'إريك_gn_PN' : PN ;
ernest_GN	إرنست	google-translated	0	1.0	GN		"lin 'إرنست_gn_PN' = mkPN ""إرنست_N"" masc hum;"		fun 'إرنست_gn_PN' : PN ;
ernie_GN	إرني	google-translated	0	1.0	GN		"lin 'إرني_gn_PN' = mkPN ""إرني_N"" masc hum;"		fun 'إرني_gn_PN' : PN ;
ethel_GN	إثيل	google-translated	0		GN		"lin 'إثيل_gn_PN' = mkPN ""إثيل_N"" fem hum;"		fun 'إثيل_gn_PN' : PN ;
eugene_GN	يوجين	google-translated	0	1.0	GN		"lin 'يوجين_gn_PN' = mkPN ""يوجين_N"" masc hum;"		fun 'يوجين_gn_PN' : PN ;
eunice_GN	يونيس	google-translated	0		GN		"lin 'يونيس_gn_PN' = mkPN ""يونيس_N"" fem hum;"		fun 'يونيس_gn_PN' : PN ;
eva_GN	إيفا	google-translated	0		GN		"lin 'إيفا_gn_PN' = mkPN ""إيفا_N"" fem hum;"		fun 'إيفا_gn_PN' : PN ;
evelyn_GN	إيفلين	google-translated	0	1.0	GN		"lin 'إيفلين_gn_PN' = mkPN ""إيفلين_N"" masc hum;"		fun 'إيفلين_gn_PN' : PN ;
fanny_GN	فاني	google-translated	0		GN		"lin 'فاني_gn_PN' = mkPN ""فاني_N"" fem hum;"		fun 'فاني_gn_PN' : PN ;
felicity_GN	فيليسيتي	google-translated	0		GN		"lin 'فيليسيتي_gn_PN' = mkPN ""فيليسيتي_N"" fem hum;"		fun 'فيليسيتي_gn_PN' : PN ;
felix_GN	فيليكس	google-translated	0	1.0	GN		"lin 'فيليكس_gn_PN' = mkPN ""فيليكس_N"" masc hum;"		fun 'فيليكس_gn_PN' : PN ;
fiona_GN	فيونا	google-translated	0		GN		"lin 'فيونا_gn_PN' = mkPN ""فيونا_N"" fem hum;"		fun 'فيونا_gn_PN' : PN ;
flora_GN	فلورا		0		GN		"lin 'فلورا_gn_PN' = mkPN ""فلورا_N"" fem hum;"		fun 'فلورا_gn_PN' : PN ;
florence_GN	فلورنسا	google-translated	0		GN		"lin 'فلورنسا_gn_PN' = mkPN ""فلورنسا_N"" fem hum;"		fun 'فلورنسا_gn_PN' : PN ;
florrie_GN	فلوري	google-translated	0		GN		"lin 'فلوري_gn_PN' = mkPN ""فلوري_N"" fem hum;"		fun 'فلوري_gn_PN' : PN ;
fran_GN	فران	google-translated	0	1.0	GN		"lin 'فران_gn_PN' = mkPN ""فران_N"" masc hum;"		fun 'فران_gn_PN' : PN ;
frances_GN	فرانسيس	google-translated	0		GN		"lin 'فرانسيس_gn_PN' = mkPN ""فرانسيس_N"" fem hum;"		fun 'فرانسيس_gn_PN' : PN ;
francis_GN	فرانسيس	google-translated	0	1.0	GN		"lin 'فرانسيس_gn_PN' = mkPN ""فرانسيس_N"" masc hum;"		fun 'فرانسيس_gn_PN' : PN ;
frank_GN	فرانك		0	1.0	GN		"lin 'فرانك_gn_PN' = mkPN ""فرانك_N"" masc hum;"		fun 'فرانك_gn_PN' : PN ;
frankie_GN	فرانكي	google-translated	0	1.0	GN		"lin 'فرانكي_gn_PN' = mkPN ""فرانكي_N"" masc hum;"		fun 'فرانكي_gn_PN' : PN ;
fred_GN	فريد	google-translated	0	1.0	GN		"lin 'فريد_gn_PN' = mkPN ""فريد_N"" masc hum;"		fun 'فريد_gn_PN' : PN ;
freda_GN	فريدا	google-translated	0		GN		"lin 'فريدا_gn_PN' = mkPN ""فريدا_N"" fem hum;"		fun 'فريدا_gn_PN' : PN ;
freddie_GN	فريدي	google-translated	0	1.0	GN		"lin 'فريدي_gn_PN' = mkPN ""فريدي_N"" masc hum;"		fun 'فريدي_gn_PN' : PN ;
freddy_GN	فريدي	google-translated	0	1.0	GN		"lin 'فريدي_gn_PN' = mkPN ""فريدي_N"" masc hum;"		fun 'فريدي_gn_PN' : PN ;
gareth_GN	غاريث	google-translated	0	1.0	GN		"lin 'غاريث_gn_PN' = mkPN ""غاريث_N"" masc hum;"		fun 'غاريث_gn_PN' : PN ;
gavin_GN	جافين	google-translated	0	1.0	GN		"lin 'جافين_gn_PN' = mkPN ""جافين_N"" masc hum;"		fun 'جافين_gn_PN' : PN ;
geoff_GN	جيف	google-translated	0	1.0	GN		"lin 'جيف_gn_PN' = mkPN ""جيف_N"" masc hum;"		fun 'جيف_gn_PN' : PN ;
geoffrey_GN	جيفري	google-translated	0	1.0	GN		"lin 'جيفري_gn_PN' = mkPN ""جيفري_N"" masc hum;"		fun 'جيفري_gn_PN' : PN ;
george_GN	جورج	google-translated	0	1.0	GN		"lin 'جورج_gn_PN' = mkPN ""جورج_N"" masc hum;"		fun 'جورج_gn_PN' : PN ;
georgie_GN	جورجي	google-translated	0	1.0	GN		"lin 'جورجي_gn_PN' = mkPN ""جورجي_N"" masc hum;"		fun 'جورجي_gn_PN' : PN ;
gerald_GN	جيرالد	google-translated	0	1.0	GN		"lin 'جيرالد_gn_PN' = mkPN ""جيرالد_N"" masc hum;"		fun 'جيرالد_gn_PN' : PN ;
geraldine_GN	جيرالدين	google-translated	0		GN		"lin 'جيرالدين_gn_PN' = mkPN ""جيرالدين_N"" fem hum;"		fun 'جيرالدين_gn_PN' : PN ;
gerard_GN	جيرارد	google-translated	0	1.0	GN		"lin 'جيرارد_gn_PN' = mkPN ""جيرارد_N"" masc hum;"		fun 'جيرارد_gn_PN' : PN ;
gertie_GN	جيرتي	google-translated	0		GN		"lin 'جيرتي_gn_PN' = mkPN ""جيرتي_N"" fem hum;"		fun 'جيرتي_gn_PN' : PN ;
gertrude_GN	جيرترود	google-translated	0		GN		"lin 'جيرترود_gn_PN' = mkPN ""جيرترود_N"" fem hum;"		fun 'جيرترود_gn_PN' : PN ;
giles_GN	جايلز	google-translated	0	1.0	GN		"lin 'جايلز_gn_PN' = mkPN ""جايلز_N"" masc hum;"		fun 'جايلز_gn_PN' : PN ;
gill_GN	جِل		0	1.0	GN		"lin 'جِل_gn_PN' = mkPN ""جِل_N"" masc hum;"		fun 'جِل_gn_PN' : PN ;
gillian_GN	جيليان	google-translated	0		GN		"lin 'جيليان_gn_PN' = mkPN ""جيليان_N"" fem hum;"		fun 'جيليان_gn_PN' : PN ;
gina_GN	جينا	google-translated	0		GN		"lin 'جينا_gn_PN' = mkPN ""جينا_N"" fem hum;"		fun 'جينا_gn_PN' : PN ;
gladys_GN	غلاديس	google-translated	0		GN		"lin 'غلاديس_gn_PN' = mkPN ""غلاديس_N"" fem hum;"		fun 'غلاديس_gn_PN' : PN ;
glen_GN	جلين	google-translated	0	1.0	GN		"lin 'جلين_gn_PN' = mkPN ""جلين_N"" masc hum;"		fun 'جلين_gn_PN' : PN ;
gloria_GN	غلوريا	google-translated	0		GN		"lin 'غلوريا_gn_PN' = mkPN ""غلوريا_N"" fem hum;"		fun 'غلوريا_gn_PN' : PN ;
godfrey_GN	جودفري	google-translated	0	1.0	GN		"lin 'جودفري_gn_PN' = mkPN ""جودفري_N"" masc hum;"		fun 'جودفري_gn_PN' : PN ;
greg_GN	جريج	google-translated	0	1.0	GN		"lin 'جريج_gn_PN' = mkPN ""جريج_N"" masc hum;"		fun 'جريج_gn_PN' : PN ;
gregory_GN	غريغوري	google-translated	0	1.0	GN		"lin 'غريغوري_gn_PN' = mkPN ""غريغوري_N"" masc hum;"		fun 'غريغوري_gn_PN' : PN ;
guy_GN	غاي		0	1.0	GN		"lin 'غاي_gn_PN' = mkPN ""غاي_N"" masc hum;"		fun 'غاي_gn_PN' : PN ;
gwen_GN	جوين	google-translated	0		GN		"lin 'جوين_gn_PN' = mkPN ""جوين_N"" fem hum;"		fun 'جوين_gn_PN' : PN ;
gwendoline_GN	جويندولين	google-translated	0		GN		"lin 'جويندولين_gn_PN' = mkPN ""جويندولين_N"" fem hum;"		fun 'جويندولين_gn_PN' : PN ;
hal_GN	هال	google-translated	0	1.0	GN		"lin 'هال_gn_PN' = mkPN ""هال_N"" masc hum;"		fun 'هال_gn_PN' : PN ;
harold_GN	هارولد	google-translated	0	1.0	GN		"lin 'هارولد_gn_PN' = mkPN ""هارولد_N"" masc hum;"		fun 'هارولد_gn_PN' : PN ;
harriet_GN	هارييت	google-translated	0		GN		"lin 'هارييت_gn_PN' = mkPN ""هارييت_N"" fem hum;"		fun 'هارييت_gn_PN' : PN ;
harry_GN	هاري	google-translated	0	1.0	GN		"lin 'هاري_gn_PN' = mkPN ""هاري_N"" masc hum;"		fun 'هاري_gn_PN' : PN ;
hazel_GN	هازل	google-translated	0		GN		"lin 'هازل_gn_PN' = mkPN ""هازل_N"" fem hum;"		fun 'هازل_gn_PN' : PN ;
heather_GN	هيذر	google-translated	0		GN		"lin 'هيذر_gn_PN' = mkPN ""هيذر_N"" fem hum;"		fun 'هيذر_gn_PN' : PN ;
henry_GN	هنري	google-translated	0	1.0	GN		"lin 'هنري_gn_PN' = mkPN ""هنري_N"" masc hum;"		fun 'هنري_gn_PN' : PN ;
herb_GN	عشب	google-translated	0	1.0	GN		"lin 'عشب_gn_PN' = mkPN ""عشب_N"" masc hum;"		fun 'عشب_gn_PN' : PN ;
herbert_GN	هربرت	google-translated	0	1.0	GN		"lin 'هربرت_gn_PN' = mkPN ""هربرت_N"" masc hum;"		fun 'هربرت_gn_PN' : PN ;
hilary_GN	هيلاري	google-translated	0	1.0	GN		"lin 'هيلاري_gn_PN' = mkPN ""هيلاري_N"" masc hum;"		fun 'هيلاري_gn_PN' : PN ;
hilda_GN	هيلدا	google-translated	0		GN		"lin 'هيلدا_gn_PN' = mkPN ""هيلدا_N"" fem hum;"		fun 'هيلدا_gn_PN' : PN ;
holly_GN	هولي	google-translated	0	1.0	GN		"lin 'هولي_gn_PN' = mkPN ""هولي_N"" masc hum;"		fun 'هولي_gn_PN' : PN ;
hubert_GN	هيوبرت	google-translated	0	1.0	GN		"lin 'هيوبرت_gn_PN' = mkPN ""هيوبرت_N"" masc hum;"		fun 'هيوبرت_gn_PN' : PN ;
hugh_GN	هيو	google-translated	0	1.0	GN		"lin 'هيو_gn_PN' = mkPN ""هيو_N"" masc hum;"		fun 'هيو_gn_PN' : PN ;
hughie_GN	هيوجي	google-translated	0	1.0	GN		"lin 'هيوجي_gn_PN' = mkPN ""هيوجي_N"" masc hum;"		fun 'هيوجي_gn_PN' : PN ;
humphrey_GN	همفري	google-translated	0	1.0	GN		"lin 'همفري_gn_PN' = mkPN ""همفري_N"" masc hum;"		fun 'همفري_gn_PN' : PN ;
ian_GN	إيان	google-translated	0	1.0	GN		"lin 'إيان_gn_PN' = mkPN ""إيان_N"" masc hum;"		fun 'إيان_gn_PN' : PN ;
ingrid_GN	انغريد	google-translated	0		GN		"lin 'انغريد_gn_PN' = mkPN ""انغريد_N"" fem hum;"		fun 'انغريد_gn_PN' : PN ;
irene_GN	إيرين		0		GN		"lin 'إيرين_gn_PN' = mkPN ""إيرين_N"" fem hum;"		fun 'إيرين_gn_PN' : PN ;
iris_GN	إيريس		0		GN		"lin 'إيريس_gn_PN' = mkPN ""إيريس_N"" fem hum;"		fun 'إيريس_gn_PN' : PN ;
isabel_GN	إيزابيل	google-translated	0		GN		"lin 'إيزابيل_gn_PN' = mkPN ""إيزابيل_N"" fem hum;"		fun 'إيزابيل_gn_PN' : PN ;
isabella_GN	إيزابيلا	google-translated	0		GN		"lin 'إيزابيلا_gn_PN' = mkPN ""إيزابيلا_N"" fem hum;"		fun 'إيزابيلا_gn_PN' : PN ;
isobel_GN	إيزوبيل	google-translated	0		GN		"lin 'إيزوبيل_gn_PN' = mkPN ""إيزوبيل_N"" fem hum;"		fun 'إيزوبيل_gn_PN' : PN ;
ivan_GN	إيفان	google-translated	0	1.0	GN		"lin 'إيفان_gn_PN' = mkPN ""إيفان_N"" masc hum;"		fun 'إيفان_gn_PN' : PN ;
ivor_GN	إيفور	google-translated	0	1.0	GN		"lin 'إيفور_gn_PN' = mkPN ""إيفور_N"" masc hum;"		fun 'إيفور_gn_PN' : PN ;
ivy_GN	إيفي	google-translated	0		GN		"lin 'إيفي_gn_PN' = mkPN ""إيفي_N"" fem hum;"		fun 'إيفي_gn_PN' : PN ;
jack_GN	جاك	google-translated	0	1.0	GN		"lin 'جاك_gn_PN' = mkPN ""جاك_N"" masc hum;"		fun 'جاك_gn_PN' : PN ;
jackie_GN	جاكي	google-translated	0	1.0	GN		"lin 'جاكي_gn_PN' = mkPN ""جاكي_N"" masc hum;"		fun 'جاكي_gn_PN' : PN ;
jacob_GN	يعقوب	google-translated	0	1.0	GN		"lin 'يعقوب_gn_PN' = mkPN ""يعقوب_N"" masc hum;"		fun 'يعقوب_gn_PN' : PN ;
jacqueline_GN	جاكلين	google-translated	0		GN		"lin 'جاكلين_gn_PN' = mkPN ""جاكلين_N"" fem hum;"		fun 'جاكلين_gn_PN' : PN ;
jake_GN	جيك	google-translated	0	1.0	GN		"lin 'جيك_gn_PN' = mkPN ""جيك_N"" masc hum;"		fun 'جيك_gn_PN' : PN ;
james_GN	جيمس		0	1.0	GN		"lin 'جيمس_gn_PN' = mkPN ""جيمس_N"" masc hum;"		fun 'جيمس_gn_PN' : PN ;
jane_GN	جين	google-translated	0	1.0	GN		"lin 'جين_gn_PN' = mkPN ""جين_N"" masc hum;"		fun 'جين_gn_PN' : PN ;
janet_GN	جانيت	google-translated	0		GN		"lin 'جانيت_gn_PN' = mkPN ""جانيت_N"" fem hum;"		fun 'جانيت_gn_PN' : PN ;
janice_GN	جانيس	google-translated	0		GN		"lin 'جانيس_gn_PN' = mkPN ""جانيس_N"" fem hum;"		fun 'جانيس_gn_PN' : PN ;
janie_GN	جاني	google-translated	0		GN		"lin 'جاني_gn_PN' = mkPN ""جاني_N"" fem hum;"		fun 'جاني_gn_PN' : PN ;
jay_GN	جاي	google-translated	0	1.0	GN		"lin 'جاي_gn_PN' = mkPN ""جاي_N"" masc hum;"		fun 'جاي_gn_PN' : PN ;
jean_GN	جان	google-translated	0	1.0	GN		"lin 'جان_gn_PN' = mkPN ""جان_N"" masc hum;"		fun 'جان_gn_PN' : PN ;
jeanie_GN	جيني	google-translated	0		GN		"lin 'جيني_gn_PN' = mkPN ""جيني_N"" fem hum;"		fun 'جيني_gn_PN' : PN ;
jeff_GN	جيف	google-translated	0	1.0	GN		"lin 'جيف_gn_PN' = mkPN ""جيف_N"" masc hum;"		fun 'جيف_gn_PN' : PN ;
jeffrey_GN	جيفري	google-translated	0	1.0	GN		"lin 'جيفري_gn_PN' = mkPN ""جيفري_N"" masc hum;"		fun 'جيفري_gn_PN' : PN ;
jennifer_GN	جنيفر	google-translated	0		GN		"lin 'جنيفر_gn_PN' = mkPN ""جنيفر_N"" fem hum;"		fun 'جنيفر_gn_PN' : PN ;
jenny_GN	جيني	google-translated	0		GN		"lin 'جيني_gn_PN' = mkPN ""جيني_N"" fem hum;"		fun 'جيني_gn_PN' : PN ;
jerry_GN	جيري	google-translated	0	1.0	GN		"lin 'جيري_gn_PN' = mkPN ""جيري_N"" masc hum;"		fun 'جيري_gn_PN' : PN ;
jess_GN	جيس	google-translated	0	1.0	GN		"lin 'جيس_gn_PN' = mkPN ""جيس_N"" masc hum;"		fun 'جيس_gn_PN' : PN ;
jessica_GN	جيسيكا	google-translated	0		GN		"lin 'جيسيكا_gn_PN' = mkPN ""جيسيكا_N"" fem hum;"		fun 'جيسيكا_gn_PN' : PN ;
jessie_GN	جيسي	google-translated	0	1.0	GN		"lin 'جيسي_gn_PN' = mkPN ""جيسي_N"" masc hum;"		fun 'جيسي_gn_PN' : PN ;
jill_GN	جيل	google-translated	0		GN		"lin 'جيل_gn_PN' = mkPN ""جيل_N"" fem hum;"		fun 'جيل_gn_PN' : PN ;
jim_GN	جيم	google-translated	0	1.0	GN		"lin 'جيم_gn_PN' = mkPN ""جيم_N"" masc hum;"		fun 'جيم_gn_PN' : PN ;
jimmy_GN	جيمي	google-translated	0	1.0	GN		"lin 'جيمي_gn_PN' = mkPN ""جيمي_N"" masc hum;"		fun 'جيمي_gn_PN' : PN ;
jo_GN	جو	google-translated	0	1.0	GN		"lin 'جو_gn_PN' = mkPN ""جو_N"" masc hum;"		fun 'جو_gn_PN' : PN ;
joan_GN	جوان	google-translated	0	1.0	GN		"lin 'جوان_gn_PN' = mkPN ""جوان_N"" masc hum;"		fun 'جوان_gn_PN' : PN ;
joanie_GN	جواني	google-translated	0		GN		"lin 'جواني_gn_PN' = mkPN ""جواني_N"" fem hum;"		fun 'جواني_gn_PN' : PN ;
joann_GN	جوان	google-translated	0		GN		"lin 'جوان_gn_PN' = mkPN ""جوان_N"" fem hum;"		fun 'جوان_gn_PN' : PN ;
joanna_GN	جوانا	google-translated	0		GN		"lin 'جوانا_gn_PN' = mkPN ""جوانا_N"" fem hum;"		fun 'جوانا_gn_PN' : PN ;
joanne_GN	جوان	google-translated	0		GN		"lin 'جوان_gn_PN' = mkPN ""جوان_N"" fem hum;"		fun 'جوان_gn_PN' : PN ;
jocelyn_GN	جوسلين	google-translated	0	1.0	GN		"lin 'جوسلين_gn_PN' = mkPN ""جوسلين_N"" masc hum;"		fun 'جوسلين_gn_PN' : PN ;
joe_GN	جو	google-translated	0	1.0	GN		"lin 'جو_gn_PN' = mkPN ""جو_N"" masc hum;"		fun 'جو_gn_PN' : PN ;
joey_GN	جوي	google-translated	0	1.0	GN		"lin 'جوي_gn_PN' = mkPN ""جوي_N"" masc hum;"		fun 'جوي_gn_PN' : PN ;
john_GN	جون	google-translated	0	1.0	GN		"lin 'جون_gn_PN' = mkPN ""جون_N"" masc hum;"		fun 'جون_gn_PN' : PN ;
josh_GN	جوش	google-translated	0	1.0	GN		"lin 'جوش_gn_PN' = mkPN ""جوش_N"" masc hum;"		fun 'جوش_gn_PN' : PN ;
joy_GN	مرح	google-translated	0	1.0	GN		"lin 'مرح_gn_PN' = mkPN ""مرح_N"" masc hum;"		fun 'مرح_gn_PN' : PN ;
judy_GN	جودي	google-translated	0		GN		"lin 'جودي_gn_PN' = mkPN ""جودي_N"" fem hum;"		fun 'جودي_gn_PN' : PN ;
jul_GN	يول		0	1.0	GN		"lin 'يول_gn_PN' = mkPN ""يول_N"" masc hum;"		fun 'يول_gn_PN' : PN ;
julia_GN	جوليا	google-translated	0		GN		"lin 'جوليا_gn_PN' = mkPN ""جوليا_N"" fem hum;"		fun 'جوليا_gn_PN' : PN ;
julie_GN	جولي	google-translated	0		GN		"lin 'جولي_gn_PN' = mkPN ""جولي_N"" fem hum;"		fun 'جولي_gn_PN' : PN ;
juliet_GN	جولييت	google-translated	0		GN		"lin 'جولييت_gn_PN' = mkPN ""جولييت_N"" fem hum;"		fun 'جولييت_gn_PN' : PN ;
jun_GN	يون		0	1.0	GN		"lin 'يون_gn_PN' = mkPN ""يون_N"" masc hum;"		fun 'يون_gn_PN' : PN ;
justin_GN	جاستن	google-translated	0	1.0	GN		"lin 'جاستن_gn_PN' = mkPN ""جاستن_N"" masc hum;"		fun 'جاستن_gn_PN' : PN ;
kate_GN	كيت	google-translated	0		GN		"lin 'كيت_gn_PN' = mkPN ""كيت_N"" fem hum;"		fun 'كيت_gn_PN' : PN ;
kath_GN	كاث	google-translated	0		GN		"lin 'كاث_gn_PN' = mkPN ""كاث_N"" fem hum;"		fun 'كاث_gn_PN' : PN ;
katherine_GN	كاثرين	google-translated	0		GN		"lin 'كاثرين_gn_PN' = mkPN ""كاثرين_N"" fem hum;"		fun 'كاثرين_gn_PN' : PN ;
kathy_GN	كاثي	google-translated	0		GN		"lin 'كاثي_gn_PN' = mkPN ""كاثي_N"" fem hum;"		fun 'كاثي_gn_PN' : PN ;
katie_GN	كاتي	google-translated	0		GN		"lin 'كاتي_gn_PN' = mkPN ""كاتي_N"" fem hum;"		fun 'كاتي_gn_PN' : PN ;
kay_GN	كاي	google-translated	0	1.0	GN		"lin 'كاي_gn_PN' = mkPN ""كاي_N"" masc hum;"		fun 'كاي_gn_PN' : PN ;
keith_GN	كيث	google-translated	0	1.0	GN		"lin 'كيث_gn_PN' = mkPN ""كيث_N"" masc hum;"		fun 'كيث_gn_PN' : PN ;
ken_GN	كين	google-translated	0	1.0	GN		"lin 'كين_gn_PN' = mkPN ""كين_N"" masc hum;"		fun 'كين_gn_PN' : PN ;
kenneth_GN	كينيث	google-translated	0	1.0	GN		"lin 'كينيث_gn_PN' = mkPN ""كينيث_N"" masc hum;"		fun 'كينيث_gn_PN' : PN ;
kenny_GN	كيني	google-translated	0	1.0	GN		"lin 'كيني_gn_PN' = mkPN ""كيني_N"" masc hum;"		fun 'كيني_gn_PN' : PN ;
kevin_GN	كيفن	google-translated	0	1.0	GN		"lin 'كيفن_gn_PN' = mkPN ""كيفن_N"" masc hum;"		fun 'كيفن_gn_PN' : PN ;
kitty_GN	كيتي	google-translated	0		GN		"lin 'كيتي_gn_PN' = mkPN ""كيتي_N"" fem hum;"		fun 'كيتي_gn_PN' : PN ;
larry_GN	لاري	google-translated	0	1.0	GN		"lin 'لاري_gn_PN' = mkPN ""لاري_N"" masc hum;"		fun 'لاري_gn_PN' : PN ;
laura_GN	لورا	google-translated	0		GN		"lin 'لورا_gn_PN' = mkPN ""لورا_N"" fem hum;"		fun 'لورا_gn_PN' : PN ;
laurence_GN	لورانس	google-translated	0	1.0	GN		"lin 'لورانس_gn_PN' = mkPN ""لورانس_N"" masc hum;"		fun 'لورانس_gn_PN' : PN ;
len_GN	لين	google-translated	0	1.0	GN		"lin 'لين_gn_PN' = mkPN ""لين_N"" masc hum;"		fun 'لين_gn_PN' : PN ;
lenny_GN	ليني	google-translated	0	1.0	GN		"lin 'ليني_gn_PN' = mkPN ""ليني_N"" masc hum;"		fun 'ليني_gn_PN' : PN ;
les_GN	ليس		0	1.0	GN		"lin 'ليس_gn_PN' = mkPN ""ليس_N"" masc hum;"		fun 'ليس_gn_PN' : PN ;
lesley_GN	ليزلي	google-translated	0	1.0	GN		"lin 'ليزلي_gn_PN' = mkPN ""ليزلي_N"" masc hum;"		fun 'ليزلي_gn_PN' : PN ;
leslie_GN	ليزلي	google-translated	0	1.0	GN		"lin 'ليزلي_gn_PN' = mkPN ""ليزلي_N"" masc hum;"		fun 'ليزلي_gn_PN' : PN ;
lilian_GN	ليليان	google-translated	0	1.0	GN		"lin 'ليليان_gn_PN' = mkPN ""ليليان_N"" masc hum;"		fun 'ليليان_gn_PN' : PN ;
linda_GN	ليندا	google-translated	0		GN		"lin 'ليندا_gn_PN' = mkPN ""ليندا_N"" fem hum;"		fun 'ليندا_gn_PN' : PN ;
lionel_GN	ليونيل	google-translated	0	1.0	GN		"lin 'ليونيل_gn_PN' = mkPN ""ليونيل_N"" masc hum;"		fun 'ليونيل_gn_PN' : PN ;
lisa_GN	ليزا	google-translated	0		GN		"lin 'ليزا_gn_PN' = mkPN ""ليزا_N"" fem hum;"		fun 'ليزا_gn_PN' : PN ;
liz_GN	ليز	google-translated	0		GN		"lin 'ليز_gn_PN' = mkPN ""ليز_N"" fem hum;"		fun 'ليز_gn_PN' : PN ;
liza_GN	ليزا	google-translated	0		GN		"lin 'ليزا_gn_PN' = mkPN ""ليزا_N"" fem hum;"		fun 'ليزا_gn_PN' : PN ;
lizzy_GN	ليزي	google-translated	0		GN		"lin 'ليزي_gn_PN' = mkPN ""ليزي_N"" fem hum;"		fun 'ليزي_gn_PN' : PN ;
lois_GN	لويس	google-translated	0		GN		"lin 'لويس_gn_PN' = mkPN ""لويس_N"" fem hum;"		fun 'لويس_gn_PN' : PN ;
lorna_GN	لورنا	google-translated	0		GN		"lin 'لورنا_gn_PN' = mkPN ""لورنا_N"" fem hum;"		fun 'لورنا_gn_PN' : PN ;
louis_GN	لويس	google-translated	0	1.0	GN		"lin 'لويس_gn_PN' = mkPN ""لويس_N"" masc hum;"		fun 'لويس_gn_PN' : PN ;
louise_GN	لويز	google-translated	0		GN		"lin 'لويز_gn_PN' = mkPN ""لويز_N"" fem hum;"		fun 'لويز_gn_PN' : PN ;
lynne_GN	لين	google-translated	0		GN		"lin 'لين_gn_PN' = mkPN ""لين_N"" fem hum;"		fun 'لين_gn_PN' : PN ;
mabel_GN	مابل	google-translated	0		GN		"lin 'مابل_gn_PN' = mkPN ""مابل_N"" fem hum;"		fun 'مابل_gn_PN' : PN ;
maddy_GN	مادي	google-translated	0		GN		"lin 'مادي_gn_PN' = mkPN ""مادي_N"" fem hum;"		fun 'مادي_gn_PN' : PN ;
madeleine_GN	مادلين	google-translated	0		GN		"lin 'مادلين_gn_PN' = mkPN ""مادلين_N"" fem hum;"		fun 'مادلين_gn_PN' : PN ;
madge_GN	مادج	google-translated	0		GN		"lin 'مادج_gn_PN' = mkPN ""مادج_N"" fem hum;"		fun 'مادج_gn_PN' : PN ;
madonna_GN	مادونا	google-translated	0		GN		"lin 'مادونا_gn_PN' = mkPN ""مادونا_N"" fem hum;"		fun 'مادونا_gn_PN' : PN ;
maggie_GN	ماجي	google-translated	0		GN		"lin 'ماجي_gn_PN' = mkPN ""ماجي_N"" fem hum;"		fun 'ماجي_gn_PN' : PN ;
maj_GN	ماغ		0		GN		"lin 'ماغ_gn_PN' = mkPN ""ماغ_N"" fem hum;"		fun 'ماغ_gn_PN' : PN ;
malcolm_GN	مالكولم	google-translated	0	1.0	GN		"lin 'مالكولم_gn_PN' = mkPN ""مالكولم_N"" masc hum;"		fun 'مالكولم_gn_PN' : PN ;
mamie_GN	مامي	google-translated	0		GN		"lin 'مامي_gn_PN' = mkPN ""مامي_N"" fem hum;"		fun 'مامي_gn_PN' : PN ;
mandy_GN	ماندي	google-translated	0		GN		"lin 'ماندي_gn_PN' = mkPN ""ماندي_N"" fem hum;"		fun 'ماندي_gn_PN' : PN ;
margaret_GN	مارغريت	google-translated	0		GN		"lin 'مارغريت_gn_PN' = mkPN ""مارغريت_N"" fem hum;"		fun 'مارغريت_gn_PN' : PN ;
marge_GN	مارغي	guessed	0		GN		"lin 'مارغي_gn_PN' = mkPN ""مارغي_N"" fem hum;"		fun 'مارغي_gn_PN' : PN ;
margery_GN	مارجري	google-translated	0		GN		"lin 'مارجري_gn_PN' = mkPN ""مارجري_N"" fem hum;"		fun 'مارجري_gn_PN' : PN ;
margie_GN	مارجي	google-translated	0		GN		"lin 'مارجي_gn_PN' = mkPN ""مارجي_N"" fem hum;"		fun 'مارجي_gn_PN' : PN ;
maria_GN	ماريا	google-translated	0		GN		"lin 'ماريا_gn_PN' = mkPN ""ماريا_N"" fem hum;"		fun 'ماريا_gn_PN' : PN ;
marian_GN	ماريان	google-translated	0	1.0	GN		"lin 'ماريان_gn_PN' = mkPN ""ماريان_N"" masc hum;"		fun 'ماريان_gn_PN' : PN ;
marie_GN	ماري	google-translated	0	1.0	GN		"lin 'ماري_gn_PN' = mkPN ""ماري_N"" masc hum;"		fun 'ماري_gn_PN' : PN ;
marilyn_GN	مارلين	google-translated	0		GN		"lin 'مارلين_gn_PN' = mkPN ""مارلين_N"" fem hum;"		fun 'مارلين_gn_PN' : PN ;
marion_GN	ماريون	google-translated	0	1.0	GN		"lin 'ماريون_gn_PN' = mkPN ""ماريون_N"" masc hum;"		fun 'ماريون_gn_PN' : PN ;
marjorie_GN	مارجوري	google-translated	0		GN		"lin 'مارجوري_gn_PN' = mkPN ""مارجوري_N"" fem hum;"		fun 'مارجوري_gn_PN' : PN ;
marlene_GN	مارلين	google-translated	0		GN		"lin 'مارلين_gn_PN' = mkPN ""مارلين_N"" fem hum;"		fun 'مارلين_gn_PN' : PN ;
marsh_GN	اهوار	google-translated	0	1.0	GN		"lin 'اهوار_gn_PN' = mkPN ""اهوار_N"" masc hum;"		fun 'اهوار_gn_PN' : PN ;
martha_GN	مارثا	google-translated	0		GN		"lin 'مارثا_gn_PN' = mkPN ""مارثا_N"" fem hum;"		fun 'مارثا_gn_PN' : PN ;
mary_GN	ماري	google-translated	0		GN		"lin 'ماري_gn_PN' = mkPN ""ماري_N"" fem hum;"		fun 'ماري_gn_PN' : PN ;
matt_GN	مات	google-translated	0	1.0	GN		"lin 'مات_gn_PN' = mkPN ""مات_N"" masc hum;"		fun 'مات_gn_PN' : PN ;
maud_GN	مود	google-translated	0		GN		"lin 'مود_gn_PN' = mkPN ""مود_N"" fem hum;"		fun 'مود_gn_PN' : PN ;
maudie_GN	مودي	google-translated	0		GN		"lin 'مودي_gn_PN' = mkPN ""مودي_N"" fem hum;"		fun 'مودي_gn_PN' : PN ;
maureen_GN	مورين	google-translated	0		GN		"lin 'مورين_gn_PN' = mkPN ""مورين_N"" fem hum;"		fun 'مورين_gn_PN' : PN ;
maurice_GN	موريس	google-translated	0	1.0	GN		"lin 'موريس_gn_PN' = mkPN ""موريس_N"" masc hum;"		fun 'موريس_gn_PN' : PN ;
mavis_GN	ميفيس	google-translated	0		GN		"lin 'ميفيس_gn_PN' = mkPN ""ميفيس_N"" fem hum;"		fun 'ميفيس_gn_PN' : PN ;
max_GN	ماكس		0	1.0	GN		"lin 'ماكس_gn_PN' = mkPN ""ماكس_N"" masc hum;"		fun 'ماكس_gn_PN' : PN ;
maxim_GN	ماكسيم		0	1.0	GN		"lin 'ماكسيم_gn_PN' = mkPN ""ماكسيم_N"" masc hum;"		fun 'ماكسيم_gn_PN' : PN ;
maxine_GN	ماكسين	google-translated	0		GN		"lin 'ماكسين_gn_PN' = mkPN ""ماكسين_N"" fem hum;"		fun 'ماكسين_gn_PN' : PN ;
meg_GN	ميج	google-translated	0		GN		"lin 'ميج_gn_PN' = mkPN ""ميج_N"" fem hum;"		fun 'ميج_gn_PN' : PN ;
michelle_GN	ميشيل	google-translated	0		GN		"lin 'ميشيل_gn_PN' = mkPN ""ميشيل_N"" fem hum;"		fun 'ميشيل_gn_PN' : PN ;
mick_GN	ميك	google-translated	0	1.0	GN		"lin 'ميك_gn_PN' = mkPN ""ميك_N"" masc hum;"		fun 'ميك_gn_PN' : PN ;
mickey_GN	ميكي		0	1.0	GN		"lin 'ميكي_gn_PN' = mkPN ""ميكي_N"" masc hum;"		fun 'ميكي_gn_PN' : PN ;
mike_GN	مايك	google-translated	0	1.0	GN		"lin 'مايك_gn_PN' = mkPN ""مايك_N"" masc hum;"		fun 'مايك_gn_PN' : PN ;
mildred_GN	ميلدريد	google-translated	0		GN		"lin 'ميلدريد_gn_PN' = mkPN ""ميلدريد_N"" fem hum;"		fun 'ميلدريد_gn_PN' : PN ;
miles_GN	ميليس		0	1.0	GN		"lin 'ميليس_gn_PN' = mkPN ""ميليس_N"" masc hum;"		fun 'ميليس_gn_PN' : PN ;
millicent_GN	ميليسنت	google-translated	0		GN		"lin 'ميليسنت_gn_PN' = mkPN ""ميليسنت_N"" fem hum;"		fun 'ميليسنت_gn_PN' : PN ;
millie_GN	ميلي	google-translated	0		GN		"lin 'ميلي_gn_PN' = mkPN ""ميلي_N"" fem hum;"		fun 'ميلي_gn_PN' : PN ;
miranda_GN	ميراندا	google-translated	0		GN		"lin 'ميراندا_gn_PN' = mkPN ""ميراندا_N"" fem hum;"		fun 'ميراندا_gn_PN' : PN ;
miriam_GN	مريم	google-translated	0		GN		"lin 'مريم_gn_PN' = mkPN ""مريم_N"" fem hum;"		fun 'مريم_gn_PN' : PN ;
moira_GN	مويرا	google-translated	0		GN		"lin 'مويرا_gn_PN' = mkPN ""مويرا_N"" fem hum;"		fun 'مويرا_gn_PN' : PN ;
molly_GN	مولي	google-translated	0		GN		"lin 'مولي_gn_PN' = mkPN ""مولي_N"" fem hum;"		fun 'مولي_gn_PN' : PN ;
monica_GN	مونيكا	google-translated	0		GN		"lin 'مونيكا_gn_PN' = mkPN ""مونيكا_N"" fem hum;"		fun 'مونيكا_gn_PN' : PN ;
moon_GN	موون		0	1.0	GN		"lin 'موون_gn_PN' = mkPN ""موون_N"" masc hum;"		fun 'موون_gn_PN' : PN ;
muriel_GN	مورييل	google-translated	0		GN		"lin 'مورييل_gn_PN' = mkPN ""مورييل_N"" fem hum;"		fun 'مورييل_gn_PN' : PN ;
myra_GN	ميرا	google-translated	0		GN		"lin 'ميرا_gn_PN' = mkPN ""ميرا_N"" fem hum;"		fun 'ميرا_gn_PN' : PN ;
napoleon_GN	نابليون	google-translated	0	1.0	GN		"lin 'نابليون_gn_PN' = mkPN ""نابليون_N"" masc hum;"		fun 'نابليون_gn_PN' : PN ;
nat_GN	نات	google-translated	0	1.0	GN		"lin 'نات_gn_PN' = mkPN ""نات_N"" masc hum;"		fun 'نات_gn_PN' : PN ;
natalie_GN	ناتالي	google-translated	0		GN		"lin 'ناتالي_gn_PN' = mkPN ""ناتالي_N"" fem hum;"		fun 'ناتالي_gn_PN' : PN ;
nathaniel_GN	ناثانيال	google-translated	0	1.0	GN		"lin 'ناثانيال_gn_PN' = mkPN ""ناثانيال_N"" masc hum;"		fun 'ناثانيال_gn_PN' : PN ;
ned_GN	نيد	google-translated	0	1.0	GN		"lin 'نيد_gn_PN' = mkPN ""نيد_N"" masc hum;"		fun 'نيد_gn_PN' : PN ;
neil_GN	نيل	google-translated	0	1.0	GN		"lin 'نيل_gn_PN' = mkPN ""نيل_N"" masc hum;"		fun 'نيل_gn_PN' : PN ;
nell_GN	نيل	google-translated	0		GN		"lin 'نيل_gn_PN' = mkPN ""نيل_N"" fem hum;"		fun 'نيل_gn_PN' : PN ;
nelly_GN	نيللي	google-translated	0		GN		"lin 'نيللي_gn_PN' = mkPN ""نيللي_N"" fem hum;"		fun 'نيللي_gn_PN' : PN ;
nick_GN	نيك	google-translated	0	1.0	GN		"lin 'نيك_gn_PN' = mkPN ""نيك_N"" masc hum;"		fun 'نيك_gn_PN' : PN ;
nicola_GN	نيكولا	google-translated	0	1.0	GN		"lin 'نيكولا_gn_PN' = mkPN ""نيكولا_N"" masc hum;"		fun 'نيكولا_gn_PN' : PN ;
nicole_GN	نيكول	google-translated	0		GN		"lin 'نيكول_gn_PN' = mkPN ""نيكول_N"" fem hum;"		fun 'نيكول_gn_PN' : PN ;
nigel_GN	نايجل	google-translated	0	1.0	GN		"lin 'نايجل_gn_PN' = mkPN ""نايجل_N"" masc hum;"		fun 'نايجل_gn_PN' : PN ;
noel_GN	نويل	google-translated	0	1.0	GN		"lin 'نويل_gn_PN' = mkPN ""نويل_N"" masc hum;"		fun 'نويل_gn_PN' : PN ;
nora_GN	نورا	google-translated	0		GN		"lin 'نورا_gn_PN' = mkPN ""نورا_N"" fem hum;"		fun 'نورا_gn_PN' : PN ;
olive_GN	أوليف	google-translated	0		GN		"lin 'أوليف_gn_PN' = mkPN ""أوليف_N"" fem hum;"		fun 'أوليف_gn_PN' : PN ;
olivia_GN	أوليفيا	google-translated	0		GN		"lin 'أوليفيا_gn_PN' = mkPN ""أوليفيا_N"" fem hum;"		fun 'أوليفيا_gn_PN' : PN ;
ollie_GN	أُولي	google-translated	0		GN		"lin 'أُولي_gn_PN' = mkPN ""أُولي_N"" fem hum;"		fun 'أُولي_gn_PN' : PN ;
oscar_GN	أوسكار	google-translated	0	1.0	GN		"lin 'أوسكار_gn_PN' = mkPN ""أوسكار_N"" masc hum;"		fun 'أوسكار_gn_PN' : PN ;
ozzie_GN	أوزي	google-translated	0	1.0	GN		"lin 'أوزي_gn_PN' = mkPN ""أوزي_N"" masc hum;"		fun 'أوزي_gn_PN' : PN ;
pam_GN	بام	google-translated	0		GN		"lin 'بام_gn_PN' = mkPN ""بام_N"" fem hum;"		fun 'بام_gn_PN' : PN ;
pamela_GN	باميلا	google-translated	0		GN		"lin 'باميلا_gn_PN' = mkPN ""باميلا_N"" fem hum;"		fun 'باميلا_gn_PN' : PN ;
pat_GN	بات	google-translated	0	1.0	GN		"lin 'بات_gn_PN' = mkPN ""بات_N"" masc hum;"		fun 'بات_gn_PN' : PN ;
patience_GN	باشنس	guessed	0		GN		"lin 'باشنس_gn_PN' = mkPN ""باشنس_N"" fem hum;"		fun 'باشنس_gn_PN' : PN ;
patricia_GN	باتريشيا	google-translated	0		GN		"lin 'باتريشيا_gn_PN' = mkPN ""باتريشيا_N"" fem hum;"		fun 'باتريشيا_gn_PN' : PN ;
patty_GN	فطيرة	google-translated	0	1.0	GN		"lin 'فطيرة_gn_PN' = mkPN ""فطيرة_N"" masc hum;"		fun 'فطيرة_gn_PN' : PN ;
paul_GN	بول	google-translated	0	1.0	GN		"lin 'بول_gn_PN' = mkPN ""بول_N"" masc hum;"		fun 'بول_gn_PN' : PN ;
paula_GN	باولا	google-translated	0		GN		"lin 'باولا_gn_PN' = mkPN ""باولا_N"" fem hum;"		fun 'باولا_gn_PN' : PN ;
pauline_GN	بولين	google-translated	0		GN		"lin 'بولين_gn_PN' = mkPN ""بولين_N"" fem hum;"		fun 'بولين_gn_PN' : PN ;
pavlova_GN	بافلوفا	google-translated	0	1.0	GN		"lin 'بافلوفا_gn_PN' = mkPN ""بافلوفا_N"" masc hum;"		fun 'بافلوفا_gn_PN' : PN ;
pearl_GN	ييرل		0		GN		"lin 'ييرل_gn_PN' = mkPN ""ييرل_N"" fem hum;"		fun 'ييرل_gn_PN' : PN ;
peg_GN	بيغ	guessed	0		GN		"lin 'بيغ_gn_PN' = mkPN ""بيغ_N"" fem hum;"		fun 'بيغ_gn_PN' : PN ;
peggy_GN	بيجي	google-translated	0		GN		"lin 'بيجي_gn_PN' = mkPN ""بيجي_N"" fem hum;"		fun 'بيجي_gn_PN' : PN ;
penny_GN	بيني		0		GN		"lin 'بيني_gn_PN' = mkPN ""بيني_N"" fem hum;"		fun 'بيني_gn_PN' : PN ;
pete_GN	بيت	google-translated	0	1.0	GN		"lin 'بيت_gn_PN' = mkPN ""بيت_N"" masc hum;"		fun 'بيت_gn_PN' : PN ;
phil_GN	فيل	google-translated	0	1.0	GN		"lin 'فيل_gn_PN' = mkPN ""فيل_N"" masc hum;"		fun 'فيل_gn_PN' : PN ;
philip_GN	فيليب	google-translated	0	1.0	GN		"lin 'فيليب_gn_PN' = mkPN ""فيليب_N"" masc hum;"		fun 'فيليب_gn_PN' : PN ;
philippa_GN	فيليبا	google-translated	0		GN		"lin 'فيليبا_gn_PN' = mkPN ""فيليبا_N"" fem hum;"		fun 'فيليبا_gn_PN' : PN ;
phyllis_GN	فيليس	google-translated	0		GN		"lin 'فيليس_gn_PN' = mkPN ""فيليس_N"" fem hum;"		fun 'فيليس_gn_PN' : PN ;
polly_GN	بولي	google-translated	0		GN		"lin 'بولي_gn_PN' = mkPN ""بولي_N"" fem hum;"		fun 'بولي_gn_PN' : PN ;
priscilla_GN	بريسيلا	google-translated	0		GN		"lin 'بريسيلا_gn_PN' = mkPN ""بريسيلا_N"" fem hum;"		fun 'بريسيلا_gn_PN' : PN ;
pru_GN	برو	google-translated	0		GN		"lin 'برو_gn_PN' = mkPN ""برو_N"" fem hum;"		fun 'برو_gn_PN' : PN ;
prudence_GN	برودنس		0		GN		"lin 'برودنس_gn_PN' = mkPN ""برودنس_N"" fem hum;"		fun 'برودنس_gn_PN' : PN ;
quentin_GN	كوينتين	google-translated	0	1.0	GN		"lin 'كوينتين_gn_PN' = mkPN ""كوينتين_N"" masc hum;"		fun 'كوينتين_gn_PN' : PN ;
rachel_GN	راشيل	google-translated	0		GN		"lin 'راشيل_gn_PN' = mkPN ""راشيل_N"" fem hum;"		fun 'راشيل_gn_PN' : PN ;
rada_GN	رادا	google-translated	0		GN		"lin 'رادا_gn_PN' = mkPN ""رادا_N"" fem hum;"		fun 'رادا_gn_PN' : PN ;
ralph_GN	رالف	google-translated	0	1.0	GN		"lin 'رالف_gn_PN' = mkPN ""رالف_N"" masc hum;"		fun 'رالف_gn_PN' : PN ;
randolph_GN	راندولف	google-translated	0	1.0	GN		"lin 'راندولف_gn_PN' = mkPN ""راندولف_N"" masc hum;"		fun 'راندولف_gn_PN' : PN ;
ray_GN	راي	google-translated	0	1.0	GN		"lin 'راي_gn_PN' = mkPN ""راي_N"" masc hum;"		fun 'راي_gn_PN' : PN ;
raymond_GN	ريمون	google-translated	0	1.0	GN		"lin 'ريمون_gn_PN' = mkPN ""ريمون_N"" masc hum;"		fun 'ريمون_gn_PN' : PN ;
reg_GN	ريج	google-translated	0	1.0	GN		"lin 'ريج_gn_PN' = mkPN ""ريج_N"" masc hum;"		fun 'ريج_gn_PN' : PN ;
reginald_GN	ريجنالد	google-translated	0	1.0	GN		"lin 'ريجنالد_gn_PN' = mkPN ""ريجنالد_N"" masc hum;"		fun 'ريجنالد_gn_PN' : PN ;
rex_GN	ريكس	google-translated	0	1.0	GN		"lin 'ريكس_gn_PN' = mkPN ""ريكس_N"" masc hum;"		fun 'ريكس_gn_PN' : PN ;
richard_GN	ريتشارد	google-translated	0	1.0	GN		"lin 'ريتشارد_gn_PN' = mkPN ""ريتشارد_N"" masc hum;"		fun 'ريتشارد_gn_PN' : PN ;
rick_GN	ريك	google-translated	0	1.0	GN		"lin 'ريك_gn_PN' = mkPN ""ريك_N"" masc hum;"		fun 'ريك_gn_PN' : PN ;
ricky_GN	ريكي	google-translated	0	1.0	GN		"lin 'ريكي_gn_PN' = mkPN ""ريكي_N"" masc hum;"		fun 'ريكي_gn_PN' : PN ;
rip_GN	رِيب	google-translated	0	1.0	GN		"lin 'رِيب_gn_PN' = mkPN ""رِيب_N"" masc hum;"		fun 'رِيب_gn_PN' : PN ;
rita_GN	ريتا	google-translated	0		GN		"lin 'ريتا_gn_PN' = mkPN ""ريتا_N"" fem hum;"		fun 'ريتا_gn_PN' : PN ;
rob_GN	روب	google-translated	0	1.0	GN		"lin 'روب_gn_PN' = mkPN ""روب_N"" masc hum;"		fun 'روب_gn_PN' : PN ;
robin_GN	روبن	google-translated	0	1.0	GN		"lin 'روبن_gn_PN' = mkPN ""روبن_N"" masc hum;"		fun 'روبن_gn_PN' : PN ;
rod_GN	رود		0	1.0	GN		"lin 'رود_gn_PN' = mkPN ""رود_N"" masc hum;"		fun 'رود_gn_PN' : PN ;
rodney_GN	رودني	google-translated	0	1.0	GN		"lin 'رودني_gn_PN' = mkPN ""رودني_N"" masc hum;"		fun 'رودني_gn_PN' : PN ;
roger_GN	روجر		0	1.0	GN		"lin 'روجر_gn_PN' = mkPN ""روجر_N"" masc hum;"		fun 'روجر_gn_PN' : PN ;
ron_GN	رون	google-translated	0	1.0	GN		"lin 'رون_gn_PN' = mkPN ""رون_N"" masc hum;"		fun 'رون_gn_PN' : PN ;
ronald_GN	رونالد	google-translated	0	1.0	GN		"lin 'رونالد_gn_PN' = mkPN ""رونالد_N"" masc hum;"		fun 'رونالد_gn_PN' : PN ;
ronnie_GN	روني	google-translated	0	1.0	GN		"lin 'روني_gn_PN' = mkPN ""روني_N"" masc hum;"		fun 'روني_gn_PN' : PN ;
rosalie_GN	روزالي	google-translated	0		GN		"lin 'روزالي_gn_PN' = mkPN ""روزالي_N"" fem hum;"		fun 'روزالي_gn_PN' : PN ;
rosalind_GN	روزاليند	google-translated	0		GN		"lin 'روزاليند_gn_PN' = mkPN ""روزاليند_N"" fem hum;"		fun 'روزاليند_gn_PN' : PN ;
rosamund_GN	روزاموند	google-translated	0		GN		"lin 'روزاموند_gn_PN' = mkPN ""روزاموند_N"" fem hum;"		fun 'روزاموند_gn_PN' : PN ;
rose_GN	روز		0		GN		"lin 'روز_gn_PN' = mkPN ""روز_N"" fem hum;"		fun 'روز_gn_PN' : PN ;
rosemary_GN	روزماري	google-translated	0		GN		"lin 'روزماري_gn_PN' = mkPN ""روزماري_N"" fem hum;"		fun 'روزماري_gn_PN' : PN ;
rosie_GN	روزي	google-translated	0		GN		"lin 'روزي_gn_PN' = mkPN ""روزي_N"" fem hum;"		fun 'روزي_gn_PN' : PN ;
roy_GN	روي	google-translated	0	1.0	GN		"lin 'روي_gn_PN' = mkPN ""روي_N"" masc hum;"		fun 'روي_gn_PN' : PN ;
rudolf_GN	رودولف	google-translated	0	1.0	GN		"lin 'رودولف_gn_PN' = mkPN ""رودولف_N"" masc hum;"		fun 'رودولف_gn_PN' : PN ;
rudy_GN	رودي	google-translated	0	1.0	GN		"lin 'رودي_gn_PN' = mkPN ""رودي_N"" masc hum;"		fun 'رودي_gn_PN' : PN ;
rupert_GN	روبرت	google-translated	0	1.0	GN		"lin 'روبرت_gn_PN' = mkPN ""روبرت_N"" masc hum;"		fun 'روبرت_gn_PN' : PN ;
saki_GN	ساكي	google-translated	0		GN		"lin 'ساكي_gn_PN' = mkPN ""ساكي_N"" fem hum;"		fun 'ساكي_gn_PN' : PN ;
sally_GN	سالي	google-translated	0		GN		"lin 'سالي_gn_PN' = mkPN ""سالي_N"" fem hum;"		fun 'سالي_gn_PN' : PN ;
sam_GN	سام	google-translated	0	1.0	GN		"lin 'سام_gn_PN' = mkPN ""سام_N"" masc hum;"		fun 'سام_gn_PN' : PN ;
samantha_GN	سامانثا	google-translated	0		GN		"lin 'سامانثا_gn_PN' = mkPN ""سامانثا_N"" fem hum;"		fun 'سامانثا_gn_PN' : PN ;
sammy_GN	سامي	google-translated	0	1.0	GN		"lin 'سامي_gn_PN' = mkPN ""سامي_N"" masc hum;"		fun 'سامي_gn_PN' : PN ;
sandra_GN	ساندرا	google-translated	0		GN		"lin 'ساندرا_gn_PN' = mkPN ""ساندرا_N"" fem hum;"		fun 'ساندرا_gn_PN' : PN ;
sandy_GN	ساندي	google-translated	0	1.0	GN		"lin 'ساندي_gn_PN' = mkPN ""ساندي_N"" masc hum;"		fun 'ساندي_gn_PN' : PN ;
sara_GN	سارا	google-translated	0	1.0	GN		"lin 'سارا_gn_PN' = mkPN ""سارا_N"" masc hum;"		fun 'سارا_gn_PN' : PN ;
seamus_GN	شيموس	google-translated	0	1.0	GN		"lin 'شيموس_gn_PN' = mkPN ""شيموس_N"" masc hum;"		fun 'شيموس_gn_PN' : PN ;
sean_GN	شون	google-translated	0	1.0	GN		"lin 'شون_gn_PN' = mkPN ""شون_N"" masc hum;"		fun 'شون_gn_PN' : PN ;
sharon_GN	شارون	google-translated	0	1.0	GN		"lin 'شارون_gn_PN' = mkPN ""شارون_N"" masc hum;"		fun 'شارون_gn_PN' : PN ;
sheila_GN	شيلا	google-translated	0		GN		"lin 'شيلا_gn_PN' = mkPN ""شيلا_N"" fem hum;"		fun 'شيلا_gn_PN' : PN ;
sidney_GN	سيدني	google-translated	0	1.0	GN		"lin 'سيدني_gn_PN' = mkPN ""سيدني_N"" masc hum;"		fun 'سيدني_gn_PN' : PN ;
simon_GN	سيمون	google-translated	0	1.0	GN		"lin 'سيمون_gn_PN' = mkPN ""سيمون_N"" masc hum;"		fun 'سيمون_gn_PN' : PN ;
sonia_GN	سونيا	google-translated	0		GN		"lin 'سونيا_gn_PN' = mkPN ""سونيا_N"" fem hum;"		fun 'سونيا_gn_PN' : PN ;
sophia_GN	صوفيا	google-translated	0		GN		"lin 'صوفيا_gn_PN' = mkPN ""صوفيا_N"" fem hum;"		fun 'صوفيا_gn_PN' : PN ;
sophie_GN	صوفي	google-translated	0		GN		"lin 'صوفي_gn_PN' = mkPN ""صوفي_N"" fem hum;"		fun 'صوفي_gn_PN' : PN ;
stan_GN	ستان	google-translated	0	1.0	GN		"lin 'ستان_gn_PN' = mkPN ""ستان_N"" masc hum;"		fun 'ستان_gn_PN' : PN ;
stella_GN	ستيلا	google-translated	0		GN		"lin 'ستيلا_gn_PN' = mkPN ""ستيلا_N"" fem hum;"		fun 'ستيلا_gn_PN' : PN ;
sten_GN	ستين	google-translated	0	1.0	GN		"lin 'ستين_gn_PN' = mkPN ""ستين_N"" masc hum;"		fun 'ستين_gn_PN' : PN ;
stephanie_GN	ستيفاني	google-translated	0		GN		"lin 'ستيفاني_gn_PN' = mkPN ""ستيفاني_N"" fem hum;"		fun 'ستيفاني_gn_PN' : PN ;
stephen_GN	ستيفن	google-translated	0	1.0	GN		"lin 'ستيفن_gn_PN' = mkPN ""ستيفن_N"" masc hum;"		fun 'ستيفن_gn_PN' : PN ;
steve_GN	ستيف	google-translated	0	1.0	GN		"lin 'ستيف_gn_PN' = mkPN ""ستيف_N"" masc hum;"		fun 'ستيف_gn_PN' : PN ;
steven_GN	ستيفن	google-translated	0	1.0	GN		"lin 'ستيفن_gn_PN' = mkPN ""ستيفن_N"" masc hum;"		fun 'ستيفن_gn_PN' : PN ;
sue_GN	قاضى	google-translated	0		GN		"lin 'قاضى_gn_PN' = mkPN ""قاضى_N"" fem hum;"		fun 'قاضى_gn_PN' : PN ;
susan_GN	سوزان	google-translated	0		GN		"lin 'سوزان_gn_PN' = mkPN ""سوزان_N"" fem hum;"		fun 'سوزان_gn_PN' : PN ;
susie_GN	سوزي	google-translated	0		GN		"lin 'سوزي_gn_PN' = mkPN ""سوزي_N"" fem hum;"		fun 'سوزي_gn_PN' : PN ;
suzanne_GN	سوزان	google-translated	0		GN		"lin 'سوزان_gn_PN' = mkPN ""سوزان_N"" fem hum;"		fun 'سوزان_gn_PN' : PN ;
sylvia_GN	سيلفيا	google-translated	0		GN		"lin 'سيلفيا_gn_PN' = mkPN ""سيلفيا_N"" fem hum;"		fun 'سيلفيا_gn_PN' : PN ;
ted_GN	تيد	google-translated	0	1.0	GN		"lin 'تيد_gn_PN' = mkPN ""تيد_N"" masc hum;"		fun 'تيد_gn_PN' : PN ;
teddy_GN	تيدي		0	1.0	GN		"lin 'تيدي_gn_PN' = mkPN ""تيدي_N"" masc hum;"		fun 'تيدي_gn_PN' : PN ;
terence_GN	تيرينس	google-translated	0	1.0	GN		"lin 'تيرينس_gn_PN' = mkPN ""تيرينس_N"" masc hum;"		fun 'تيرينس_gn_PN' : PN ;
terry_GN	تيري	google-translated	0	1.0	GN		"lin 'تيري_gn_PN' = mkPN ""تيري_N"" masc hum;"		fun 'تيري_gn_PN' : PN ;
tess_GN	تيس	google-translated	0		GN		"lin 'تيس_gn_PN' = mkPN ""تيس_N"" fem hum;"		fun 'تيس_gn_PN' : PN ;
tessa_GN	تيسا	google-translated	0		GN		"lin 'تيسا_gn_PN' = mkPN ""تيسا_N"" fem hum;"		fun 'تيسا_gn_PN' : PN ;
theo_GN	ثيو	google-translated	0	1.0	GN		"lin 'ثيو_gn_PN' = mkPN ""ثيو_N"" masc hum;"		fun 'ثيو_gn_PN' : PN ;
theodore_GN	ثيودور	google-translated	0	1.0	GN		"lin 'ثيودور_gn_PN' = mkPN ""ثيودور_N"" masc hum;"		fun 'ثيودور_gn_PN' : PN ;
theresa_GN	تريزا		0		GN		"lin 'تريزا_gn_PN' = mkPN ""تريزا_N"" fem hum;"		fun 'تريزا_gn_PN' : PN ;
thomas_GN	توماس	google-translated	0	1.0	GN		"lin 'توماس_gn_PN' = mkPN ""توماس_N"" masc hum;"		fun 'توماس_gn_PN' : PN ;
tim_GN	تيم	google-translated	0	1.0	GN		"lin 'تيم_gn_PN' = mkPN ""تيم_N"" masc hum;"		fun 'تيم_gn_PN' : PN ;
timmy_GN	تيمي	google-translated	0	1.0	GN		"lin 'تيمي_gn_PN' = mkPN ""تيمي_N"" masc hum;"		fun 'تيمي_gn_PN' : PN ;
tina_GN	تينا	google-translated	0		GN		"lin 'تينا_gn_PN' = mkPN ""تينا_N"" fem hum;"		fun 'تينا_gn_PN' : PN ;
toby_GN	توبي	google-translated	0	1.0	GN		"lin 'توبي_gn_PN' = mkPN ""توبي_N"" masc hum;"		fun 'توبي_gn_PN' : PN ;
tom_GN	توم	google-translated	0	1.0	GN		"lin 'توم_gn_PN' = mkPN ""توم_N"" masc hum;"		fun 'توم_gn_PN' : PN ;
tommy_GN	تومي	google-translated	0	1.0	GN		"lin 'تومي_gn_PN' = mkPN ""تومي_N"" masc hum;"		fun 'تومي_gn_PN' : PN ;
tony_GN	توني	google-translated	0	1.0	GN		"lin 'توني_gn_PN' = mkPN ""توني_N"" masc hum;"		fun 'توني_gn_PN' : PN ;
ursula_GN	أورسولا	google-translated	0		GN		"lin 'أورسولا_gn_PN' = mkPN ""أورسولا_N"" fem hum;"		fun 'أورسولا_gn_PN' : PN ;
vera_GN	فيرا	google-translated	0		GN		"lin 'فيرا_gn_PN' = mkPN ""فيرا_N"" fem hum;"		fun 'فيرا_gn_PN' : PN ;
vernon_GN	فيرنون	google-translated	0	1.0	GN		"lin 'فيرنون_gn_PN' = mkPN ""فيرنون_N"" masc hum;"		fun 'فيرنون_gn_PN' : PN ;
veronica_GN	فيرونيكا	google-translated	0		GN		"lin 'فيرونيكا_gn_PN' = mkPN ""فيرونيكا_N"" fem hum;"		fun 'فيرونيكا_gn_PN' : PN ;
vic_GN	فيك	guessed	0	1.0	GN		"lin 'فيك_gn_PN' = mkPN ""فيك_N"" masc hum;"		fun 'فيك_gn_PN' : PN ;
vicenza_GN	فيتشنزا	google-translated	0		GN		"lin 'فيتشنزا_gn_PN' = mkPN ""فيتشنزا_N"" fem hum;"		fun 'فيتشنزا_gn_PN' : PN ;
vicky_GN	فيكي	google-translated	0		GN		"lin 'فيكي_gn_PN' = mkPN ""فيكي_N"" fem hum;"		fun 'فيكي_gn_PN' : PN ;
victor_GN	فيكتور	google-translated	0	1.0	GN		"lin 'فيكتور_gn_PN' = mkPN ""فيكتور_N"" masc hum;"		fun 'فيكتور_gn_PN' : PN ;
victoria_GN	فيكتوريا	google-translated	0		GN		"lin 'فيكتوريا_gn_PN' = mkPN ""فيكتوريا_N"" fem hum;"		fun 'فيكتوريا_gn_PN' : PN ;
vince_GN	فينس	google-translated	0	1.0	GN		"lin 'فينس_gn_PN' = mkPN ""فينس_N"" masc hum;"		fun 'فينس_gn_PN' : PN ;
vincent_GN	فنسنت	google-translated	0	1.0	GN		"lin 'فنسنت_gn_PN' = mkPN ""فنسنت_N"" masc hum;"		fun 'فنسنت_gn_PN' : PN ;
viola_GN	فيولا	google-translated	0		GN		"lin 'فيولا_gn_PN' = mkPN ""فيولا_N"" fem hum;"		fun 'فيولا_gn_PN' : PN ;
violet_GN	فايوليت	guessed	0		GN		"lin 'فايوليت_gn_PN' = mkPN ""فايوليت_N"" fem hum;"		fun 'فايوليت_gn_PN' : PN ;
viv_GN	فيف	google-translated	0	1.0	GN		"lin 'فيف_gn_PN' = mkPN ""فيف_N"" masc hum;"		fun 'فيف_gn_PN' : PN ;
vivian_GN	فيفيان	google-translated	0	1.0	GN		"lin 'فيفيان_gn_PN' = mkPN ""فيفيان_N"" masc hum;"		fun 'فيفيان_gn_PN' : PN ;
vivien_GN	فيفيان	google-translated	0	1.0	GN		"lin 'فيفيان_gn_PN' = mkPN ""فيفيان_N"" masc hum;"		fun 'فيفيان_gn_PN' : PN ;
vivienne_GN	فيفيان	google-translated	0		GN		"lin 'فيفيان_gn_PN' = mkPN ""فيفيان_N"" fem hum;"		fun 'فيفيان_gn_PN' : PN ;
warwick_GN	وارويك	google-translated	0	1.0	GN		"lin 'وارويك_gn_PN' = mkPN ""وارويك_N"" masc hum;"		fun 'وارويك_gn_PN' : PN ;
wendy_GN	ويندي	google-translated	0		GN		"lin 'ويندي_gn_PN' = mkPN ""ويندي_N"" fem hum;"		fun 'ويندي_gn_PN' : PN ;
wilf_GN	ويلف	google-translated	0	1.0	GN		"lin 'ويلف_gn_PN' = mkPN ""ويلف_N"" masc hum;"		fun 'ويلف_gn_PN' : PN ;
wilfrid_GN	ويلفريد	google-translated	0	1.0	GN		"lin 'ويلفريد_gn_PN' = mkPN ""ويلفريد_N"" masc hum;"		fun 'ويلفريد_gn_PN' : PN ;
will_GN	ويل		0	1.0	GN		"lin 'ويل_gn_PN' = mkPN ""ويل_N"" masc hum;"		fun 'ويل_gn_PN' : PN ;
william_GN	وليام	google-translated	0	1.0	GN		"lin 'وليام_gn_PN' = mkPN ""وليام_N"" masc hum;"		fun 'وليام_gn_PN' : PN ;
willie_GN	ويلي	google-translated	0	1.0	GN		"lin 'ويلي_gn_PN' = mkPN ""ويلي_N"" masc hum;"		fun 'ويلي_gn_PN' : PN ;
willy_GN	ويلي	google-translated	0	1.0	GN		"lin 'ويلي_gn_PN' = mkPN ""ويلي_N"" masc hum;"		fun 'ويلي_gn_PN' : PN ;
winnie_GN	ويني	google-translated	0		GN		"lin 'ويني_gn_PN' = mkPN ""ويني_N"" fem hum;"		fun 'ويني_gn_PN' : PN ;
yogi_GN	يوغي	google-translated	0	1.0	GN		"lin 'يوغي_gn_PN' = mkPN ""يوغي_N"" masc hum;"		fun 'يوغي_gn_PN' : PN ;
yvonne_GN	ايفون	google-translated	0		GN		"lin 'ايفون_gn_PN' = mkPN ""ايفون_N"" fem hum;"		fun 'ايفون_gn_PN' : PN ;
zoe_GN	زوي	google-translated	0		GN		"lin 'زوي_gn_PN' = mkPN ""زوي_N"" fem hum;"		fun 'زوي_gn_PN' : PN ;
