	wiki_idx	en_entry	ar	vocal_forms	pos	wiki_pos	select	entry_num	ar_letters	senses	tim_translit	file
31	-1	added_A	مضاف	مُضاف	A	adj	1	0	ميم-ضمة | ضاد | ألف | فاء	added	muDAf	157_20231122.1302_Q79_Q34
0	-1	authoritarian_1_A	استبدادي	اِسْتِبْدادِي	A	noun	0	0	ألف-كسرة | سين-سكون | تاء-كسرة | باء-سكون | دال | ألف | دال-كسرة | ياء	despotism / monopolization+my	AisotibodAdiy	7_20231122.1302_Q79_Q34
1	-1	authoritarian_1_A	استبدادي	اِسْتِبْدادِي	A	adj	1	0	ألف-كسرة | سين-سكون | تاء-كسرة | باء-سكون | دال | ألف | دال-كسرة | ياء	arbitrary / authoritarian	AisotibodAdiy	7_20231122.1302_Q79_Q34
213	-1	chinese_N	صينىة	صِينِيَّة	N	noun	1	0	صاد-كسرة | ياء | نون-كسرة | ياء-شدة-فتحة | تاء مربوطة	Chinese+[fem.sg.]	Siyniy~ap	10_20231201.1559_Q79_Q34
214	-1	chinese_N	صينىة	صِينِيَّة	N	adj	0	0	صاد-كسرة | ياء | نون-كسرة | ياء-شدة-فتحة | تاء مربوطة	Chinese+[fem.sg.]	Siyniy~ap	10_20231201.1559_Q79_Q34
215	-1	chinese_N	صينىة	صِينِيَّة	N	noun	0	0	صاد-كسرة | ياء | نون-كسرة | ياء-شدة-فتحة | تاء مربوطة	porcelain / china+[fem.sg.]	Siyniy~ap	10_20231201.1559_Q79_Q34
228	-1	dari_N	دارية	دارَيْه	N	noun	0	0	دال | ألف | راء-فتحة | ياء-سكون | هاء	house / home+his / its_two	dArayoh	15_20231201.1559_Q79_Q34
229	-1	dari_N	دارية	دارَّيْه	N	adj	0	0	دال | ألف | راء-شدة-فتحة | ياء-سكون | هاء	copious / showering+his / its_two	dAr~ayoh	15_20231201.1559_Q79_Q34
230	-1	dari_N	دارية	دارِيه	N	noun	0	0	دال | ألف | راء-كسرة | ياء | هاء	aware / knowing / cognizant+his / its	dAriyh	15_20231201.1559_Q79_Q34
231	-1	dari_N	دارية	دارِيَّة	N	noun	1	0	دال | ألف | راء-كسرة | ياء-شدة-فتحة | تاء مربوطة		dAriy~ap	15_20231201.1559_Q79_Q34
232	-1	dari_N	دارية	دارِيَة	N	noun	0	0	دال | ألف | راء-كسرة | ياء-فتحة | تاء مربوطة	aware / knowing / cognizant+[fem.sg.]	dAriyap	15_20231201.1559_Q79_Q34
69	-1	development_2_N	تطوير	تَطْوِير	N	noun	1	0	تاء-فتحة | طاء-سكون | واو-كسرة | ياء | راء	development / advancement / promotion	taTowiyr	29_20231122.1302_Q79_Q34
262	-1	italian_N	ايطالية	إِيطالِيَّة	N	adj	0	0	همزة تحت الألف-كسرة | ياء | طاء | ألف | لام-كسرة | ياء-شدة-فتحة | تاء مربوطة	Italian+[fem.sg.]	<iyTAliy~ap	31_20231201.1559_Q79_Q34
263	-1	italian_N	ايطالية	إِيطالِيَّة	N	noun	1	0	همزة تحت الألف-كسرة | ياء | طاء | ألف | لام-كسرة | ياء-شدة-فتحة | تاء مربوطة		<iyTAliy~ap	31_20231201.1559_Q79_Q34
107	-1	krona_1_N	كرون	كَرَوْن	N	verb	0	0	كاف-فتحة | راء-فتحة | واو-سكون | نون	excavate+they_[fem.pl.]_<verb>	karawon	69_20231122.1302_Q79_Q34
108	-1	krona_1_N	كرون	كَرون	N	noun	1	0	كاف-فتحة | راء | واو | نون		karwn	69_20231122.1302_Q79_Q34
264	-1	latvian_N	لاتفية	لاتفية	N	noun	1	0	لام | ألف | تاء | فاء | ياء | تاء مربوطة		lAtfyp	32_20231201.1559_Q79_Q34
14	-1	median_3_A	الوسيط	الوَسِيط	A	adj	1	0	ألف | لام | واو-فتحة | سين-كسرة | ياء | طاء	the+mediator / go-between / intermediary	AlwasiyT	76_20231122.1302_Q79_Q34
16	-1	nordic_2_A	الشمال	الشَّمال	A	adj	1	0				84_20231122.1302_Q79_Q34
299	-1	regent_1_N	وصي	وَصِي	N	noun	1	0	واو-فتحة | صاد-كسرة | ياء	authorized_agent / trustee	waSiy	45_20231201.1559_Q79_Q34
300	-1	regent_1_N	وصي	وَصَّى	N	verb	0	0	واو-فتحة | صاد-شدة-فتحة | ألف مقصورة	recommend / advise+he / it_<verb>	waS~aY	45_20231201.1559_Q79_Q34
133	-1	reserve_2_N	احتياطي	اِحْتِياطَي	N	noun	1	0	ألف-كسرة | حاء-سكون | تاء-كسرة | ياء | ألف | طاء-فتحة | ياء	reserve_(econ.,_geol.,_milit.,_spo.)+my_two	AiHotiyATay	108_20231122.1302_Q79_Q34
134	-1	reserve_2_N	احتياطي	اِحْتِياطِي	N	adj	0	0	ألف-كسرة | حاء-سكون | تاء-كسرة | ياء | ألف | طاء-كسرة | ياء	precautionary / contingency / reserve	AiHotiyATiy	108_20231122.1302_Q79_Q34
309	-1	spanish_N	أسبانية	إِسْبانِيَّة	N	noun	1	0	همزة تحت الألف-كسرة | سين-سكون | باء | ألف | نون-كسرة | ياء-شدة-فتحة | تاء مربوطة	Spanish / Spaniard+[fem.sg.]	<isobAniy~ap	48_20231201.1559_Q79_Q34
310	-1	spanish_N	أسبانية	إِسْبانِيَّة	N	adj	0	0	همزة تحت الألف-كسرة | سين-سكون | باء | ألف | نون-كسرة | ياء-شدة-فتحة | تاء مربوطة	Spanish / Spaniard+[fem.sg.]	<isobAniy~ap	48_20231201.1559_Q79_Q34
319	-1	terrorist_N	ارهابي	إِرْهابَي	N	noun	0	0	همزة تحت الألف-كسرة | راء-سكون | هاء | ألف | باء-فتحة | ياء	terrorism / terrorizing+my_two	<irohAbay	51_20231201.1559_Q79_Q34
320	-1	terrorist_N	ارهابي	إِرْهابِي	N	adj	0	0	همزة تحت الألف-كسرة | راء-سكون | هاء | ألف | باء-كسرة | ياء	terrorist	<irohAbiy	51_20231201.1559_Q79_Q34
321	-1	terrorist_N	ارهابي	إِرْهابِي	N	noun	1	0	همزة تحت الألف-كسرة | راء-سكون | هاء | ألف | باء-كسرة | ياء	terrorist	<irohAbiy	51_20231201.1559_Q79_Q34
208	8500	birr_1_N	بير	بِيرَ	N	verb	1	1	باء-كسرة | ياء | راء		biyr	6_20231201.1559_Q79_Q34
56	4097	capital_3_N	عاصمة	عَاصِمَة	N	noun	1	1	عين-فتحة | ألف | صاد-كسرة | ميم-فتحة | تاء مربوطة	['capital city']	EaASimap	16_20231122.1302_Q79_Q34
32	124114	care_N	رعاية	رِعايَة	N	noun	1	1	راء-كسرة | عين | ألف | ياء-فتحة | تاء مربوطة	['care, support, custody']	riEAyap	151_20231122.1302_Q79_Q34
57	4717	child_1_N	طفل	طِفْل	N	noun	1	1	طاء-كسرة | فاء-سكون | لام	['child (a minor) / children (a minor)']	Tifol	17_20231122.1302_Q79_Q34
58	4717	child_2_N	طفل	طِفْل	N	noun	1	1	طاء-كسرة | فاء-سكون | لام	['child (a minor) / children (a minor)']	Tifol	18_20231122.1302_Q79_Q34
59	783	city_1_N	مدينة	مَدِينَة	N	noun	1	1	ميم-فتحة | دال-كسرة | ياء | نون-فتحة | تاء مربوطة	['town, city / jurisdiction']	madiynap	19_20231122.1302_Q79_Q34
194	116328	consider_6_V3	اعتبر	اِعْتَبَر	V3	verb	1	1	ألف-كسرة | عين-سكون | تاء-فتحة | باء-فتحة | راء	['to take example, to take warning, to learn a lesson (بِـ (bi-): from) / to acknowledge, value, respect / to consider, to regard as / to examine, to investigate, to put to test']	AiEotabar	20_20231122.1302_Q79_Q34
60	4589	country_1_N	دولة	دَوْلَة	N	noun	1	1	دال-فتحة | واو-سكون | لام-فتحة | تاء مربوطة	['state (sovereign polity) / alternation, change']	dawolap	21_20231122.1302_Q79_Q34
61	4589	country_2_N	دولة	دَوْلَة	N	noun	1	1	دال-فتحة | واو-سكون | لام-فتحة | تاء مربوطة	['state (sovereign polity) / alternation, change']	dawolap	22_20231122.1302_Q79_Q34
62	280	culture_6_N	ثقافة	ثَقَافَة	N	noun	1	1	ثاء-فتحة | قاف-فتحة | ألف | فاء-فتحة | تاء مربوطة	['verbal noun of ثَقُفَ (ṯaqufa) (form I) / sagacity, intelligence, wit, refinement, culture / culture (civilization) / education, literacy']	vaqaAfap	23_20231122.1302_Q79_Q34
233	117299	decline_1_N	انخفاض	اِنْخِفَاض	N	noun	1	1	ألف-كسرة | نون-سكون | خاء-كسرة | فاء-فتحة | ألف | ضاد	['verbal noun of اِنْخَفَضَ (inḵafaḍa) (form VII)']	AinoxifaAD	16_20231201.1559_Q79_Q34
70	124144	distribution_1_N	توزيع	تَوْزِيع	N	noun	1	1	تاء-فتحة | واو-سكون | زاي-كسرة | ياء | عين	['verbal noun of وَزَّعَ (wazzaʕa) (form II)']	tawoziyE	30_20231122.1302_Q79_Q34
2	4973	domestic_1_A	محلي	مَحَلِّيّ	A	adj	1	1	ميم-فتحة | حاء-فتحة | لام-شدة-كسرة | ياء-شدة	['local, national']	maHal~iy~	31_20231122.1302_Q79_Q34
74	1590	economy_1_N	اقتصاد	اِقْتِصَاد	N	noun	1	1	ألف-كسرة | قاف-سكون | تاء-كسرة | صاد-فتحة | ألف | دال	['verbal noun of اِقْتَصَدَ (iqtaṣada) (form VIII) / economy (“frugal use of resources”) / economy (“system of production and distribution”) / economics']	AiqotiSaAd	33_20231122.1302_Q79_Q34
75	4810	education_1_N	تعليم	تَعْلِيم	N	noun	1	1	تاء-فتحة | عين-سكون | لام-كسرة | ياء | ميم	['verbal noun of عَلَّمَ (ʕallama) (form II) / teaching, education']	taEoliym	34_20231122.1302_Q79_Q34
78	124020	fertility_1_N	خصوبة	خُصُوبَة	N	noun	1	1	خاء-ضمة | صاد-ضمة | واو | باء-فتحة | تاء مربوطة	['fertility']	xuSuwbap	39_20231122.1302_Q79_Q34
3	117599	following_2_A	تالي	تَالِي	A	adj	1	1	تاء-فتحة | ألف | لام-كسرة | ياء	['']	taAliy	41_20231122.1302_Q79_Q34
84	21466	food_1_N	طعام	طَعَام	N	noun	1	1	طاء-فتحة | عين-فتحة | ألف | ميم	['food / food, prepared meal / feeding / wheat / grain, cereal']	TaEaAm	42_20231122.1302_Q79_Q34
85	10170	freedom_1_N	حرية	حُرِّيَّة	N	noun	1	1	حاء-ضمة | راء-شدة-كسرة | ياء-شدة-فتحة | تاء مربوطة	['verbal noun of حَرَّ (ḥarra) (form I) / freedom, liberty']	Hur~iy~ap	44_20231122.1302_Q79_Q34
7	10802	full_3_A	ممتلئ	مُمْتَلِئ	A	adj	1	1	ميم-ضمة | ميم-سكون | تاء-فتحة | لام-كسرة | همزة على الياء	['full, filled, filled up, replete']	mumotali}	45_20231122.1302_Q79_Q34
86	767	government_1_N	حكومة	حُكُومَة	N	noun	1	1	حاء-ضمة | كاف-ضمة | واو | ميم-فتحة | تاء مربوطة	['verbal noun of حَكَمَ (ḥakama) (form I) / government / authority, dominion / empire, state / jurisdiction / sentence, judgment']	Hukuwmap	49_20231122.1302_Q79_Q34
8	124714	gross_1_A	إجمالي	إِجْمَالِيّ	A	adj	1	1	همزة تحت الألف-كسرة | جيم-سكون | ميم-فتحة | ألف | لام-كسرة | ياء-شدة	['comprehensive, general, total']	<ijomaAliy~	50_20231122.1302_Q79_Q34
87	8394	growth_3_N	نمو	نُمُوّ	N	noun	1	1	نون-ضمة | ميم-ضمة | واو-شدة	['growth / progress']	numuw~	51_20231122.1302_Q79_Q34
28	26328	health_N	صحية	صِحِّيَّة	N	noun	1	1	صاد-كسرة | حاء-شدة-كسرة | ياء-شدة-فتحة | تاء مربوطة	['feminine singular of صِحِّيّ (ṣiḥḥiyy)']	SiH~iy~ap	150_20231122.1302_Q79_Q34
254	5558	human_N	إنسان	إِنْسَان	N	noun	1	1	همزة تحت الألف-كسرة | نون-سكون | سين-فتحة | ألف | نون	['human']	<inosaAn	25_20231201.1559_Q79_Q34
11	124077	individual_4_A	فردي	فَرْدِيّ	A	adj	1	1	فاء-فتحة | راء-سكون | دال-كسرة | ياء-شدة	['single / individual, personal / odd, uneven']	farodiy~	59_20231122.1302_Q79_Q34
96	23116	kilometre_1_N	كيلومتر	كِيلُومِتْر	N	noun	1	1	كاف-كسرة | ياء | لام-ضمة | واو | ميم-كسرة | تاء-سكون | راء	['kilometre']	kiyluwmitor	66_20231122.1302_Q79_Q34
109	153	language_1_N	لغة	لُغَة	N	noun	1	1	لام-ضمة | غين-فتحة | تاء مربوطة	['language / dialect, vernacular / jargon / a variant / Classical Arabic / lexicography, lexicographic literature, lexicographers']	lugap	71_20231122.1302_Q79_Q34
265	844	leader_1_N	قائد	قَائِد	N	noun	1	1	قاف-فتحة | ألف | همزة على الياء-كسرة | دال	['leader / director, manager / head, chief / commander, commandant']	qaA}id	33_20231201.1559_Q79_Q34
110	10011	member_4_N	عضو	عُضْو	N	noun	1	1	عين-ضمة | ضاد-سكون | واو	['organ / member / limb / branch, piece, section']	EuDow	77_20231122.1302_Q79_Q34
111	10011	member_4_N	عضو	عِضْو	N	noun		1	عين-كسرة | ضاد-سكون | واو	['organ / member / limb / branch, piece, section']	EiDow	77_20231122.1302_Q79_Q34
35	818	minister_N	وزير	وَزِير	N	noun	1	1	واو-فتحة | زاي-كسرة | ياء | راء	['minister, cabinet minister / vizier / helper, assistant / queen']	waziyr	152_20231122.1302_Q79_Q34
15	115192	moderate_1_A	معتدل	مُعْتَدِل	A	adj	1	1	ميم-ضمة | عين-سكون | تاء-فتحة | دال-كسرة | لام	['straight, even, proportionate / temperate, mild, moderate']	muEotadil	79_20231122.1302_Q79_Q34
112	765	newspaper_3_N	جريدة	جَرِيدَة	N	noun	1	1	جيم-فتحة | راء-كسرة | ياء | دال-فتحة | تاء مربوطة	['singulative of جَرِيد (jarīd, “defoliated palm”) / detachment of horsemen / newspaper']	jariydap	83_20231122.1302_Q79_Q34
113	9993	office_4_N	مكتب	مَكْتَب	N	noun	1	1	ميم-فتحة | كاف-سكون | تاء-فتحة | باء	['maktab, elementary school / desk / office / bureau / study']	makotab	88_20231122.1302_Q79_Q34
114	763	politics_2_N	سياسة	سِيَاسَة	N	noun	1	1	سين-كسرة | ياء-فتحة | ألف | سين-فتحة | تاء مربوطة	['verbal noun of سَاسَ (sāsa) (form I) / administration, management / policy / politics / political government (as opposed to رِئَاسَة (riʔāsa, “ecclesiastical government”))']	siyaAsap	90_20231122.1302_Q79_Q34
120	4551	pound_8_N	جنيه	جُنَيْه	N	noun	1	1	جيم-ضمة | نون-فتحة | ياء-سكون | هاء	['pound (unit of currency)']	junayoh	94_20231122.1302_Q79_Q34
129	12398	rental_2_N	تأجير	تَأْجِير	N	noun	1	1	تاء-فتحة | همزة على الألف-سكون | جيم-كسرة | ياء | راء	['verbal noun of أَجَّرَ (ʔajjara) (form II)']	ta>ojiyr	105_20231122.1302_Q79_Q34
22	4180	representative_3_A	ممثل	مُمَثِّل	A	noun	1	1	ميم-ضمة | ميم-فتحة | ثاء-شدة-كسرة | لام	['actor / representative (in government)']	mumav~il	106_20231122.1302_Q79_Q34
138	4590	sport_1_N	رياضة	رِيَاضَة	N	noun	1	1	راء-كسرة | ياء-فتحة | ألف | ضاد-فتحة | تاء مربوطة	['sport (physical activity) / mathematics']	riyaADap	119_20231122.1302_Q79_Q34
139	661	system_1_N	نظام	نِظَام	N	noun	1	1	نون-كسرة | ظاء-فتحة | ألف | ميم	['system / regularity / order / method / rule / regime: perhaps short for نِظَام الْحُكْم (niẓām al-ḥukm, “system of rule”)']	niZaAm	124_20231122.1302_Q79_Q34
36	117242	tax_N	ضريبة	ضَرِيبَة	N	noun	1	1	ضاد-فتحة | راء-كسرة | ياء | باء-فتحة | تاء مربوطة	['tribute, tax, public levy']	Dariybap	155_20231122.1302_Q79_Q34
140	27309	unit_3_N	وحدة	وَحْدَة	N	noun	1	1	واو-فتحة | حاء-سكون | دال-فتحة | تاء مربوطة	['unit (a standard measure of a quantity) / unit (a group within an organization that has been assigned a specific duty or function) / unit; module (part of a book or educational course) / union, unity; oneness (the state of being united as one) / loneliness (a feeling of depression resulting from being alone)']	waHodap	128_20231122.1302_Q79_Q34
37	20995	value_N	قيمة	قِيمَة	N	noun	1	1	قاف-كسرة | ياء | ميم-فتحة | تاء مربوطة	['value, worth / amount, quantity / price']	qiymap	156_20231122.1302_Q79_Q34
149	3098	woman_1_N	امرأة	اِمْرَأَة	N	noun	1	1	ألف-كسرة | ميم-سكون | راء-فتحة | همزة على الألف-فتحة | تاء مربوطة	['woman / (imraʔat-) wife']	Aimora>ap	137_20231122.1302_Q79_Q34
195	5921	absolute_3_A	مطلق	مُطَلَّق	A	adj		2	ميم-ضمة | طاء-فتحة | لام-شدة-فتحة | قاف	['divorced']	muTal~aq	0_20231201.1559_Q79_Q34
196	5922	absolute_3_A	مطلق	مُطْلَق	A	adj	1	2	ميم-ضمة | طاء-سكون | لام-فتحة | قاف	['absolute, utter, very, unlimited, unrestricted / downright / sovereign / liberated, free / implicit']	muTolaq	0_20231201.1559_Q79_Q34
29	3016	administrative_A	حاكم	حَاكِم	A	adj	1	2	حاء-فتحة | ألف | كاف-كسرة | ميم	['ruling, governing / decisive']	HaAkim	153_20231122.1302_Q79_Q34
30	3017	administrative_A	حاكم	حَاكِم	A	noun		2	حاء-فتحة | ألف | كاف-كسرة | ميم	['judge / ruler, sovereign / governor']	HaAkim	153_20231122.1302_Q79_Q34
197	8229	afghani_1_N	أفغاني	أَفْغَانِيّ	N	adj		2	همزة على الألف-فتحة | فاء-سكون | غين-فتحة | ألف | نون-كسرة | ياء-شدة	['Afghan']	>afogaAniy~	1_20231201.1559_Q79_Q34
198	8230	afghani_1_N	أفغاني	أَفْغَانِيّ	N	noun	1	2	همزة على الألف-فتحة | فاء-سكون | غين-فتحة | ألف | نون-كسرة | ياء-شدة	['Afghan']	>afogaAniy~	1_20231201.1559_Q79_Q34
202	115330	assyrian_2_N	آشوري	آشُورِيّ	N	adj		2	ألف ممدودة | شين-ضمة | واو | راء-كسرة | ياء-شدة	['Assyrian, Ashurite']	|$uwriy~	3_20231201.1559_Q79_Q34
203	115331	assyrian_2_N	آشوري	آشُورِيّ	N	noun	1	2	ألف ممدودة | شين-ضمة | واو | راء-كسرة | ياء-شدة	['Assyrian, Ashurite']	|$uwriy~	3_20231201.1559_Q79_Q34
204	6264	ban_2_N	منع	مَنْع	N	noun	1	2	ميم-فتحة | نون-سكون | عين	['verbal noun of مَنَعَ (manaʕa) (form I) / prevention']	manoE	4_20231201.1559_Q79_Q34
205	6265	ban_2_N	منع	مَنَعَ	N	verb		2	ميم-فتحة | نون-فتحة | عين-فتحة	['to hinder, to prevent, to repel / to defend, to protect / to forbid, to prohibit, to ban']	manaEa	4_20231201.1559_Q79_Q34
206	123390	belarusian_N	بيلاروسي	بِيلَارُوسِيّ	N	adj		2	باء-كسرة | ياء | لام-فتحة | ألف | راء-ضمة | واو | سين-كسرة | ياء-شدة	['Belarusian']	biylaAruwsiy~	5_20231201.1559_Q79_Q34
207	123391	belarusian_N	بيلاروسي	بِيلَارُوسِيّ	N	noun	1	2	باء-كسرة | ياء | لام-فتحة | ألف | راء-ضمة | واو | سين-كسرة | ياء-شدة	['Belarusian (person)']	biylaAruwsiy~	5_20231201.1559_Q79_Q34
54	7380	border_1_N	حدود	حُدُود	N	noun	1	2	حاء-ضمة | دال-ضمة | واو | دال	['plural of حَدّ (ḥadd)']	Huduwd	13_20231122.1302_Q79_Q34
55	7381	border_1_N	حدود	حُدُود	N	adj		2	حاء-ضمة | دال-ضمة | واو | دال	['masculine plural of حَدّ (ḥadd)']	Huduwd	13_20231122.1302_Q79_Q34
209	127879	bulgarian_N	بلغارية	بُلْغَارِيَّة	N	adj		2	باء-ضمة | لام-سكون | غين-فتحة | ألف | راء-كسرة | ياء-شدة-فتحة | تاء مربوطة	['feminine singular of بُلْغَارِيّ (bulḡāriyy, “Bulgarian”)']	bulogaAriy~ap	8_20231201.1559_Q79_Q34
210	127880	bulgarian_N	بلغارية	بُلْغَارِيَّة	N	noun	1	2	باء-ضمة | لام-سكون | غين-فتحة | ألف | راء-كسرة | ياء-شدة-فتحة | تاء مربوطة	['female equivalent of بُلْغَارِيّ (bulḡāriyy, “Bulgarian”): a Bulgarian woman / the Bulgarian language']	bulogaAriy~ap	8_20231201.1559_Q79_Q34
211	827	chairman_N	رئيس	رَئِيس	N	noun	1	2	راء-فتحة | همزة على الياء-كسرة | ياء | سين	['boss, chief, leader / director / headmaster, principal / chairman / governor / president / manager, superintendent / conductor / captain']	ra}iys	9_20231201.1559_Q79_Q34
212	828	chairman_N	رئيس	رَئِيس	N	adj	0	2	راء-فتحة | همزة على الياء-كسرة | ياء | سين	['main, chief, leading']	ra}iys	9_20231201.1559_Q79_Q34
216	26590	christianity_1_N	نصرانية	نَصْرَانِيَّة	N	noun		2	نون-فتحة | صاد-سكون | راء-فتحة | ألف | نون-كسرة | ياء-شدة-فتحة | تاء مربوطة	['female equivalent of نَصْرَانِيّ (naṣrāniyy)']	naSoraAniy~ap	11_20231201.1559_Q79_Q34
217	26591	christianity_1_N	نصرانية	نَصْرَانِيَّة	N	noun	1	2	نون-فتحة | صاد-سكون | راء-فتحة | ألف | نون-كسرة | ياء-شدة-فتحة | تاء مربوطة	['Christianity']	naSoraAniy~ap	11_20231201.1559_Q79_Q34
218	25071	communist_A	شيوعي	شُيُوعِيّ	A	adj	1	2	شين-ضمة | ياء-ضمة | واو | عين-كسرة | ياء-شدة	['communist / Communist / communal']	$uyuwEiy~	12_20231201.1559_Q79_Q34
219	25072	communist_A	شيوعي	شُيُوعِيّ	A	noun		2	شين-ضمة | ياء-ضمة | واو | عين-كسرة | ياء-شدة	['communist / Communist']	$uyuwEiy~	12_20231201.1559_Q79_Q34
220	8330	constitutional_2_A	دستوري	دُسْتُورِيّ	A	adj	1	2	دال-ضمة | سين-سكون | تاء-ضمة | واو | راء-كسرة | ياء-شدة	['constitutional']	dusotuwriy~	13_20231201.1559_Q79_Q34
221	8331	constitutional_2_A	دستوري	دُسْتُورِيّ	A	noun		2	دال-ضمة | سين-سكون | تاء-ضمة | واو | راء-كسرة | ياء-شدة	['constitutionalist']	dusotuwriy~	13_20231201.1559_Q79_Q34
234	25151	democratic_1_A	ديمقراطي	دِيمُقْرَاطِيّ	A	adj	1	2	دال-كسرة | ياء | ميم-ضمة | قاف-سكون | راء-فتحة | ألف | طاء-كسرة | ياء-شدة	['democratic']	diymuqoraATiy~	17_20231201.1559_Q79_Q34
235	25152	democratic_1_A	ديمقراطي	دِيمُقْرَاطِيّ	A	noun		2	دال-كسرة | ياء | ميم-ضمة | قاف-سكون | راء-فتحة | ألف | طاء-كسرة | ياء-شدة	['democrat']	diymuqoraATiy~	17_20231201.1559_Q79_Q34
240	115122	dutch_N	هولندي	هُولَنْدِيّ	N	adj		2	هاء-ضمة | واو | لام-فتحة | نون-سكون | دال-كسرة | ياء-شدة	['Netherlandish, Dutch']	huwlanodiy~	19_20231201.1559_Q79_Q34
241	115123	dutch_N	هولندي	هُولَنْدِيّ	N	noun	1	2	هاء-ضمة | واو | لام-فتحة | نون-سكون | دال-كسرة | ياء-شدة	['Netherlander, Dutchman']	huwlanodiy~	19_20231201.1559_Q79_Q34
76	13023	equality_1_N	مساواة	مُسَاوَاة	N	noun	1	2	ميم-ضمة | سين-فتحة | ألف | واو-فتحة | ألف | تاء مربوطة	['verbal noun of سَاوَى (sāwā) (form III) / equality, equivalence / equal rights / settlement (of a bill)']	musaAwaAp	36_20231122.1302_Q79_Q34
77	13024	equality_1_N	مساواة	مُسَاوَاة	N	adj		2	ميم-ضمة | سين-فتحة | ألف | واو-فتحة | ألف | تاء مربوطة	['feminine singular of مُسَاوًى (musāwan)']	musaAwaAp	36_20231122.1302_Q79_Q34
244	114856	flaw_3_N	عيب	عَيْب	N	noun	1	2	عين-فتحة | ياء-سكون | باء	['verbal noun of عَابَ (ʕāba) (form I) / fault, defect, deficiency, failing / flaw, shortcoming, blemish / vice, weakness / shame, disgrace']	Eayob	20_20231201.1559_Q79_Q34
245	114857	flaw_3_N	عيب	عَيَّبَ	N	verb		2	عين-فتحة | ياء-شدة-فتحة | باء-فتحة	['to find fault, to take exception, to object, to disapprove / to blame, to censure, to denounce, to decry / to reproach, to chide, to scold, to admonish, to reprimand']	Eay~aba	20_20231201.1559_Q79_Q34
246	793	flour_N	دقيق	دَقِيق	N	adj		2	دال-فتحة | قاف-كسرة | ياء | قاف	['precise, accurate, exact / fine, thin / delicate, fragile, frail / little, small, tiny, minute / subtle, puny / paltry, petty, trivial, trifling']	daqiyq	21_20231201.1559_Q79_Q34
247	794	flour_N	دقيق	دَقِيق	N	noun	1	2	دال-فتحة | قاف-كسرة | ياء | قاف	['flour, meal']	daqiyq	21_20231201.1559_Q79_Q34
248	10031	former_3_A	سابق	سَابِق	A	adj	1	2	سين-فتحة | ألف | باء-كسرة | قاف	['preceding, previous / former / active participle of سَبَقَ (sabaqa).']	saAbiq	22_20231201.1559_Q79_Q34
249	10032	former_3_A	سابق	سَابَقَ	A	verb		2	سين-فتحة | ألف | باء-فتحة | قاف-فتحة	['to race']	saAbaqa	22_20231201.1559_Q79_Q34
250	289	french_N	فرنسية	فَرَنْسِيَّة	N	adj		2	فاء-فتحة | راء-فتحة | نون-سكون | سين-كسرة | ياء-شدة-فتحة | تاء مربوطة	['feminine singular of فَرَنْسِيّ (faransiyy, “French”)']	faranosiy~ap	23_20231201.1559_Q79_Q34
251	290	french_N	فرنسية	فَرَنْسِيَّة	N	noun	1	2	فاء-فتحة | راء-فتحة | نون-سكون | سين-كسرة | ياء-شدة-فتحة | تاء مربوطة	['female equivalent of فَرَنْسِيّ (faransiyy, “a Frenchman”): a Frenchwoman / the French language, French']	faranosiy~ap	23_20231201.1559_Q79_Q34
9	5210	high_1_A	عالي	عَالِي	A	adv		2	عين-فتحة | ألف | لام-كسرة | ياء	['over, upon, above']	EaAliy	57_20231122.1302_Q79_Q34
10	5211	high_1_A	عالي	عَالِي	A	adj	1	2	عين-فتحة | ألف | لام-كسرة | ياء	['']	EaAliy	57_20231122.1302_Q79_Q34
252	450	hotel_N	فندق	فُنْدُق	N	noun	1	2	فاء-ضمة | نون-سكون | دال-ضمة | قاف	['inn / hotel']	funoduq	24_20231201.1559_Q79_Q34
253	451	hotel_N	فندق	فُنْدُق	N	noun		2	فاء-ضمة | نون-سكون | دال-ضمة | قاف	['Alternative form of بُنْدُق (bunduq)']	funoduq	24_20231201.1559_Q79_Q34
91	8094	index_2_N	فِهرِس	فِهْرِس	N	noun	1	2	فاء-كسرة | هاء-سكون | راء-كسرة | سين	['index / catalogue']	fihoris	58_20231122.1302_Q79_Q34
92	8095	index_2_N	فِهرِس	فَهْرَسَ	N	verb		2	فاء-فتحة | هاء-سكون | راء-فتحة | سين-فتحة	['to index']	fahorasa	58_20231122.1302_Q79_Q34
33	4617	inflation_1_N	تضخم	تَضَخَّمَ	N	verb		2	تاء-فتحة | ضاد-فتحة | خاء-شدة-فتحة | ميم-فتحة	['to swell, to become inflated']	taDax~ama	60_20231122.1302_Q79_Q34
34	4618	inflation_1_N	تضخم	تَضَخُّم	N	noun	1	2	تاء-فتحة | ضاد-فتحة | خاء-شدة-ضمة | ميم	['verbal noun of تَضَخَّمَ (taḍaḵḵama) (form V) / inflation (“increase in prices”)']	taDax~um	60_20231122.1302_Q79_Q34
12	4262	large_1_A	كبير	كَبِير	A	adj	1	2	كاف-فتحة | باء-كسرة | ياء | راء	['big, large / great, great importance / old (for a person)']	kabiyr	72_20231122.1302_Q79_Q34
13	4263	large_1_A	كبير	كَبِير	A	noun		2	كاف-فتحة | باء-كسرة | ياء | راء	['chief, leader']	kabiyr	72_20231122.1302_Q79_Q34
266	10173	low_1_A	قليل	قَلِيل	A	adj	1	2	قاف-فتحة | لام-كسرة | ياء | لام	['few, little / scarce / short, thin, paltry, insignificant-looking']	qaliyl	34_20231201.1559_Q79_Q34
267	10174	low_1_A	قليل	قَلِيل	A	noun		2	قاف-فتحة | لام-كسرة | ياء | لام	['a few; a little']	qaliyl	34_20231201.1559_Q79_Q34
268	4970	military_2_A	عسكري	عَسْكَرِيّ	A	adj	1	2	عين-فتحة | سين-سكون | كاف-فتحة | راء-كسرة | ياء-شدة	['military']	Easokariy~	35_20231201.1559_Q79_Q34
269	4971	military_2_A	عسكري	عَسْكَرِيّ	A	noun		2	عين-فتحة | سين-سكون | كاف-فتحة | راء-كسرة | ياء-شدة	['soldier / private / policeman / enlisted men']	Easokariy~	35_20231201.1559_Q79_Q34
17	788	obligatory_1_A	واجب	وَاجِب	A	adj	1	2	واو-فتحة | ألف | جيم-كسرة | باء	['necessary, indispensable, unavoidable, essential, inevitable, inescapable, requisite / binding, obligatory, incumbent, imperative / proper, adequate, fair']	waAjib	87_20231122.1302_Q79_Q34
18	789	obligatory_1_A	واجب	وَاجِب	A	noun		2	واو-فتحة | ألف | جيم-كسرة | باء	['duty, obligation / requirement, necessity, exigency / incumbency / task, assignment / homework']	waAjib	87_20231122.1302_Q79_Q34
293	127672	parliamentary_2_A	برلماني	بَرْلَمَانِيّ	A	adj	1	2	باء-فتحة | راء-سكون | لام-فتحة | ميم-فتحة | ألف | نون-كسرة | ياء-شدة	['parliamentary']	barolamaAniy~	42_20231201.1559_Q79_Q34
294	127673	parliamentary_2_A	برلماني	بَرْلَمَانِيّ	A	noun		2	باء-فتحة | راء-سكون | لام-فتحة | ميم-فتحة | ألف | نون-كسرة | ياء-شدة	['parliamentarian']	barolamaAniy~	42_20231201.1559_Q79_Q34
118	2092	position_6_N	موضع	مَوْضِع	N	noun	1	2	ميم-فتحة | واو-سكون | ضاد-كسرة | عين	['verbal noun of وَضَعَ (waḍaʕa) (form I) / position / place']	mawoDiE	93_20231122.1302_Q79_Q34
119	2093	position_6_N	موضع	مَوْضَع	N	noun		2	ميم-فتحة | واو-سكون | ضاد-فتحة | عين	['verbal noun of وَضَعَ (waḍaʕa) (form I)']	mawoDaE	93_20231122.1302_Q79_Q34
295	827	presidentFem_3_N	رئيس	رَئِيس	N	noun	1	2	راء-فتحة | همزة على الياء-كسرة | ياء | سين	['boss, chief, leader / director / headmaster, principal / chairman / governor / president / manager, superintendent / conductor / captain']	ra}iys	43_20231201.1559_Q79_Q34
296	828	presidentFem_3_N	رئيس	رَئِيس	N	adj		2	راء-فتحة | همزة على الياء-كسرة | ياء | سين	['main, chief, leading']	ra}iys	43_20231201.1559_Q79_Q34
121	827	presidentMasc_3_N	رئيس	رَئِيس	N	noun	1	2	راء-فتحة | همزة على الياء-كسرة | ياء | سين	['boss, chief, leader / director / headmaster, principal / chairman / governor / president / manager, superintendent / conductor / captain']	ra}iys	95_20231122.1302_Q79_Q34
122	828	presidentMasc_3_N	رئيس	رَئِيس	N	adj		2	راء-فتحة | همزة على الياء-كسرة | ياء | سين	['main, chief, leading']	ra}iys	95_20231122.1302_Q79_Q34
123	115671	product_2_N	منتج	مُنْتَج	N	noun	1	2	ميم-ضمة | نون-سكون | تاء-فتحة | جيم	['product']	munotaj	97_20231122.1302_Q79_Q34
124	115672	product_2_N	منتج	مَنْتَجَ	N	noun		2	ميم-فتحة | نون-سكون | تاء-فتحة | جيم-فتحة	['']	manotaja	97_20231122.1302_Q79_Q34
297	203	queen_2_N	ملكة	مَلِكَة	N	noun	1	2	ميم-فتحة | لام-كسرة | كاف-فتحة | تاء مربوطة	['queen']	malikap	44_20231201.1559_Q79_Q34
298	204	queen_2_N	ملكة	مَلَكَة	N	noun		2	ميم-فتحة | لام-فتحة | كاف-فتحة | تاء مربوطة	['possession / acquisition / attainment, acquired skill or quality, talent, virtue / habit, custom / slavery']	malakap	44_20231201.1559_Q79_Q34
125	23963	rate_2_N	معدل	مُعَدَّل	N	adj		2	ميم-ضمة | عين-فتحة | دال-شدة-فتحة | لام	['average']	muEad~al	101_20231122.1302_Q79_Q34
126	23964	rate_2_N	معدل	مُعَدَّل	N	noun	1	2	ميم-ضمة | عين-فتحة | دال-شدة-فتحة | لام	['rate / average']	muEad~al	101_20231122.1302_Q79_Q34
127	23963	rate_4_N	معدل	مُعَدَّل	N	adj		2	ميم-ضمة | عين-فتحة | دال-شدة-فتحة | لام	['average']	muEad~al	102_20231122.1302_Q79_Q34
128	23964	rate_4_N	معدل	مُعَدَّل	N	noun	1	2	ميم-ضمة | عين-فتحة | دال-شدة-فتحة | لام	['rate / average']	muEad~al	102_20231122.1302_Q79_Q34
317	20863	succeed_V2	نجح	نَجَحَ	V	verb	1	2	نون-فتحة | جيم-فتحة | حاء-فتحة	['to succeed, to be successful']	najaHa	50_20231201.1559_Q79_Q34
318	20864	succeed_V2	نجح	نَجْح	V	noun		2	نون-فتحة | جيم-سكون | حاء	['verbal noun of نَجَحَ (najaḥa) (form I)']	najoH	50_20231201.1559_Q79_Q34
26	23237	total_1_A	مجموع	مَجْمُوع	A	adj	1	2	ميم-فتحة | جيم-سكون | ميم-ضمة | واو | عين	['united / reconciled']	majomuwE	126_20231122.1302_Q79_Q34
27	23238	total_1_A	مجموع	مَجْمُوع	A	noun		2	ميم-فتحة | جيم-سكون | ميم-ضمة | واو | عين	['sum, crowd']	majomuwE	126_20231122.1302_Q79_Q34
328	842	water_1_N	ماء	مَاء	N	noun	1	2	ميم-فتحة | ألف | همزة	['water / liquid, fluid, the liquefied or molten form of a metal (usually gold, silver, or copper) / liquid, fluid, conceptive fluid; ejaculation']	maA'	56_20231201.1559_Q79_Q34
329	843	water_1_N	ماء	مَاءَ	N	verb		2	ميم-فتحة | ألف | همزة-فتحة	['to meow']	maA'a	56_20231201.1559_Q79_Q34
330	1072	world_1_N	عالم	عَالَم	N	noun	1	2	عين-فتحة | ألف | لام-فتحة | ميم	['world / universe, cosmos, existence / world, hereunder, worldly life / things, creation, that which exists before you / nation, people, group, type, or kind']	EaAlam	57_20231201.1559_Q79_Q34
331	1073	world_1_N	عالم	عَالِم	N	noun		2	عين-فتحة | ألف | لام-كسرة | ميم	['scholar, man of letters, scientist / knowledgeable person, savant']	EaAlim	57_20231201.1559_Q79_Q34
150	1072	world_5_N	عالم	عَالَم	N	noun	1	2	عين-فتحة | ألف | لام-فتحة | ميم	['world / universe, cosmos, existence / world, hereunder, worldly life / things, creation, that which exists before you / nation, people, group, type, or kind']	EaAlam	138_20231122.1302_Q79_Q34
151	1073	world_5_N	عالم	عَالِم	N	noun		2	عين-فتحة | ألف | لام-كسرة | ميم	['scholar, man of letters, scientist / knowledgeable person, savant']	EaAlim	138_20231122.1302_Q79_Q34
332	21836	yen_2_N	ين	يِن	N	suffix		2	ياء-كسرة | نون-فتحة	['Oblique form, i.e. genitive and accusative form, of ـُونَ (-ūna, plural suffix). The corresponding construct form is ـِي (-ī).']		58_20231201.1559_Q79_Q34
199	64	arabic_A	عربي	عَرَبِيّ	A	adj	1	3	عين-فتحة | راء-فتحة | باء-كسرة | ياء-شدة	['Arab / Arabic / Arabian']	Earabiy~	2_20231201.1559_Q79_Q34
200	65	arabic_A	عربي	عَرَبِيّ	A	noun		3	عين-فتحة | راء-فتحة | باء-كسرة | ياء-شدة	['Arab / Arabic (language)']	Earabiy~	2_20231201.1559_Q79_Q34
201	66	arabic_A	عربي	عَرِّبِي	A	verb		3	عين-فتحة | راء-شدة-كسرة | باء-كسرة | ياء	['second-person feminine singular active imperative of عَرَّبَ (ʕarraba)']	Ear~ibiy	2_20231201.1559_Q79_Q34
48	503	area_6_N	منطقة	مِنْطَقَة	N	noun		3	ميم-كسرة | نون-سكون | طاء-فتحة | قاف-فتحة | تاء مربوطة	['belt, girdle / zone / vicinity, range, district, area, territory, sphere / military sector / area, an administrative subdivision of Kuwait / province']	minoTaqap	4_20231122.1302_Q79_Q34
49	504	area_6_N	منطقة	مَنْطِقَة	N	noun	1	3	ميم-فتحة | نون-سكون | طاء-كسرة | قاف-فتحة | تاء مربوطة	['zone / vicinity, range, district, area, territory, sphere / military sector / area, an administrative subdivision of Kuwait / province']	manoTiqap	4_20231122.1302_Q79_Q34
50	505	area_6_N	منطقة	مَنْطَقَة	N	noun		3	ميم-فتحة | نون-سكون | طاء-فتحة | قاف-فتحة | تاء مربوطة	['verbal noun of مَنْطَقَ (manṭaqa) (form Iq)']	manoTaqap	4_20231122.1302_Q79_Q34
51	274	book_1_N	كتاب	كِتَاب	N	noun	1	3	كاف-كسرة | تاء-فتحة | ألف | باء	"[""verbal noun of كَتَبَ (kataba) (form I) / verbal noun of كَاتَبَ (kātaba) (form III) / letter, note, paper, piece of writing, message / book / the Scripture, the Qur'an or the Bible / record, document, deed, contract / a marriage contract.""]"	kitaAb	12_20231122.1302_Q79_Q34
52	275	book_1_N	كتاب	كُتَّاب	N	noun		3	كاف-ضمة | تاء-شدة-فتحة | ألف | باء	['plural of كَاتِب (kātib, “writer”)']	kut~aAb	12_20231122.1302_Q79_Q34
53	276	book_1_N	كتاب	كُتَّاب	N	noun		3	كاف-ضمة | تاء-شدة-فتحة | ألف | باء	"[""a traditional school for teaching Qur'an""]"	kut~aAb	12_20231122.1302_Q79_Q34
63	115590	currency_1_N	عملة	عُمْلَة	N	noun	1	3	عين-ضمة | ميم-سكون | لام-فتحة | تاء مربوطة	['currency, standardized money']	Eumolap	24_20231122.1302_Q79_Q34
64	115591	currency_1_N	عملة	عَمْلَة	N	noun		3	عين-فتحة | ميم-سكون | لام-فتحة | تاء مربوطة	['evil deed, perfidy']	Eamolap	24_20231122.1302_Q79_Q34
65	115592	currency_1_N	عملة	عِمْلَة	N	noun		3	عين-كسرة | ميم-سكون | لام-فتحة | تاء مربوطة	['mode of acting, manner of service, wise of working on a thing']	Eimolap	24_20231122.1302_Q79_Q34
66	5000	democracy_2_N	ديمقراطية	دِيمُقْرَاطِيَّة	N	noun	1	3	دال-كسرة | ياء | ميم-ضمة | قاف-سكون | راء-فتحة | ألف | طاء-كسرة | ياء-شدة-فتحة | تاء مربوطة	['democracy']	diymuqoraATiy~ap	28_20231122.1302_Q79_Q34
67	5001	democracy_2_N	ديمقراطية	دِيمُقرَاطِيَّة	N	noun		3	دال-كسرة | ياء | ميم-ضمة | قاف | راء-فتحة | ألف | طاء-كسرة | ياء-شدة-فتحة | تاء مربوطة	['female equivalent of دِيمُقْرَاطِيّ (dimuqrāṭiyy)']	diymuqraATiy~ap	28_20231122.1302_Q79_Q34
68	5002	democracy_2_N	ديمقراطية	دِيمُقرَاطِيَّة	N	adj		3	دال-كسرة | ياء | ميم-ضمة | قاف | راء-فتحة | ألف | طاء-كسرة | ياء-شدة-فتحة | تاء مربوطة	['feminine singular of دِيمُقْرَاطِيّ (dimuqrāṭiyy)']	diymuqraATiy~ap	28_20231122.1302_Q79_Q34
71	3888	east_4_N	شرق	شَرْق	N	noun	1	3	شين-فتحة | راء-سكون | قاف	['east; Orient']	$aroq	32_20231122.1302_Q79_Q34
72	3889	east_4_N	شرق	شَرِقَ	N	verb		3	شين-فتحة | راء-كسرة | قاف-فتحة	['to choke']	$ariqa	32_20231122.1302_Q79_Q34
73	3890	east_4_N	شرق	شَرَقٌ	N	noun		3	شين-فتحة | راء-فتحة | قاف-ضمتان	['verbal noun of شَرِقَ (šariqa) (form I)']	$araqN	32_20231122.1302_Q79_Q34
4	4339	free_1_A	حر	حُرّ	A	adj	1	3	حاء-ضمة | راء-شدة	['free / unimpeded / set free, freedman / born free and noble / virtuous, genuine, true, pure, good / unmixed']	Hur~	43_20231122.1302_Q79_Q34
5	4340	free_1_A	حر	حَرّ	A	noun		3	حاء-فتحة | راء-شدة	['heat / burning of the heart, from pain, wrath, distress, affliction, trouble or fatigue / difficulty or severity of work']	Har~	43_20231122.1302_Q79_Q34
6	4341	free_1_A	حر	حِرّ	A	noun		3	حاء-كسرة | راء-شدة	['vulva, pudendum of a woman']	Hir~	43_20231122.1302_Q79_Q34
88	384	head_4_N	رأس	رَأْس	N	noun	1	3	راء-فتحة | همزة على الألف-سكون | سين	['head / head (enumerator for cattle) / leader, chief, chieftain / tip, top, summit, peak, upper part / vertex, apex / extremity, end / promontory, headland, cape / main part / beginning']	ra>os	55_20231122.1302_Q79_Q34
89	385	head_4_N	رأس	رَأَسَ	N	verb		3	راء-فتحة | همزة على الألف-فتحة | سين-فتحة	['to be at the head, to be chairman, to chair, to be in charge, to preside / to head, to lead, to direct, to manage, to run']	ra>asa	55_20231122.1302_Q79_Q34
90	386	head_4_N	رأس	رَأَّسَ	N	verb		3	راء-فتحة | همزة على الألف-شدة-فتحة | سين-فتحة	['']	ra>~asa	55_20231122.1302_Q79_Q34
255	120130	hybrid_A	هجين	هَجِين	A	noun		3	هاء-فتحة | جيم-كسرة | ياء | نون	['hybrid, half-breed, mongrel']	hajiyn	26_20231201.1559_Q79_Q34
256	120131	hybrid_A	هجين	هَجِين	A	adj	1	3	هاء-فتحة | جيم-كسرة | ياء | نون	['hybrid, half-breed, mongrel']	hajiyn	26_20231201.1559_Q79_Q34
257	120132	hybrid_A	هجين	هَجِين	A	noun		3	هاء-فتحة | جيم-كسرة | ياء | نون	['dromedary (Camelus dromedarius) bred for athletic capabilities, such as race or police use']	hajiyn	26_20231201.1559_Q79_Q34
93	4825	inhabitant_1_N	سكان	سُكَّان	N	noun		3	سين-ضمة | كاف-شدة-فتحة | ألف | نون	['rudder, helm, steering wheel of a ship / steering wheel of a car']	suk~aAn	61_20231122.1302_Q79_Q34
94	4826	inhabitant_1_N	سكان	سَكَّان	N	noun		3	سين-فتحة | كاف-شدة-فتحة | ألف | نون	['One who sells or makes knives; cutler']	sak~aAn	61_20231122.1302_Q79_Q34
95	4827	inhabitant_1_N	سكان	سُكّان	N	noun	1	3	سين-ضمة | كاف-شدة | ألف | نون	['plural of سَاكِن (sākin)']	suk~An	61_20231122.1302_Q79_Q34
270	127092	monarchy_N	ملكية	مِلْكِيَّة	N	noun		3	ميم-كسرة | لام-سكون | كاف-كسرة | ياء-شدة-فتحة | تاء مربوطة	['ownership, property']	milokiy~ap	36_20231201.1559_Q79_Q34
271	127093	monarchy_N	ملكية	مَلَكِيَّة	N	noun	1	3	ميم-فتحة | لام-فتحة | كاف-كسرة | ياء-شدة-فتحة | تاء مربوطة	['monarchy']	malakiy~ap	36_20231201.1559_Q79_Q34
272	127094	monarchy_N	ملكية	مَلَكِيَّة	N	adj		3	ميم-فتحة | لام-فتحة | كاف-كسرة | ياء-شدة-فتحة | تاء مربوطة	['feminine singular of مَلَكِيّ (malakiyy, “royal”)']	malakiy~ap	36_20231201.1559_Q79_Q34
19	22237	official_1_A	رسمي	رَسْمِيّ	A	adj	1	3	راء-فتحة | سين-سكون | ميم-كسرة | ياء-شدة	['official, legitimate / formal / normal / conventional, according to rule / ceremonial']	rasomiy~	89_20231122.1302_Q79_Q34
20	22238	official_1_A	رسمي	رَسْمِيّ	A	noun		3	راء-فتحة | سين-سكون | ميم-كسرة | ياء-شدة	['official, public servant / pensioner, servant']	rasomiy~	89_20231122.1302_Q79_Q34
21	22239	official_1_A	رسمي	رَسِّمِي	A	verb		3	راء-فتحة | سين-شدة-كسرة | ميم-كسرة | ياء	['second-person feminine singular active imperative of رَسَّمَ (rassama)']	ras~imiy	89_20231122.1302_Q79_Q34
287	22237	official_3_A	رسمي	رَسْمِيّ	A	adj	1	3	راء-فتحة | سين-سكون | ميم-كسرة | ياء-شدة	['official, legitimate / formal / normal / conventional, according to rule / ceremonial']	rasomiy~	40_20231201.1559_Q79_Q34
288	22238	official_3_A	رسمي	رَسْمِيّ	A	noun		3	راء-فتحة | سين-سكون | ميم-كسرة | ياء-شدة	['official, public servant / pensioner, servant']	rasomiy~	40_20231201.1559_Q79_Q34
289	22239	official_3_A	رسمي	رَسِّمِي	A	verb		3	راء-فتحة | سين-شدة-كسرة | ميم-كسرة | ياء	['second-person feminine singular active imperative of رَسَّمَ (rassama)']	ras~imiy	40_20231201.1559_Q79_Q34
290	128096	orthodox_3_A	أرثوذكسية	أُرْثُوذُكْسِيَّة	A	noun		3	همزة على الألف-ضمة | راء-سكون | ثاء-ضمة | واو | ذال-ضمة | كاف-سكون | سين-كسرة | ياء-شدة-فتحة | تاء مربوطة	['orthodoxy']	>urovuw*ukosiy~ap	41_20231201.1559_Q79_Q34
291	128097	orthodox_3_A	أرثوذكسية	أُرْثُوذُكْسِيَّة	A	noun		3	همزة على الألف-ضمة | راء-سكون | ثاء-ضمة | واو | ذال-ضمة | كاف-سكون | سين-كسرة | ياء-شدة-فتحة | تاء مربوطة	['female equivalent of أُرْثُوذُكْسِيّ (ʔurṯūḏuksiyy)']	>urovuw*ukosiy~ap	41_20231201.1559_Q79_Q34
292	128098	orthodox_3_A	أرثوذكسية	أُرْثُوذُكْسِيَّة	A	adj	1	3	همزة على الألف-ضمة | راء-سكون | ثاء-ضمة | واو | ذال-ضمة | كاف-سكون | سين-كسرة | ياء-شدة-فتحة | تاء مربوطة	['feminine singular of أُرْثُوذُكْسِيّ (ʔurṯūḏuksiyy)']	>urovuw*ukosiy~ap	41_20231201.1559_Q79_Q34
115	4825	population_1_N	سكان	سُكَّان	N	noun		3	سين-ضمة | كاف-شدة-فتحة | ألف | نون	['rudder, helm, steering wheel of a ship / steering wheel of a car']	suk~aAn	91_20231122.1302_Q79_Q34
116	4826	population_1_N	سكان	سَكَّان	N	noun		3	سين-فتحة | كاف-شدة-فتحة | ألف | نون	['One who sells or makes knives; cutler']	sak~aAn	91_20231122.1302_Q79_Q34
117	4827	population_1_N	سكان	سُكّان	N	noun	1	3	سين-ضمة | كاف-شدة | ألف | نون	['plural of سَاكِن (sākin)']	suk~An	91_20231122.1302_Q79_Q34
165	8070	rank_2_V2	صنف	صَنَّفَ	V2	verb	1	3	صاد-فتحة | نون-شدة-فتحة | فاء-فتحة	['to sort, classify, or categorize something / to compile or compose']	San~afa	100_20231122.1302_Q79_Q34
166	8071	rank_2_V2	صنف	صِنْف	V2	noun		3	صاد-كسرة | نون-سكون | فاء	['kind, sort, specimen / class, genus, species, category / fringe, hem, border of a garment']	Sinof	100_20231122.1302_Q79_Q34
167	8071	rank_2_V2	صنف	صَنْف	V2	noun		3	صاد-فتحة | نون-سكون | فاء	['kind, sort, specimen / class, genus, species, category / fringe, hem, border of a garment']	Sanof	100_20231122.1302_Q79_Q34
168	8072	rank_2_V2	صنف	صَنْف	V2	name		3	صاد-فتحة | نون-سكون | فاء	['Champa (a historical region in Farther India)']	Sanof	100_20231122.1302_Q79_Q34
130	5003	republic_2_N	جمهورية	جُمْهُورِيَّة	N	noun	1	3	جيم-ضمة | ميم-سكون | هاء-ضمة | واو | راء-كسرة | ياء-شدة-فتحة | تاء مربوطة	['republicanism / republic']	jumohuwriy~ap	107_20231122.1302_Q79_Q34
131	5004	republic_2_N	جمهورية	جُمْهُورِيَّة	N	noun		3	جيم-ضمة | ميم-سكون | هاء-ضمة | واو | راء-كسرة | ياء-شدة-فتحة | تاء مربوطة	['female equivalent of جُمْهُورِيّ (jumhūriyy)']	jumohuwriy~ap	107_20231122.1302_Q79_Q34
132	5005	republic_2_N	جمهورية	جُمْهُورِيَّة	N	adj		3	جيم-ضمة | ميم-سكون | هاء-ضمة | واو | راء-كسرة | ياء-شدة-فتحة | تاء مربوطة	['feminine singular of جُمْهُورِيّ (jumhūriyy)']	jumohuwriy~ap	107_20231122.1302_Q79_Q34
306	244	russian_N	روسية	رُوسِيَّة	N	noun		3	راء-ضمة | واو | سين-كسرة | ياء-شدة-فتحة | تاء مربوطة	['a people inhabiting northeast Europe in the Middle Ages often presumed to be of Scandinavian stock']	ruwsiy~ap	47_20231201.1559_Q79_Q34
307	245	russian_N	روسية	رُوسِيَّة	N	adj		3	راء-ضمة | واو | سين-كسرة | ياء-شدة-فتحة | تاء مربوطة	['feminine singular of رُوسِيّ (rūsiyy, “Russian”)']	ruwsiy~ap	47_20231201.1559_Q79_Q34
308	246	russian_N	روسية	رُوسِيَّة	N	noun	1	3	راء-ضمة | واو | سين-كسرة | ياء-شدة-فتحة | تاء مربوطة	['female equivalent of رُوسِيّ (rūsiyy, “a Russian”): a female Russian / the Russian language, Russian']	ruwsiy~ap	47_20231201.1559_Q79_Q34
135	2177	south_3_N	جنوب	جَنُوب	N	noun	1	3	جيم-فتحة | نون-ضمة | واو | باء	['south']	januwb	116_20231122.1302_Q79_Q34
136	2178	south_3_N	جنوب	جُنُوب	N	noun		3	جيم-ضمة | نون-ضمة | واو | باء	['plural of جَنْب (janb)']	junuwb	116_20231122.1302_Q79_Q34
137	2179	south_3_N	جنوب	جُنُوب	N	noun		3	جيم-ضمة | نون-ضمة | واو | باء	['verbal noun of جَنَبَ (janaba) (form I)']	junuwb	116_20231122.1302_Q79_Q34
23	2787	square_1_A	مربع	مُرَبَّع	A	noun		3	ميم-ضمة | راء-فتحة | باء-شدة-فتحة | عين	['square, quadrangular piece / quartet']	murab~aE	120_20231122.1302_Q79_Q34
24	2788	square_1_A	مربع	مُرَبَّع	A	adj	1	3	ميم-ضمة | راء-فتحة | باء-شدة-فتحة | عين	['square, quadratic / fourfold, quadruple / tetragonal, quadrangular']	murab~aE	120_20231122.1302_Q79_Q34
25	2789	square_1_A	مربع	مَرْبَع	A	noun		3	ميم-فتحة | راء-سكون | باء-فتحة | عين	['meadow / pasture']	marobaE	120_20231122.1302_Q79_Q34
322	26869	thai_N	تايلاندية	تَايْلَانْدِيَّة	N	adj		3	تاء-فتحة | ألف | ياء-سكون | لام-فتحة | ألف | نون-سكون | دال-كسرة | ياء-شدة-فتحة | تاء مربوطة	['feminine singular of تَايْلَانْدِيّ (taylandiyy)']	taAyolaAnodiy~ap	52_20231201.1559_Q79_Q34
323	26870	thai_N	تايلاندية	تَايْلَانْدِيَّة	N	noun		3	تاء-فتحة | ألف | ياء-سكون | لام-فتحة | ألف | نون-سكون | دال-كسرة | ياء-شدة-فتحة | تاء مربوطة	['female equivalent of تَايْلَانْدِيّ (taylandiyy)']	taAyolaAnodiy~ap	52_20231201.1559_Q79_Q34
324	26871	thai_N	تايلاندية	تَايْلَانْدِيَّة	N	noun	1	3	تاء-فتحة | ألف | ياء-سكون | لام-فتحة | ألف | نون-سكون | دال-كسرة | ياء-شدة-فتحة | تاء مربوطة	['Thai language']	taAyolaAnodiy~ap	52_20231201.1559_Q79_Q34
325	303	turkish_N	تركية	تُرْكِيَّة	N	adj		3	تاء-ضمة | راء-سكون | كاف-كسرة | ياء-شدة-فتحة | تاء مربوطة	['feminine singular of تُرْكِيّ (turkiyy, “Turkish”)']	turokiy~ap	55_20231201.1559_Q79_Q34
326	304	turkish_N	تركية	تُرْكِيَّة	N	noun		3	تاء-ضمة | راء-سكون | كاف-كسرة | ياء-شدة-فتحة | تاء مربوطة	['female equivalent of تُرْكِيّ (turkiyy, “Turk”):, female equivalent of تُرْكِيّ (turkiyy, “Turk”) / female equivalent of تُرْكِيّ (turkiyy, “Turk”):, Turkish woman']	turokiy~ap	55_20231201.1559_Q79_Q34
327	305	turkish_N	تركية	تُرْكِيَّة	N	noun	1	3	تاء-ضمة | راء-سكون | كاف-كسرة | ياء-شدة-فتحة | تاء مربوطة	['Turkish language']	turokiy~ap	55_20231201.1559_Q79_Q34
152	371	year_1_N	سنة	سَنَة	N	noun	1	3	سين-فتحة | نون-فتحة | تاء مربوطة	['year']	sanap	139_20231122.1302_Q79_Q34
153	372	year_1_N	سنة	سِنَة	N	noun		3	سين-كسرة | نون-فتحة | تاء مربوطة	['drowsiness / slumber; nap']	sinap	139_20231122.1302_Q79_Q34
154	373	year_1_N	سنة	سُنَّة	N	noun		3	سين-ضمة | نون-شدة-فتحة | تاء مربوطة	['a usual, recurrent, continual, determinable, or constant thing, a common, habitual, popularized, or enforced practice; a custom, convention, or ritual; a social norm or standard / a usual, recurrent, continual, determinable, or constant thing, the conduct, habits, behavior, or mannerisms of a person (viewed collectively) / a usual, recurrent, continual, determinable, or constant thing, a determinate or predetermined universal law (either normative or historical) / a narrative attributed to an Islamic religious figure (typically Prophet Muhammad), a tradition; a hadith / a narrative attributed to an Islamic religious figure (typically Prophet Muhammad), a tradition; a hadith, the body of narratives attributed to Islamic religious figures (viewed collectively) / a religiously canonized tradition or practice, the set of canonical traditions whence orthodoxy and orthopraxy are derived (viewed collectively) / a religiously canonized tradition or practice, adherence to the religious traditions, traditionalism; orthodoxy and orthopraxy / a religiously canonized tradition or practice, a traditional religious practice for which there is a divine reward but for whose omission there is no punishment, a commendable supererogatory act often done as an expression of faith, a religious work of supererogation / the Sunni sect or the adherents thereof (viewed collectively); Sunnism / an image, a form, an appearance, a look']	sun~ap	139_20231122.1302_Q79_Q34
236	148	designate_4_V2	عين	عَيَّنَ	V	verb	1	4	عين-فتحة | ياء-شدة-فتحة | نون-فتحة	['to appoint, to assign, to name, to nominate / to define / to determine, to fix, to identify, to specify / to allocate, to allot, to apportion, to earmark, to itemize, to set aside']	Eay~ana	18_20231201.1559_Q79_Q34
237	149	designate_4_V2	عين	عَيْن	V	noun		4	عين-فتحة | ياء-سكون | نون	['eye (organ), envy, the evil eye / eye (organ), spy / eye (organ) / spring (of water) / (plural أَعْيُن (ʔaʕyun)) The thing itself, The thing itself / A revered person in the community. / money or whatever is the equivalent of money. / what has monetary value except money.']	Eayon	18_20231201.1559_Q79_Q34
238	150	designate_4_V2	عين	عَيْن	V	noun		4	عين-فتحة | ياء-سكون | نون	['verbal noun of عَانَ (ʕāna) (form I)']	Eayon	18_20231201.1559_Q79_Q34
239	151	designate_4_V2	عين	عَيْن	V	noun		4	عين-فتحة | ياء-سكون | نون	['Name of the eighteenth letter of the Arabic alphabet (ع (ʕ)), representing the sound /ʕ/']	Eayon	18_20231201.1559_Q79_Q34
258	873	income_N	دخل	دَخَلَ	N	verb		4	دال-فتحة | خاء-فتحة | لام-فتحة	['to enter, go in, come in / to penetrate, to pierce / to befall, to seize / to take up (a profession, etc.), to start / to drop in on, to come to see, to call on / (construed with عَلَى (ʕalā) or بِـ (bi-)) to consummate the marriage, to cohabit, to sleep with, to consummate the marriage, to cohabit, to sleep with / to convert to (a religion or faith) (فِي (fī))']	daxala	27_20231201.1559_Q79_Q34
259	874	income_N	دخل	دَخَّلَ	N	verb		4	دال-فتحة | خاء-شدة-فتحة | لام-فتحة	['to make enter, to bring in, to let in / to enter, to insert, to include']	dax~ala	27_20231201.1559_Q79_Q34
260	875	income_N	دخل	دَخْل	N	noun	1	4	دال-فتحة | خاء-سكون | لام	['income / revenues, receipts, returns / interference, intervention / doubt, misgiving']	daxol	27_20231201.1559_Q79_Q34
261	876	income_N	دخل	دَخَل	N	noun		4	دال-فتحة | خاء-فتحة | لام	['disturbance, imbalance, derangement, disorder, mental defect / defect, infirmity']	daxal	27_20231201.1559_Q79_Q34
279	75	muslim_A	مسلم	مُسْلِم	A	noun		4	ميم-ضمة | سين-سكون | لام-كسرة | ميم	['Muslim']	musolim	38_20231201.1559_Q79_Q34
280	76	muslim_A	مسلم	مُسْلِم	A	adj	1	4	ميم-ضمة | سين-سكون | لام-كسرة | ميم	['Muslim / submitting, accepting, believing.']	musolim	38_20231201.1559_Q79_Q34
281	77	muslim_A	مسلم	مُسْلِم	A	name		4	ميم-ضمة | سين-سكون | لام-كسرة | ميم	['a male given name']	musolim	38_20231201.1559_Q79_Q34
282	78	muslim_A	مسلم	مُسَلَّم	A	adj		4	ميم-ضمة | سين-فتحة | لام-شدة-فتحة | ميم	['unimpaired, intact, unblemished, flawless / accepted, uncontested, incontestable, indisputable, incontrovertible']	musal~am	38_20231201.1559_Q79_Q34
283	823	north_3_N	شمال	شِمَال	N	noun		4	شين-كسرة | ميم-فتحة | ألف | لام	['left hand / left side / bad omen / handful of ears']	$imaAl	39_20231201.1559_Q79_Q34
284	824	north_3_N	شمال	شِمَال	N	noun		4	شين-كسرة | ميم-فتحة | ألف | لام	['case, sheath, wrapping']	$imaAl	39_20231201.1559_Q79_Q34
285	825	north_3_N	شمال	شَمَال	N	noun	1	4	شين-فتحة | ميم-فتحة | ألف | لام	['north']	$amaAl	39_20231201.1559_Q79_Q34
286	826	north_3_N	شمال	شَمَال	N	noun		4	شين-فتحة | ميم-فتحة | ألف | لام	['north wind']	$amaAl	39_20231201.1559_Q79_Q34
79	1083	flag_1_N	علَم	عَلِمَ	N	verb		5	عين-فتحة | لام-كسرة | ميم-فتحة	['to know, to have knowledge, to be cognizant, to be aware / to be informed, to be familiar, to be acquainted / to perceive, to discern, to find out, to learn']	Ealima	40_20231122.1302_Q79_Q34
80	1084	flag_1_N	علَم	عَلَّمَ	N	verb		5	عين-فتحة | لام-شدة-فتحة | ميم-فتحة	['to teach, to instruct, to train, to educate / to designate, to mark, to earmark']	Eal~ama	40_20231122.1302_Q79_Q34
81	1085	flag_1_N	علَم	عِلْم	N	noun		5	عين-كسرة | لام-سكون | ميم	['verbal noun of عَلِمَ (ʕalima) (form I) / knowledge, learning, lore / cognition, acquaintance / information / perception, knowledge / (plural عُلُوم (ʕulūm)) science, science']	Eilom	40_20231122.1302_Q79_Q34
82	1086	flag_1_N	علَم	عَلَم	N	noun	1	5	عين-فتحة | لام-فتحة | ميم	['sign, token, mark, badge / harelip / road sign, guidepost / flag, banner / authority, luminary, star, personage, distinguished man / a mountain / proper noun']	Ealam	40_20231122.1302_Q79_Q34
83	1087	flag_1_N	علَم	عٰلَم	N	noun		5	عين- | لام-فتحة | ميم	['Classical Arabic form of عَالَم (ʕālam)']	E`lam	40_20231122.1302_Q79_Q34
189	4742	reach	وصل	وَصَلَ	V2	verb		5	واو-فتحة | صاد-فتحة | لام-فتحة	['to unite, to join, to combine']	waSala	158_20231122.1302_Q79_Q34
190	4743	reach	وصل	وَصَل	V2	verb	1	5	واو-فتحة | صاد-فتحة | لام-فتحة	['(transitive, with إِلَى (ʔilā)) to arrive (“to reach some place”), to arrive (“to reach some place”)']	waSala	158_20231122.1302_Q79_Q34
191	4744	reach	وصل	وَصَلَ	V2	verb		5	واو-فتحة | صاد-فتحة | لام-فتحة	['to be united by an alliance, friendship, intercourse / to show affection, have connection / to give, to present with']	waSala	158_20231122.1302_Q79_Q34
192	4745	reach	وصل	وَصَّلَ	V2	verb		5	واو-فتحة | صاد-شدة-فتحة | لام-فتحة	['(transitive, construed with بِـ (bi-)) to join, unite or connect (something) with, to join, unite or connect (something) with / (transitive, construed with إِلَى (ʔilā)) to bring, convey or deliver (someone/something) to, to bring, convey or deliver (someone/something) to / (transitive, construed with إِلَى (ʔilā)) to cause to reach, to cause to reach']	waS~ala	158_20231122.1302_Q79_Q34
193	4746	reach	وصل	وَصْل	V2	noun		5	واو-فتحة | صاد-سكون | لام	['verbal noun of وَصَلَ (waṣala) (form I) / union, connection / intercourse, friendship / union with the beloved object, amorous enjoyment / liberality / connecting link, articulation, joint / appurtenance, counterpart / voucher, receipt / liaison in French, linking (consonants syllabifying across word boundaries)']	waSol	158_20231122.1302_Q79_Q34
301	877	religion_2_N	دين	دِين	N	noun	1	5	دال-كسرة | ياء | نون	['verbal noun of دَانَ (dāna, “to be religious”) (form I) / religion, creed, credo, faith, conviction, belief, tenet, rite / conformism, conformance, conformity, compliance, fealty, obedience; God-fearingness, godliness, religiosity, devoutness / law, obligations, duty / custom, habit / judgement, decision, ruling, requital, compensation, indemnification / judgement, decision, ruling, credit, obligation, account, falling due of a debt']	diyn	46_20231201.1559_Q79_Q34
302	878	religion_2_N	دين	دَيِّن	N	adj		5	دال-فتحة | ياء-شدة-كسرة | نون	['religious, pious, godly, God-fearing, devout']	day~in	46_20231201.1559_Q79_Q34
303	879	religion_2_N	دين	دَيَّنَ	N	verb		5	دال-فتحة | ياء-شدة-فتحة | نون-فتحة	['to loan, to lend, to advance']	day~ana	46_20231201.1559_Q79_Q34
304	880	religion_2_N	دين	دَيْن	N	noun		5	دال-فتحة | ياء-سكون | نون	['verbal noun of دَانَ (dāna) (form I) / debt, debit, liability, pecuniary, obligation, financial claim']	dayon	46_20231201.1559_Q79_Q34
305	881	religion_2_N	دين	دِينَ	N	verb		5	دال-كسرة | ياء | نون-فتحة	['third-person masculine singular past passive of دَانَ (dāna)']	diyna	46_20231201.1559_Q79_Q34
222	21951	current_A	حاضر	حَاضَرَ	A	verb		6	حاء-فتحة | ألف | ضاد-فتحة | راء-فتحة	"[""to give a lecture to / to lecture / to witness, be present for / to present one's self / to give (a ready answer) / to sit with (someone) in contending or disputing / to contend with, to dispute, to debate, to bandy words with (someone) / to plead a cause / to converse with / to vie in running / to dispute for a thing, win and carry it off / to scourge, to beat, to whip""]"	HaADara	14_20231201.1559_Q79_Q34
223	21952	current_A	حاضر	حَاضِر	A	adj	1	6	حاء-فتحة | ألف | ضاد-كسرة | راء	['present, before the eyes, ready (also applied to money) / second person']	HaADir	14_20231201.1559_Q79_Q34
224	21953	current_A	حاضر	حَاضِر	A	noun		6	حاء-فتحة | ألف | ضاد-كسرة | راء	['the present tense']	HaADir	14_20231201.1559_Q79_Q34
225	21954	current_A	حاضر	حَاضِر	A	adj		6	حاء-فتحة | ألف | ضاد-كسرة | راء	['settled, domiciled']	HaADir	14_20231201.1559_Q79_Q34
226	21955	current_A	حاضر	حَاضِر	A	noun		6	حاء-فتحة | ألف | ضاد-كسرة | راء	['inhabitant of a village of town / family / tribe']	HaADir	14_20231201.1559_Q79_Q34
227	21956	current_A	حاضر	حَاضِر	A	intj		6	حاء-فتحة | ألف | ضاد-كسرة | راء	['Used to affirm a command.']	HaADir	14_20231201.1559_Q79_Q34
273	3220	mother_1_N	أم	أُمّ	N	noun	1	6	همزة على الألف-ضمة | ميم-شدة	['mother / origin / source']	>um~	37_20231201.1559_Q79_Q34
274	3221	mother_1_N	أم	أَمْ	N	conj		6	همزة على الألف-فتحة | ميم-سكون	['indicates an exclusive disjunction introduced with أَ (ʔa), as in alternative questions / indicates an inclusive disjunction introduced with أَ (ʔa) that denotes sameness, indistinguishability, unimportance, insignificance, or indifference']	>amo	37_20231201.1559_Q79_Q34
275	3222	mother_1_N	أم	أَمَّ	N	verb		6	همزة على الألف-فتحة | ميم-شدة-فتحة	['to go, to go to see, to repair (to a place)']	>am~a	37_20231201.1559_Q79_Q34
276	3223	mother_1_N	أم	أَمَّ	N	verb		6	همزة على الألف-فتحة | ميم-شدة-فتحة	['to lead the way, to lead by example / to lead the way, to lead by example, to lead in prayer']	>am~a	37_20231201.1559_Q79_Q34
277	3224	mother_1_N	أم	أَمّ	N	noun		6	همزة على الألف-فتحة | ميم-شدة	['verbal noun of أَمَّ (ʔamma) (form I)']	>am~	37_20231201.1559_Q79_Q34
278	3225	mother_1_N	أم	أَمَّ	N	verb		6	همزة على الألف-فتحة | ميم-شدة-فتحة	['to become a mother']	>am~a	37_20231201.1559_Q79_Q34
311	3927	starch_1_N	نشاء	نَشَاء	N	noun	1	6	نون-فتحة | شين-فتحة | ألف | همزة	['starch, cornstarch, farina']	na$aA'	49_20231201.1559_Q79_Q34
312	3928	starch_1_N	نشاء	نَشَاء	N	noun		6	نون-فتحة | شين-فتحة | ألف | همزة	['verbal noun of نَشَأَ (našaʔa) (form I)']	na$aA'	49_20231201.1559_Q79_Q34
313	3929	starch_1_N	نشاء	نَشَاءُ	N	verb		6	نون-فتحة | شين-فتحة | ألف | همزة-ضمة	['first-person plural non-past active indicative of شَاءَ (šāʔa)']	na$aA'u	49_20231201.1559_Q79_Q34
314	3930	starch_1_N	نشاء	نَشَاءَ	N	verb		6	نون-فتحة | شين-فتحة | ألف | همزة-فتحة	['first-person plural non-past active subjunctive of شَاءَ (šāʔa)']	na$aA'a	49_20231201.1559_Q79_Q34
315	3931	starch_1_N	نشاء	نُشَاءُ	N	verb		6	نون-ضمة | شين-فتحة | ألف | همزة-ضمة	['first-person plural non-past passive indicative of شَاءَ (šāʔa)']	nu$aA'u	49_20231201.1559_Q79_Q34
316	3932	starch_1_N	نشاء	نُشَاءَ	N	verb		6	نون-ضمة | شين-فتحة | ألف | همزة-فتحة	['first-person plural non-past passive subjunctive of شَاءَ (šāʔa)']	nu$aA'a	49_20231201.1559_Q79_Q34
38	2550	age_1_N	عمر	عَمَرَ	N	verb		8	عين-فتحة | ميم-فتحة | راء-فتحة	['to live long, to be long-lived']	Eamara	0_20231122.1302_Q79_Q34
39	2551	age_1_N	عمر	عَمَرَ	N	verb		8	عين-فتحة | ميم-فتحة | راء-فتحة	['to thrive, to prosper, to flourish, to flower, to bloom / to be inhabited, to be peopled, to be populated / to be civilized, to be cultivated / to be full, to be filled']	Eamara	0_20231122.1302_Q79_Q34
40	2551	age_1_N	عمر	عَمُرَ	N	verb		8	عين-فتحة | ميم-ضمة | راء-فتحة	['to thrive, to prosper, to flourish, to flower, to bloom / to be inhabited, to be peopled, to be populated / to be civilized, to be cultivated / to be full, to be filled']	Eamura	0_20231122.1302_Q79_Q34
41	2552	age_1_N	عمر	عَمَرَ	N	verb		8	عين-فتحة | ميم-فتحة | راء-فتحة	['to fill with life, to cause to thrive, to make prosperous / to inhabit, to live, to dwell / to fill, to pervade / to reign / to build, to erect, to construct / to rebuild, to restore, to reconstruct']	Eamara	0_20231122.1302_Q79_Q34
42	2553	age_1_N	عمر	عَمَّرَ	N	verb		8	عين-فتحة | ميم-شدة-فتحة | راء-فتحة	['to prolong life, to grant long life / to populate, to people / to build, to erect, to construct / to rebuild, to reconstruct / to repair, to restore, to overhaul, to refurbish, to recondition']	Eam~ara	0_20231122.1302_Q79_Q34
43	2554	age_1_N	عمر	عُمُر	N	noun		8	عين-ضمة | ميم-ضمة | راء	['life as a period of time, length of life, lifespan, lifetime / age']	Eumur	0_20231122.1302_Q79_Q34
44	2554	age_1_N	عمر	عُمْر	N	noun	1	8	عين-ضمة | ميم-سكون | راء	['life as a period of time, length of life, lifespan, lifetime / age']	Eumor	0_20231122.1302_Q79_Q34
45	2555	age_1_N	عمر	عَمْر	N	noun		8	عين-فتحة | ميم-سكون | راء	['verbal noun of عَمَرَ (ʕamara) (form I)']	Eamor	0_20231122.1302_Q79_Q34
46	2556	age_1_N	عمر	عُمَر	N	noun		8	عين-ضمة | ميم-فتحة | راء	['verbal noun of عَمَرَ (ʕamara) (form I)']	Eumar	0_20231122.1302_Q79_Q34
47	2557	age_1_N	عمر	عُمَر	N	name		8	عين-ضمة | ميم-فتحة | راء	"[""a male given name, Umar, Omar / ʿUmar ibn al-Ḵaṭṭāb, recognized as the Islamic prophet's second rightly-guided successor in Sunni Islam""]"	Eumar	0_20231122.1302_Q79_Q34
181	6248	speak_3_V2	تكلم	تَكَلَّم	V2	verb	1	8	تاء-فتحة | كاف-فتحة | لام-شدة-فتحة | ميم-فتحة	['to talk, to have a discussion or conversation']	takal~ama	118_20231122.1302_Q79_Q34
182	6249	speak_3_V2	تكلم	تَكَلُّم	V2	noun		8	تاء-فتحة | كاف-فتحة | لام-شدة-ضمة | ميم	['verbal noun of تَكَلَّمَ (takallama) (form V) / talking, discussion, conversation']	takal~um	118_20231122.1302_Q79_Q34
183	6250	speak_3_V2	تكلم	تُكَلِّمُ	V2	verb		8	تاء-ضمة | كاف-فتحة | لام-شدة-كسرة | ميم-ضمة	['second-person masculine singular non-past active indicative of كَلَّمَ (kallama) / third-person feminine singular non-past active indicative of كَلَّمَ (kallama)']	tukal~imu	118_20231122.1302_Q79_Q34
184	6251	speak_3_V2	تكلم	تُكَلِّمَ	V2	verb		8	تاء-ضمة | كاف-فتحة | لام-شدة-كسرة | ميم-فتحة	['second-person masculine singular non-past active subjunctive of كَلَّمَ (kallama) / third-person feminine singular non-past active subjunctive of كَلَّمَ (kallama)']	tukal~ima	118_20231122.1302_Q79_Q34
185	6252	speak_3_V2	تكلم	تُكَلِّمْ	V2	verb		8	تاء-ضمة | كاف-فتحة | لام-شدة-كسرة | ميم-سكون	['second-person masculine singular non-past active jussive of كَلَّمَ (kallama) / third-person feminine singular non-past active jussive of كَلَّمَ (kallama)']	tukal~imo	118_20231122.1302_Q79_Q34
186	6253	speak_3_V2	تكلم	تُكَلَّمُ	V2	verb		8	تاء-ضمة | كاف-فتحة | لام-شدة-فتحة | ميم-ضمة	['second-person masculine singular non-past passive indicative of كَلَّمَ (kallama) / third-person feminine singular non-past passive indicative of كَلَّمَ (kallama)']	tukal~amu	118_20231122.1302_Q79_Q34
187	6254	speak_3_V2	تكلم	تُكَلَّمَ	V2	verb		8	تاء-ضمة | كاف-فتحة | لام-شدة-فتحة | ميم-فتحة	['second-person masculine singular non-past passive subjunctive of كَلَّمَ (kallama) / third-person feminine singular non-past passive subjunctive of كَلَّمَ (kallama)']	tukal~ama	118_20231122.1302_Q79_Q34
188	6255	speak_3_V2	تكلم	تُكَلَّمْ	V2	verb		8	تاء-ضمة | كاف-فتحة | لام-شدة-فتحة | ميم-سكون	['second-person masculine singular non-past passive jussive of كَلَّمَ (kallama) / third-person feminine singular non-past passive jussive of كَلَّمَ (kallama)']	tukal~amo	118_20231122.1302_Q79_Q34
141	5760	west_2_N	غرب	غَرَبَ	N	verb		8	غين-فتحة | راء-فتحة | باء-فتحة	['to go away, depart, withdraw, leave']	garaba	136_20231122.1302_Q79_Q34
142	5761	west_2_N	غرب	غَرَبَ	N	verb		8	غين-فتحة | راء-فتحة | باء-فتحة	['to set (of the sun, moon, etc.)']	garaba	136_20231122.1302_Q79_Q34
143	5762	west_2_N	غرب	غَرُبَ	N	verb		8	غين-فتحة | راء-ضمة | باء-فتحة	['to be a stranger / to be strange, odd, obscure, difficult to understand']	garuba	136_20231122.1302_Q79_Q34
144	5763	west_2_N	غرب	غَرَّبَ	N	verb		8	غين-فتحة | راء-شدة-فتحة | باء-فتحة	['to go away, depart, withdraw, leave / to go west, westward / to banish, exile, expatriate']	gar~aba	136_20231122.1302_Q79_Q34
145	5764	west_2_N	غرب	غَرْب	N	noun	1	8	غين-فتحة | راء-سكون | باء	['verbal noun of غَرَبَ (ḡaraba) (form I) / west, occident / vehemence, violence, tempestuousness']	garob	136_20231122.1302_Q79_Q34
146	5765	west_2_N	غرب	غَرَب	N	noun		8	غين-فتحة | راء-فتحة | باء	['the disease of an abscess in the canthus of the eye, lachrymal fistula']	garab	136_20231122.1302_Q79_Q34
147	5766	west_2_N	غرب	غَرَب	N	noun		8	غين-فتحة | راء-فتحة | باء	['Euphrates poplar (Populus euphratica) / willow (Salix spp.)']	garab	136_20231122.1302_Q79_Q34
148	5767	west_2_N	غرب	غُرْب	N	noun		8	غين-ضمة | راء-سكون | باء	['plural of غُرَاب (ḡurāb)']	gurob	136_20231122.1302_Q79_Q34
155	695	have_1_V2	ملك	مَلِك	V2	noun		10	ميم-فتحة | لام-كسرة | كاف	['king, sovereign, monarch']	malik	54_20231122.1302_Q79_Q34
156	696	have_1_V2	ملك	مُلْك	V2	noun		10	ميم-ضمة | لام-سكون | كاف	['verbal noun of مَلَكَ (malaka) (form I) / rule, reign, supreme authority, dominion, dominance, sway, power / sovereignty, kingship, royalty / monarchy']	mulok	54_20231122.1302_Q79_Q34
157	697	have_1_V2	ملك	مِلْك	V2	noun		10	ميم-كسرة | لام-سكون | كاف	['verbal noun of مَلَكَ (malaka) (form I) / property, possession, goods and chattels, fortune, wealth / estate / real estate, landed property']	milok	54_20231122.1302_Q79_Q34
158	698	have_1_V2	ملك	مَلَك	V2	verb	1	10	ميم-فتحة | لام-فتحة | كاف-فتحة	['to take in possession, to take over, to acquire, to seize / to possess, to lay hold, to own, to have, to be the owner / to dominate, to control / to be the master / to be capable, to be able, to be in a position to / to rule, to reign, to exercise authority, to hold sway, to lord over']	malaka	54_20231122.1302_Q79_Q34
159	699	have_1_V2	ملك	مَلَّكَ	V2	verb		10	ميم-فتحة | لام-شدة-فتحة | كاف-فتحة	['to make the owner / to put in possession / to transfer ownership, to assign, to make over, to convey / to make king']	mal~aka	54_20231122.1302_Q79_Q34
160	700	have_1_V2	ملك	مَلَك	V2	noun		10	ميم-فتحة | لام-فتحة | كاف	['angel']	malak	54_20231122.1302_Q79_Q34
161	701	have_1_V2	ملك	مَلَك	V2	noun		10	ميم-فتحة | لام-فتحة | كاف	['possession, property / food and water, resources; anything which regulates, maintains, or sustains; essentials, supplies, utilities / foundation of ones existence / foundation of ones existence, agent or effective cause']	malak	54_20231122.1302_Q79_Q34
162	702	have_1_V2	ملك	مَلْك	V2	noun		10	ميم-فتحة | لام-سكون | كاف	['verbal noun of مَلَكَ (malaka) (form I)']	malok	54_20231122.1302_Q79_Q34
163	703	have_1_V2	ملك	مُلَّك	V2	noun		10	ميم-ضمة | لام-شدة-فتحة | كاف	['plural of مَالِك (mālik)']	mul~ak	54_20231122.1302_Q79_Q34
164	704	have_1_V2	ملك	مُلَّك	V2	adj		10	ميم-ضمة | لام-شدة-فتحة | كاف	['masculine plural of مَالِك (mālik)']	mul~ak	54_20231122.1302_Q79_Q34
97	695	king_1_N	ملِك	مَلِك	N	noun	1	10	ميم-فتحة | لام-كسرة | كاف	['king, sovereign, monarch']	malik	67_20231122.1302_Q79_Q34
98	696	king_1_N	ملِك	مُلْك	N	noun		10	ميم-ضمة | لام-سكون | كاف	['verbal noun of مَلَكَ (malaka) (form I) / rule, reign, supreme authority, dominion, dominance, sway, power / sovereignty, kingship, royalty / monarchy']	mulok	67_20231122.1302_Q79_Q34
99	697	king_1_N	ملِك	مِلْك	N	noun		10	ميم-كسرة | لام-سكون | كاف	['verbal noun of مَلَكَ (malaka) (form I) / property, possession, goods and chattels, fortune, wealth / estate / real estate, landed property']	milok	67_20231122.1302_Q79_Q34
100	698	king_1_N	ملِك	مَلَكَ	N	verb		10	ميم-فتحة | لام-فتحة | كاف-فتحة	['to take in possession, to take over, to acquire, to seize / to possess, to lay hold, to own, to have, to be the owner / to dominate, to control / to be the master / to be capable, to be able, to be in a position to / to rule, to reign, to exercise authority, to hold sway, to lord over']	malaka	67_20231122.1302_Q79_Q34
101	699	king_1_N	ملِك	مَلَّكَ	N	verb		10	ميم-فتحة | لام-شدة-فتحة | كاف-فتحة	['to make the owner / to put in possession / to transfer ownership, to assign, to make over, to convey / to make king']	mal~aka	67_20231122.1302_Q79_Q34
102	700	king_1_N	ملِك	مَلَك	N	noun		10	ميم-فتحة | لام-فتحة | كاف	['angel']	malak	67_20231122.1302_Q79_Q34
103	701	king_1_N	ملِك	مَلَك	N	noun		10	ميم-فتحة | لام-فتحة | كاف	['possession, property / food and water, resources; anything which regulates, maintains, or sustains; essentials, supplies, utilities / foundation of ones existence / foundation of ones existence, agent or effective cause']	malak	67_20231122.1302_Q79_Q34
104	702	king_1_N	ملِك	مَلْك	N	noun		10	ميم-فتحة | لام-سكون | كاف	['verbal noun of مَلَكَ (malaka) (form I)']	malok	67_20231122.1302_Q79_Q34
105	703	king_1_N	ملِك	مُلَّك	N	noun		10	ميم-ضمة | لام-شدة-فتحة | كاف	['plural of مَالِك (mālik)']	mul~ak	67_20231122.1302_Q79_Q34
106	704	king_1_N	ملِك	مُلَّك	N	adj		10	ميم-ضمة | لام-شدة-فتحة | كاف	['masculine plural of مَالِك (mālik)']	mul~ak	67_20231122.1302_Q79_Q34
169	8035	show_2_V2	عرض	عَرَضَ	V2	verb	1	12	عين-فتحة | راء-فتحة | ضاد-فتحة	['to appear / to happen, to occur / to show, to display, to present / to expose']	EaraDa	113_20231122.1302_Q79_Q34
170	8036	show_2_V2	عرض	عَرُضَ	V2	verb		12	عين-فتحة | راء-ضمة | ضاد-فتحة	['to be or become wide']	EaruDa	113_20231122.1302_Q79_Q34
171	8037	show_2_V2	عرض	عُرِضَ	V2	verb		12	عين-ضمة | راء-كسرة | ضاد-فتحة	['to be seized by madness']	EuriDa	113_20231122.1302_Q79_Q34
172	8038	show_2_V2	عرض	عَرَّضَ	V2	verb		12	عين-فتحة | راء-شدة-فتحة | ضاد-فتحة	['to broaden, to widen, to enlarge / to place one thing opposite another / to offer, to expose, to hand, to exchange / to write indistinctly, illegibly, to merely hint, to speak obscurely, to write phrases susceptible to multiple meanings or to write letters not distinct / to defame, to slander, to abuse / to underdo the meat / to mark the camel at the hoof / to circumcise children / to become possessed by power of speech, to be eloquent']	Ear~aDa	113_20231122.1302_Q79_Q34
173	8039	show_2_V2	عرض	عَرْض	V2	noun		12	عين-فتحة | راء-سكون | ضاد	['verbal noun of عَرِضَ (ʕariḍa) (form I) / verbal noun of عَرَضَ (ʕaraḍa) (form I) / happening, event / presentation, representation / show, exhibition / review / review of souls, last judgment / memoir, petition / offer, proposition, motion / side / collection of clouds / commodity / goods, merchandise, movables']	EaroD	113_20231122.1302_Q79_Q34
174	8040	show_2_V2	عرض	عَرْض	V2	noun		12	عين-فتحة | راء-سكون | ضاد	['breadth, width / latitude / midst, middle']	EaroD	113_20231122.1302_Q79_Q34
175	8041	show_2_V2	عرض	عَرْض	V2	noun		12	عين-فتحة | راء-سكون | ضاد	['mountain / base of a mountain']	EaroD	113_20231122.1302_Q79_Q34
176	8042	show_2_V2	عرض	عَرْض	V2	noun		12	عين-فتحة | راء-سكون | ضاد	['army / locusts']	EaroD	113_20231122.1302_Q79_Q34
177	8043	show_2_V2	عرض	عَرْض	V2	noun		12	عين-فتحة | راء-سكون | ضاد	['verbal noun of عُرِضَ (ʕuriḍa) (form I) / compensation, substitute / madness, possession by a jinn / hour']	EaroD	113_20231122.1302_Q79_Q34
178	8044	show_2_V2	عرض	عَرَض	V2	noun		12	عين-فتحة | راء-فتحة | ضاد	['symptom, characteristic, accident as opposed to substance, what exposes another thing to view, manifestation']	EaraD	113_20231122.1302_Q79_Q34
179	8045	show_2_V2	عرض	عِرْض	V2	noun		12	عين-كسرة | راء-سكون | ضاد	['tract, quarter, low land / blame, attribution of vice, reproach, reputation']	EiroD	113_20231122.1302_Q79_Q34
180	8046	show_2_V2	عرض	عِرَض	V2	noun		12	عين-كسرة | راء-فتحة | ضاد	['verbal noun of عَرُضَ (ʕaruḍa) (form I)']	EiraD	113_20231122.1302_Q79_Q34
