UPOS,Form,Lemma,Plurals,isSalem,Gender,Ref
NOUN,رئيس,رَئِيس,رُؤَسَاء,,Masc,P6 P210 P2388 P5769
NOUN,الحكومة,حُكُومَة,حُكُومَات,,Fem,P6 P1313
NOUN,نظام,نِظَام,نُظُم|أَنْظِمَة,,Masc,P16 P122 P282 P306 P556 P624 P1087 P1211 P2371 P2637 P2747 P3019 P3033 P3037 P3195 P3216 P3306 P3402 P3650 P3834 P4437 P4446 P5150 P5201 P6587 P6657 P6948 P7078 P7501 P7573 P8196
NOUN,الطريق,طَرِيق,طُرُقَات|طُرُق,,Masc,P16 P3858
NOUN,البلد,بَلَد,,,,P17
NOUN,مكان,مَكَان,أَمَاكِن|أَمْكِنَة,,Masc,P19 P20 P119 P189 P291 P937 P1321 P2632 P2695 P2842 P5816 P5873 P6084 P7153
NOUN,الولادة,وِلَادَة,,True,Fem,P19 P3150
NOUN,وفاة,وَفَاة,وَفَيَات,,Fem,P20 P509 P570 P1196
NOUN,الجنس,جِنس,,,,P21 P5109 P5278 P7419
NOUN,الأب,أَب,,,,P22 P2976 P3448 P5056
NOUN,الأم,أُمّ,,,,P25 P612 P831 P3137 P3432 P3448 P5056
NOUN,الزَّوج,زَََّوُج,,,,P26
NOUN,بلد,بَلَد,,,,P27 P205 P495 P8047
NOUN,المواطنة,مُوَاطَنَة,,,,P27
NOUN,القارة,قَارَّة,,,,P30
NOUN,نموذج,نَمُوذَج,,,,P31 P5805
NOUN,رأس,رَأس,,,,P35 P1313 P1906 P2663
NOUN,الدولة,دَولَة,دُوَل,,Fem,P35 P1906
NOUN,العاصمة,عَاصِمَة,عَوَاصِم,,Fem,P36
NOUN,اللغة,لُغَة,لُغَات,,Fem,P37 P103 P364 P1372 P5996
NOUN,العملة,عُملَة,عُمْلَات,,Fem,P38 P489 P2296
NOUN,المنصب,مَنصِب,مَنَاصِب,,Masc,P39 P541 P1308 P2389
NOUN,الابن,اِبن,,,,P40
NOUN,المُؤَلِّف,المُؤَلِّف,,,,P50
NOUN,الأسرة,أُسرَة,,,,P53 P2220
NOUN,عضو,عُضو,أَعْضَاء,,Masc,P54 P463 P2462 P3092 P3320 P5052 P5096 P5802 P5804 P7779 P9161
NOUN,الفريق,فَرِيق,أَفْرِقَاء|أَفْرِقَة|فُرَقَاء,,Masc,P54 P413 P2103 P2105 P6087 P6112 P6758
NOUN,المُخرِج,مَُُخِّر,,,,P57
NOUN,الكوكبة,كُوكبَة,كَوْكَبَات,,Fem,P59
NOUN,موقع,مَوقِع,,,,P65 P159 P376 P609 P740 P840 P915 P1071 P1158 P1398 P2825 P3018 P4647 P6153 P6426 P7108 P8546
NOUN,الاكتشاف,اِكتِشَاف,اِكْتِشَافَات,,Masc,P65 P189 P575 P1046
NOUN,نطاق,نِطَاق,نُطُق|نِطَاقَات,,Masc,P78 P2907 P2925 P2929 P4680 P5314
NOUN,المستوى,مُستَوَى,مُسْتَوَيَات,,Masc,P78 P2663
NOUN,الخط,خَطّ,خُطُوط,,Masc,P81 P2739 P4099 P5141 P9302
NOUN,النشيد,نَشِيد,,,,P85
NOUN,المُلحِّن,مَُلُحِ,مُلَحِّنُون,,Masc,P86
NOUN,كلمة,كَلِمَة,كَلِم|كَلِمَات,True,Fem,P87 P676 P1033 P6439 P6570
NOUN,طلب,طَلَب,,,,P88
NOUN,التوجه,تَوَجُّه,,,,P91 P2548
NOUN,النص,نَصّ,نُصُوص,,Masc,P92 P457
NOUN,اللقب,لَقَب,,,,P97 P550 P2366 P5278
NOUN,المٌحرِّر,المٌحرِّر,مُحَرِّرِين,,Masc,P98
NOUN,مجال,مَجَال,مَجَالَات,,Masc,P101 P425 P1568 P4036
NOUN,العمل,عَمَل,,,,P101 P108 P407 P767 P937 P1327 P1414 P1774 P2031 P2032 P2635 P2828 P6166 P7763
NOUN,التحزب,تَحَزُّب,,,,P102
NOUN,المرتبة,مَرتَبَة,,,,P105
NOUN,المهنة,المهنة,مِهَن,,Fem,P106
NOUN,ربُّ,ربُّ,,,,P108
NOUN,الرسام,رَسَّام,رَسَّامُون,,Masc,P110
NOUN,وحدة,وَحدَة,وَحَدَات,True,Fem,P111 P880 P2560 P2664 P2876 P3374 P8111
NOUN,قياس,قِيَاس,أَقْيِسَة,,Masc,P111 P5439
NOUN,محور,مِحوَر,مَحَاوِر,,Masc,P113
NOUN,تحالف,تَحَالُف,تَحَالُفَات,,Masc,P114
NOUN,الطيران,طَيَرَان,,True,Masc,P114 P878
NOUN,الملعب,مَلعَب,مَلَاعِب,,Masc,P115
NOUN,الدوري,دَورِيّ,,,,P118 P2499 P2500 P3195 P3983
NOUN,الدفن,دَفَن,,,,P119 P4602
NOUN,مشغل,مُشَغِّل,,,,P121
NOUN,العنصر,عُنصُر,عَنَاصِر,,Masc,P121 P2305 P2354 P3781 P4815 P5852 P7378
NOUN,الحكم,حُكم,أَحْكَام,,Masc,P122 P1652
NOUN,الناشر,نَاشِر,,,,P123
NOUN,المالك,مَالِك,مَالِكُون|مُلَّك|مُلَّاك,,Masc,P127
NOUN,علم,عِلم,,,,P128
NOUN,التقسيم,تَقسِيم,تَقَاسِيم|تَقْسِيمَات,,Masc,P131
NOUN,الحركة,حَرَكَة,حَرَكَات,,Fem,P135
NOUN,النوع,نَوع,,,,P136 P2695
NOUN,المشغل,مُشغِل,,,,P137
NOUN,اسم,اِسم,,,,P138 P566 P574 P1533 P1560 P1950 P2365 P2743 P2976 P5056 P5056 P6902 P6978 P9139
NOUN,حالة,حَالَة,,True,Fem,P141 P515 P579 P1050 P1121 P1135 P1603 P2316 P3648 P3823 P5816 P5817 P5841 P6216 P6426 P6954 P7228 P7261 P7442 P7763 P8010 P8049
NOUN,الحفظ,حَفظ,,,,P141 P5816
NOUN,مشروع,مَشرُوع,مَشْرُوعَات|مَشَارِيع,,Masc,P143 P5008 P6104
NOUN,الطراز,طِرَاز,,,,P149 P5444
NOUN,تقسيم,تَقسِيم,تَقَاسِيم|تَقْسِيمَات,True,Masc,P150 P2993
NOUN,سبق,سَبَق,,,,P155
NOUN,تبع,تَبع,,,,P156
NOUN,قتل,قَتل,,,,P157
NOUN,المقر,مَقَرّ,,,,P159 P263
NOUN,الرئيس,رَئِيس,رُؤَسَاء,,Masc,P159 P169 P488 P921 P1423 P1424
NOUN,ممثل,مُمَثِّل,مُمَثِّلُون,True,Masc,P161 P210 P725 P1410 P6275
NOUN,المنتج,مُنتَج,,,,P162 P1389
NOUN,العلم,عِلم,,,,P163 P3022
NOUN,بمنشأ,بُمنَشَأ,,,,P167
NOUN,الصانع,صَانِع,صُنَّاع|صَانِعُون,,Masc,P170
NOUN,اﻷصنوفة,اﻷصنوفة,,,,P171
NOUN,المجموعة,مَجمُوعَة,مَجْمُوعَات|مَجَامِيع,,Fem,P172 P195 P1164 P1436 P2820 P6241
NOUN,المؤدي,المؤدي,,,,P175
NOUN,الشَّركة,الشَّركة,شِرْكَات|شَرِكَات,,Fem,P176
NOUN,المُطوِّر,مَُطُوِ,,,,P178
NOUN,جزءٌ,جُزءٌ,أَجْزَاء,,Masc,P179
NOUN,سلسلة,سِلسِلَة,سَلَاسِل,,Fem,P179 P4552
NOUN,الدُّكتورا,الدُّكتورا,,,,P184
NOUN,الدكتورا,دُكتُورَا,,,,P185
NOUN,المستخدمة,مُستَخدَمَة,,,,P186 P2377 P3438
NOUN,المدينة,مَدِينَة,مَدَائِن|مُدُن|مُدْن,,Fem,P190
NOUN,التوأم,تَوأَم,تَوائِم,,Masc,P190
NOUN,المبنى,مَبنَى,مَبَانٍ,,Masc,P193 P3032
NOUN,الهيئة,هَيئَة,هَيْئَات,,Fem,P194 P1018 P1410 P2363
NOUN,مجموعة,مَجمُوعَة,مَجْمُوعَات|مَجَامِيع,True,Fem,P196 P1068 P1403 P1851 P2155 P2702 P5522 P6379 P6587
NOUN,المحطة,مَحَطَّة,مَحَطَّات,,Fem,P197 P559 P609 P5606
NOUN,المنظمة,مُنَظَّمَة,مُنَظَّمَات,,Fem,P199 P355 P749 P1410 P2388 P4195
NOUN,تدفق,تَدَفُّق,,True,Fem,P200 P2140
NOUN,البحيرة,بُحَيرَة,بُحَيْرَات,,Fem,P200 P201
NOUN,تفريغ,تَفرِيغ,,True,,P201
NOUN,القرب,قُرب,,,,P206
NOUN,المسطح,مَسطَح,مُسَطَّحَات,,Masc,P206
NOUN,السلطة,سُلطَة,,,,P208 P209 P797
NOUN,الحزب,حِزب,,,,P210
NOUN,وصف,وَصف,,,,P237 P489 P2234
NOUN,الشعار,شِعَار,شُعُر|أَشْعِرَة,,Masc,P237 P1546
NOUN,الفرع,فَرع,أَفْرُع|فُرُوع,,Masc,P241 P3262
NOUN,شركة,شَرِكَة,شِرْكَات|شَرِكَات,,Fem,P264 P272
NOUN,تسجيل,تَسجِيل,,True,Masc,P264 P358 P1390 P2550
NOUN,الإنتاج,إِنتَاج,إِنْتَاجَات,,Masc,P272 P2197 P2554 P2746 P2754 P4131
NOUN,الرخصة,رُخصَة,رُخَصَات|رُخُصَات|رُخْصَات|رُخَص,,Fem,P275
NOUN,المكان,مَكَان,أَمَاكِن|أَمْكِنَة,,Masc,P276 P1740 P4442 P5023
NOUN,لغة,لُغَة,لُغَات,,Fem,P277 P407 P407 P1999 P3823 P3985 P6886
NOUN,البرمجة,بَرمَجَة,,True,Fem,P277 P3966 P3985
NOUN,صنف,صَنف,,,,P279 P2445 P8225
NOUN,الكتابة,كِتَابَة,كِتَابَات,,Fem,P282 P1406 P6106 P6886
NOUN,المُدرِّب,مُُدرِّب,مُدَرِّبُونَ,,Masc,P286
NOUN,المصمم,المصمم,مُصَمِّمُونَ,,Masc,P287
NOUN,فئة,فِئَة,فِئُون|فِئَات,,Fem,P289 P1879 P2094 P2758 P3489 P5606 P5911 P5913 P7165
NOUN,السفينة,سَفِينَة,سُفُن|سَفَائِن,,Fem,P289 P1876 P2261 P7782 P7787
NOUN,النَّشر,نََُّشِر,,,,P291
NOUN,الموضوع,مَوضُوع,مَوَاضِيع,,Masc,P301 P921 P1204 P1423 P2184 P2633 P4649 P8744
NOUN,التشغيل,تَشغِيل,,True,Masc,P306 P2541 P5066
NOUN,مدير,مُدِير,مُدَراء|مُدِيرُون,,Masc,P344 P1789 P4345
NOUN,التصوير,تَصوِير,,True,Masc,P344 P915
NOUN,موضوع,مَوضُوع,مَوَاضِيع,,Masc,P360 P805
NOUN,القائمة,قَائِمَة,قَوَائِم|قَائِمَات,,Fem,P360 P1754 P5841
NOUN,جزء,جُزء,أَجْزَاء,,Masc,P361 P518 P527 P3113
NOUN,استعمال,اِستِعمَال,اِسْتِعْمَالَات,,Masc,P366
NOUN,ملعب,مَلعَب,مَلَاعِب,,Masc,P369 P578 P1106
NOUN,المقدم,مُقَدَّم,مُقَدَّمُون,,Masc,P371
NOUN,مركبة,مَركَبَة,مَرْكَبَات,True,Fem,P375 P5167
NOUN,الإطلاق,إِطلَاق,,True,Masc,P375 P423 P1079
NOUN,الموقع,مَوقِع,,,,P376 P553 P669 P927 P3335 P5805 P6803
NOUN,كوكب,كَوكَب,كَوَاكِب,,Masc,P397
NOUN,المنصة,مِنَصَّة,,,,P400
NOUN,نمط,نَمَط,نِمَاط|أَنْمَاط|أَنْمِطَة,,Masc,P404 P1576 P3966
NOUN,اللعبة,لَعبَة,,,,P404 P4151
NOUN,مؤلف,مَؤلَف,,,,P405
NOUN,الأصنوفة,الأصنوفة,,,,P405 P574 P1420
NOUN,الاسم,اِسم,,,,P407 P734 P735 P1750 P2358 P2838 P3938 P5185 P6186 P7165
NOUN,المحرك,مَحرَك,مُحَرِّكَات,,Masc,P408 P516 P1002
NOUN,الرتبة,رِتبَة,رُتَبَات|رُتَب,,Fem,P410 P3729 P3730 P5012
NOUN,رتبة,رُتبَة,رُتَبَات|رُتَب,,Fem,P411 P468 P579
NOUN,التقديس,تَقدِيس,,True,Masc,P411
NOUN,نوع,نَوع,,,,P412 P522 P548 P720 P788 P881 P930 P1170 P1194 P1221 P2853 P2876 P3865 P4000 P4390 P4634 P4653 P5237 P5426 P5623 P6533 P6534 P8363
NOUN,الصوت,صَوت,أَصْوَات,,Masc,P412 P2075 P2797 P4733 P5028 P7501
NOUN,مركز,مَركَز,مَرَاكِز,,Masc,P413
NOUN,البورصة,بُورصَة,,,,P414
NOUN,شكل,شَكل,شُكُول|أَشْكَال,,Masc,P415 P784 P1002 P1078 P1654 P1678 P3912 P4675 P4770 P6569 P7937
NOUN,القديس,قِدِّيس,قِدِّيسُون,,Masc,P417 P2925
NOUN,المنطقة,مِنطَقَة,,,,P421 P1425 P2907 P2927 P3610 P4044 P4909 P6569 P6885
NOUN,يد,يَد,أَيْدٍ|أَيَادٍ,,Fem,P423 P741 P1066
NOUN,المهنة,مِهنَة,مِهَن,,Fem,P425
NOUN,النمط,نَمَط,نِمَاط|أَنْمَاط|أَنْمِطَة,,Masc,P427 P5304 P6191 P6532
NOUN,نسق,نَسَق,,,,P437
NOUN,التوزيع,تَوزِيع,,True,Masc,P437
NOUN,النتيجة,نَتِيجَة,نَتَائِج,,Fem,P447
NOUN,واسطة,وَاسِطَة,وَاسِطَات,,Fem,P447 P1136 P1363 P1535 P1703 P2579 P5202 P5826 P6104 P6938 P6939 P7209 P7378
NOUN,شبكة,شَبَكَة,شِبَاك|شَبَكَات|شَبَك,,Fem,P449 P4443 P6540
NOUN,البث,بَثّ,,True,Masc,P449 P3301
NOUN,مهمة,مَهَمَّة,,True,Fem,P450
NOUN,رائد,رَائِد,,,,P450
NOUN,الفضاء,فَضَاء,أَفْضِيَة,,Masc,P450 P929 P1201 P2873
NOUN,الشريك,شَرِيك,شُرَكَاء,,Masc,P451
NOUN,الصناعة,صِنَاعَة,صِنَاعَات|صَنَائِع,,Fem,P452
NOUN,دور,دَور,,,,P453 P2868 P5800 P6184 P6530
NOUN,شخصية,شَخصِيَّة,,True,Fem,P453 P674 P1881
NOUN,طريقة,طَرِيقَة,طُرُق|طَرَائِق,,Fem,P459 P636 P817 P1060 P1443 P2079 P2392 P2839 P4387 P4988 P5196 P5886 P6440 P7160 P7584
NOUN,الاستدلال,اِستِدلَال,اِسْتِدْلَالَات,,Masc,P459
NOUN,النقيض,نَقِيض,نَقَائِض,,Masc,P461
NOUN,اللون,لَون,أَلْوَان,,Masc,P462 P1458 P6364 P7253
NOUN,شرع,شَرع,,,,P467
NOUN,نهر,نَهر,نُهْر|نُهُر|أَنْهَار|نُهُور|أَنْهُر,,Masc,P469
NOUN,راية,رَايَة,رَايَات,True,Fem,P470
NOUN,جهاز,جِهَاز,أَجْهِزَة,,Masc,P479 P4788
NOUN,الإدخال,إِدخَال,,True,Masc,P479 P1851
NOUN,رمز,رَمز,رُمُوز,,Masc,P489 P786 P1611
NOUN,ميناء,مِينَاء,,,,P504 P532 P546
NOUN,المدير,مُدِير,مُدَراء|مُدِيرُون,,Masc,P505 P1037 P3300 P7169
NOUN,سبب,سَبَب,,,,P509 P770 P1478 P1534 P2241 P7452
NOUN,الشهادة,شَهَادَة,شَهَادَات,,Fem,P512
NOUN,المادة,مَادَّة,مَوَادّ,,Fem,P515 P2647 P4268
NOUN,التفاعل,تَفَاعُل,,True,Masc,P517
NOUN,التسلح,تَسَلُّح,,,,P520
NOUN,وجهة,وِجهَة,,True,Fem,P521
NOUN,الخدمة,خِدمَة,خِدْمَات|خِدَم,,Fem,P521 P729 P730 P2254 P5069
NOUN,المدار,مَدَار,مَدَارَات,,Masc,P522
NOUN,بداية,بِدَايَة,بِدَايَات,,Fem,P523 P3415 P7103
NOUN,المدى,مَدَى,,,,P523 P524 P2407
NOUN,نهاية,نِهَايَة,نِهَايَات,,Fem,P524 P3416 P6118 P7104
NOUN,علاقة,عَلَاقَة,,True,Fem,P530 P4390
NOUN,بعثة,بَعثَة,,,Fem,P531
NOUN,التسجيل,تَسجِيل,,True,Masc,P532 P1443 P5564 P8047 P8546
NOUN,الهدف,هَدَف,,,,P533
NOUN,الخدش,خَدَش,,,,P534
NOUN,التوأمة,تَوأِمَة,,,,P537
NOUN,الشعلة,شُعلَة,,True,Fem,P545
NOUN,المركبة,مَركَبَة,مَرْكَبَات,,Fem,P546 P619 P620 P621 P622 P2073
NOUN,احتفالاً,اِحتِفَال,,True,Masc,P547
NOUN,إصدار,إِصدَار,,True,Masc,P548 P6437
NOUN,ترتيب,تَرتِيب,تَرْتِيبَات,,Masc,P550 P1661 P2978 P3374 P4220
NOUN,إقامة,إِقَامَة,إِقَامَات,,Fem,P551
NOUN,استخدام,اِستِخدَام,اِسْتِخْدَامَات,,Masc,P552 P2875 P4851 P6084 P6684
NOUN,اليد,يَد,أَيْدٍ|أَيَادٍ,,Fem,P552 P1598
NOUN,حساب,حِسَاب,,True,Fem,P553 P8687
NOUN,الكريستال,كَرِيسَة,,,,P556
NOUN,الاتجاه,اِتِّجَاه,اِتِّجَاهَات,,Masc,P560 P654
NOUN,البنك,بَنك,بُنُوك,,Masc,P562 P1304
NOUN,المصدر,مَصدَر,مَصَادِر,,Masc,P562 P1343 P6426
NOUN,تاريخ,تَارِيخ,تَوَارِيخ,,Masc,P569 P570 P574 P576 P577 P580 P582 P585 P622 P746 P1191 P1319 P1326 P1619 P1636 P2184 P2285 P2310 P2311 P2669 P2754 P2913 P2960 P3893 P3999 P4218 P4602 P5204 P6949 P7124 P7125 P7295 P7588 P7589 P8554 P8555
NOUN,الميلاد,مِيلَاد,مَوَالِيد,,Masc,P569 P7295
NOUN,البداية,بِدَايَة,بِدَايَات,,Fem,P571 P1427 P2031 P2103 P7086
NOUN,نشر,نَشر,,,,P574
NOUN,وقت,وَقت,,,,P575 P619 P620 P621 P1249 P1390 P1734 P2362 P2781 P3020 P3891 P6757
NOUN,الاختراع,اِختِرَاع,اِخْتِرَاعَات,,Masc,P575
NOUN,الحل,حَلّ,,,,P576
NOUN,إلغاء,إِلغَاء,,True,Masc,P576
NOUN,الهدم,هَدم,,True,Masc,P576
NOUN,النشر,نَشر,,,,P577 P2896 P6275 P7010 P7152
NOUN,نقطة,نُقطَة,نُقْطَات|نُقَط|نِقَاط|نُقُطَات,,Fem,P578 P873 P1363 P1427 P1444 P1589 P2101 P2102 P2128 P2213 P2955 P5947
NOUN,معدن,مَعدِن,مَعَادِن,,Masc,P579
NOUN,رابطة,رَابِطَة,رَابِطَات|رَوَابِط,,Fem,P579
NOUN,البدء,بَدء,,True,Masc,P580 P2841
NOUN,الانتهاء,اِنتِهَاء,,True,Masc,P582
NOUN,المبرد,المبرد,,,,P588
NOUN,الزمرة,زُمرَة,زُمَر|زُمْرَات|زُمُرَات,,Fem,P589 P690
NOUN,قائد,قَائِد,قَادَة|قُوَّاد|قَائِدُونَ,,Masc,P598 P3460
NOUN,طيران,طَيَرَان,,True,Masc,P606
NOUN,صراع,صِرَاع,صِرَاعَات,True,Masc,P607
NOUN,عرض,عَرض,عُرُوض,,Masc,P608 P2223 P2261
NOUN,قمة,قِمَّة,قِمَم,,Fem,P610
NOUN,النظام,نِظَام,نُظُم|أَنْظِمَة,,Masc,P611 P1033 P2370 P5040 P5041 P5042
NOUN,البيت,بَيت,,,,P612
NOUN,مصدر,مَصدَر,مَصَادِر,,Masc,P618 P1034 P1672 P2647 P2770 P7482
NOUN,الطاقة,طَاقَة,,,,P618 P2145 P2791 P4131 P4140 P6075
NOUN,إطلاق,إِطلَاق,,True,Masc,P619 P3792 P4176
NOUN,هبوط,هُبُوط,,True,Masc,P620 P1637
NOUN,تحطم,تَحَطُّم,,,Masc,P621
NOUN,مدار,مَدَار,مَدَارَات,True,Masc,P621 P1418
NOUN,انفصال,اِنفِصَال,,True,Masc,P622
NOUN,التحام,اِلتِحَام,,,,P622
NOUN,التوجيه,تَوجِيه,,True,Masc,P624 P7469
NOUN,طبعة,طَبعَة,,True,Fem,P629
NOUN,ترجمة,تَرجَمَة,تَرْجَمَات|تَرَاجِم,,Fem,P629
NOUN,المهندس,مُهَندِس,,,,P631
NOUN,إعطاء,إِعطَاء,,True,Masc,P636
NOUN,الرياضة,رِيَاضَة,رِيَاضَات,,Fem,P641 P1327
NOUN,قائمة,قَائِمَة,قَوَائِم|قَائِمَات,,Fem,P658 P1455 P1456 P1753 P1811 P1881 P2354 P2817 P5008 P6697
NOUN,تجميع,تَجمِيع,,True,Masc,P659 P1071 P8450
NOUN,الجينوم,جَينُوم,,,,P659 P2143
NOUN,تصنيف,تَصنِيف,تَصْنِيفات|تَصَانِيف,,Masc,P660 P814 P1016 P1087 P1200 P1347 P1464 P1465 P1740 P1754 P1791 P1792 P1878 P2033 P2371 P2417 P2502 P2517 P2564 P2643 P2758 P2875 P3306 P3402 P3402 P3494 P3496 P3497 P3650 P3650 P3709 P3713 P3734 P3818 P3834 P3840 P3876 P4195 P4320 P4321 P4322 P4323 P4324 P4452 P4952 P4958 P5150 P5201 P5996 P6112 P6186 P6365 P6657 P6657 P6658 P7084 P7327 P7327 P7561 P7573 P7573 P7782 P7867 P8450 P8464 P8596
NOUN,لجنة,لَجنَة,,,,P660 P5804 P9161
NOUN,إنزيم,إَنزِيم,,True,Fem,P660
NOUN,المنظم,مَنظِم,,,,P664
NOUN,الشارع,شَارِع,شَوَارِع,,Masc,P669
NOUN,كاتب,كَاتِب,,,,P676
NOUN,أصنوفة,أَصنُوفَة,,,,P678 P1582
NOUN,غير,غَير,,,,P678 P3259 P5067
NOUN,الوظيفة,وَظِيفَة,وُظُف|وَظَائِف,,Fem,P680 P970
NOUN,مكون,مُكَوَّن,مُكَوِّنَات,,Masc,P681 P3780
NOUN,الخلية,الخلية,خَلَايَا,,Fem,P681 P3432 P3578
NOUN,العملية,عَمَلِيَّة,,,,P682
NOUN,الجين,جِين,جِينَات,,Masc,P688
NOUN,الانفصام,اِنفِصَام,,,,P693
NOUN,المرادف,مُرَادِف,مُرَادِفَات,,Masc,P694
NOUN,استبدال,اِستِبدَال,,True,Masc,P694
NOUN,التسمية,تَسمِيَة,تَسْمِيَات,,Fem,P697 P1135 P7087
NOUN,الأصنوفة,أَصنُوفَة,,,,P703 P2352
NOUN,منطقة,مِنطَقَة,,,,P706 P931 P2541 P3018 P5564
NOUN,حافلة,حَافِلَة,حَوَافِل|حَافِلَات,,Fem,P707
NOUN,الأبرشية,أَبرَشِيّ,,,,P708
NOUN,مشارك,مُشَارِك,مُشَارِكُون,True,Masc,P710 P1132 P2318
NOUN,صوت,صَوت,أَصْوَات,,Masc,P725
NOUN,دخول,دُخُول,,True,Masc,P729 P2846
NOUN,خروج,خُرُوج,,True,Masc,P730
NOUN,فنان,فَنَان,فَنَّانُون,,Masc,P736
NOUN,الغلاف,غِلَاف,غُلَّف|أَغْلِفَة|غُلُف|غِلَافَات|غُلْف,,Masc,P736
NOUN,تأثر,تَأَثُّر,,,,P737
NOUN,ذخيرة,ذخيرة,ذَخَائِر,,Fem,P739
NOUN,تأسيس,تَأسِيس,,True,Masc,P740
NOUN,اللعب,لَعب,,,,P741 P765
NOUN,عائلة,عَائِلَة,عَائِلَات|عَوَائِل,,Fem,P744 P1533 P2739 P4099
NOUN,الاختفاء,اِختِفَاء,,,,P746
NOUN,طبعة,طَبَعَة,,True,Fem,P747
NOUN,ترجم,تَرَجُّم,,True,Fem,P747
NOUN,المُوزِّع,المُوزِّع,,,,P750
NOUN,ميزة,مِيزَة,,,,P751 P756
NOUN,مقدمة,مُقَدِّمَة,مُقَدِّمَات,,Fem,P751 P4101
NOUN,مزالة,مَزَالَة,,,,P756
NOUN,سطح,سَطح,,,,P765
NOUN,المساهم,مُسَاهِم,,,,P767
NOUN,الدائرة,دَائِرَة,دَوَائِر,,Fem,P768 P1776 P7938
NOUN,تداخل,تَدَاخُل,,,,P769
NOUN,الدمار,دَمَار,,,,P770
NOUN,الغشاية,غِشَايَة,,,,P783 P785
NOUN,غطاء,غِطَاء,أَغْطِيَة,,Masc,P784
NOUN,الفطر,فِطر,,,,P784 P788
NOUN,مرفق,مرفق,,,,P785
NOUN,لون,لَون,أَلْوَان,,Masc,P787
NOUN,طباعة,طِبَاعَة,,,,P787
NOUN,الميزة,مِيزَة,,,,P795 P5713
NOUN,الأستاذية,الأستاذية,,,,P803
NOUN,تخصص,تَخَصُّص,,,,P811
NOUN,التخصص,تَخَصُّص,,,,P812 P1731 P1995
NOUN,الوصول,وُصُول,,True,Masc,P813 P2443 P6954 P7228
NOUN,الاتحاد,اِتِّحَاد,اِتِّحَادَات,,Masc,P814 P4105
NOUN,حفظ,حِفظ,,,,P814 P3648
NOUN,الطبيعة,طَبِيعَة,طَبِيعَات|طَبَائِع,,Fem,P814 P3648
NOUN,الاضمحلال,الاضمحلال,,True,Masc,P817
NOUN,الحظ,حَظّ,حُظُوظ,,Masc,P822
NOUN,النغمية,النغمية,,,,P826
NOUN,النادي,نَادِي,,,,P831
NOUN,العطلة,عُطلَة,,,,P832
NOUN,محطة,مَحَطَّة,مَحَطَّات,,Fem,P833
NOUN,التبادل,تَبَادُل,,,,P833
NOUN,مستودع,مستودع,,,,P834
NOUN,القطار,قِطَار,قُطُر|قِطَارَات,,Masc,P834 P5658
NOUN,اليوم,يَوم,أَيَّام,,Masc,P837
NOUN,للمناسبة,مُنَاسَبَة,,,,P837
NOUN,السرد,سِرد,,True,Masc,P840 P5800
NOUN,يوم,يَوم,أَيَّام,,Masc,P841 P1750 P2894 P3026 P3150 P6437
NOUN,العيد,عِيد,,,,P841
NOUN,تقييم,تَقيِيم,,,,P852 P908 P914 P916 P916 P1657 P1981 P2363 P2629 P2684 P2747 P2756 P3216 P3428 P3818 P3834 P4271 P4437 P5134 P5150 P5152 P5201 P5970 P6452 P6547 P6731
NOUN,مجلس,مَجلِس,مَجالِس,,Masc,P852 P3320 P5052 P5054 P5970
NOUN,تقدير,تَقدِير,تَقْدِيرَات,,Masc,P852 P853 P853
NOUN,منظمة,مُنَظَّمَة,مُنَظَّمَات,,Fem,P853 P1462 P2389 P2756 P6840
NOUN,ترفيه,تَرفِيه,,True,Masc,P853
NOUN,الحاسوب,حَاسُوب,حَوَاسِيب,,Masc,P853 P7256
NOUN,طبع,طَبع,,,,P872
NOUN,الطور,طَور,,,,P873
NOUN,المعالجة,مُعَالَجَة,,True,Fem,P880
NOUN,النجم,نَجم,,,,P881
NOUN,المنبع,المنبع,مَنَابِعُ,,Masc,P885 P2673
NOUN,الأساس,أَسَاس,أُسُس,,Masc,P887 P3264
NOUN,معلومة,مَعلُومَة,مَعْلُومَات,True,Fem,P908
NOUN,التصنيف,تَصنِيف,تَصْنِيفات|تَصَانِيف,,Masc,P910 P971 P1352 P1753 P2321 P2637 P3156 P3216 P3716 P3822 P4132 P4224 P4329
NOUN,للموضوع,مَوضُوع,مَوَاضِيع,,Masc,P910 P1151
NOUN,منشأة,مُنشَأَة,,True,Fem,P912
NOUN,التدوين,تَدوِين,,,,P913
NOUN,هيئة,هَيئَة,هَيْئَات,,Fem,P914 P3301 P5201
NOUN,التنظيم,تَنظِيم,,,Masc,P914 P1918
NOUN,الترتيب,تَرتِيب,تَرْتِيبَات,,Masc,P922
NOUN,العلاج,عِلَاج,,True,Masc,P924
NOUN,الوصل,وَصل,,,,P925 P926
NOUN,للمشبك,للمشبك,,,,P925 P926
NOUN,الناقل,نَاقِل,,,,P928 P2150
NOUN,الكهرباء,كَهرَبَاء,,True,Fem,P930
NOUN,الشارة,شَارَّة,,,,P942
NOUN,المبرمج,مُبرَم,,,,P943
NOUN,رمز,رمز,رُمُوز,,Masc,P944
NOUN,المصطلح,المصطلح,مُصْطَلَحَات,,Masc,P944
NOUN,الولاء,وَلَاء,,,,P945 P5873
NOUN,الشرف,شَرَف,,,,P967
NOUN,الفهرس,فِهرِسّ,,,,P972
NOUN,الرافد,رَافِد,,True,Masc,P974 P3871
NOUN,المرشح,مُرَشَّح,مُرَشَّحُون,,Masc,P991 P1227 P2453
NOUN,رقم,رَقم,أَرْقَام,,Masc,P1000 P1660 P1677 P2852 P3917 P4714 P5474 P5624
NOUN,الاختصاص,اِختِصَاص,,,,P1001
NOUN,المعيار,مِعيَار,مَعَايِير,,Masc,P1013 P3071 P3078
NOUN,المستخدم,مُستَخدَم,,,,P1013 P2551
NOUN,للغة,للغة,,,,P1018
NOUN,أطروحة,أُطرُوحَة,أُطْرُوحَات,,Fem,P1026 P4101 P9161
NOUN,الطاقم,طَاقِم,طَوَاقِم,,Masc,P1029 P3015
NOUN,إدارة,إِدَارَة,إِدَارَات,,Fem,P1032 P3033
NOUN,إشارة,إِشَارَة,إِشَارَات,True,Fem,P1033 P3019
NOUN,الغذاء,غِذَاء,أَغْذِيَة,,Masc,P1034
NOUN,اللاحقة,لَاحِق,,,,P1035
NOUN,صلة,صِلَة,,True,Fem,P1039
NOUN,القرابة,قِرَابَة,,,,P1039 P4500
NOUN,محرر,مُحَرِّر,مُحَرِّرِين,,Masc,P1040
NOUN,المقبس,مُقبِس,,,,P1041
NOUN,وسيلة,وَسِيلَة,وَسَائِل,,Fem,P1046
NOUN,منتج,مُنتَج,,True,Fem,P1056 P1582 P2822
NOUN,انتقال,اِنتِقَال,,True,Masc,P1060
NOUN,العامل,عَامِل,,,,P1060 P5236
NOUN,المسبب,مُسَبِّب,,,,P1060
NOUN,المرض,مَرَض,,,,P1060 P2854
NOUN,مقياس,مِقيَاس,مَقَايِيس,,Masc,P1064 P2527 P2528 P2658 P2784 P5386 P5900
NOUN,السكة,سِكَّة,,,,P1064
NOUN,تعليم,تَعلِيم,تَعَالِيمُ|تَعْلِيماتٌ,True,Masc,P1068
NOUN,صيغة,صِيغَة,صِيَغ,,Fem,P1072 P1073 P3803 P5923 P7984
NOUN,ملف,مِلَفّ,مِلَفّات,,Masc,P1072 P1073 P3096
NOUN,للقراءة,قِرَاءَة,قِرَاءَات,,Fem,P1072
NOUN,للكتابة,كِتَابَة,كِتَابَات,,Fem,P1073
NOUN,خيال,خِيَال,خَيَالَات|أَخْيِلَة,,Masc,P1074
NOUN,العميد,عَمِيد,عُمَدَاء,,Masc,P1075
NOUN,الصمام,صَمَام,أَصِمَّة|صِمَامَات,,Masc,P1078
NOUN,مقدم,مُقَدَّم,مُقَدَّمُون,,Masc,P1079
NOUN,خدمة,خِدمَة,خِدْمَات|خِدَم,,Fem,P1079 P1192 P2361 P3648
NOUN,عالم,عَالَم,,,,P1080
NOUN,مؤشر,مُؤَشِّر,مُؤَشِّرَات,,Masc,P1081 P1458 P1903 P3679 P5929 P6095 P6563
NOUN,التنمية,تَنمِيَة,,True,Fem,P1081
NOUN,عدد,عَدَد,,,,P1082 P1098 P1099 P1100 P1101 P1103 P1104 P1110 P1111 P1113 P1120 P1126 P1128 P1132 P1139 P1141 P1148 P1174 P1301 P1314 P1339 P1342 P1345 P1350 P1351 P1355 P1356 P1357 P1359 P1373 P1410 P1446 P1538 P1539 P1540 P1548 P1561 P1590 P1603 P1697 P1833 P1867 P1868 P1872 P1873 P1971 P2021 P2124 P2196 P2324 P2351 P2437 P2573 P2635 P3492 P3740 P3744 P3872 P3886 P4080 P4253 P4295 P4876 P4909 P4999 P5027 P5043 P5044 P5045 P5205 P5230 P5281 P5436 P5582 P5592 P5595 P5630 P6125 P6343 P6344 P6498 P6499 P6570 P6695 P6753 P6790 P6801 P7316 P7443 P8010 P8011 P8049 P8733 P9107
NOUN,السعة,سِعَّة,,True,Fem,P1083 P2056 P2109
NOUN,العدد,عَدَد,,,,P1086 P1122 P1675 P1676 P5982
NOUN,صلابة,صَلَابَة,,True,Fem,P1088
NOUN,إجمالي,إِجمَالِيّ,,,Masc,P1092 P1093 P2133 P2134 P2135 P2136 P2137 P2138 P2139 P2402 P2403 P6509
NOUN,الانتاج,إِنتَاج,إِنْتَاجَات,,Masc,P1092
NOUN,الحمولة,حُمُولَة,,,,P1093 P2790 P4519
NOUN,متحدث,مُتَحَدِّث,,True,Masc,P1098
NOUN,الأرض,أَرض,,,,P1101 P1139 P2583
NOUN,التفلطح,التفلطح,,,,P1102
NOUN,مسار,مَسَار,مَسارَات,True,Masc,P1103
NOUN,الرصيف,رَصِيف,رُصْفَان|أَرْصِفَة|رُصُف,,Masc,P1103
NOUN,صفحة,صَفحَة,صَفَحَات,True,Fem,P1104 P4714 P7668
NOUN,كمية,كَمِّيَّة,كَمِّيَّات,,Fem,P1106 P2234 P2312 P2313
NOUN,نسبة,نِسبَة,نِسَب,,Fem,P1107 P1247 P1470 P1689 P2061 P2663 P2665 P2927 P5593 P6076 P6271
NOUN,السالبية,غَالِبِيَّة,غَالِبِيَّات,,Fem,P1108
NOUN,الكهربائية,كَهرَبَائِيَّة,,,,P1108 P2055 P5679
NOUN,حلقة,حَلقَة,حَلَقَات,True,Fem,P1113 P1811
NOUN,الكمية,كَمِّيَّة,كَمِّيَّات,,Fem,P1114 P7328
NOUN,ثابت,ثَابِت,ثَوَابِت,,Masc,P1117
NOUN,تفكك,تَفَكُّك,,,,P1117
NOUN,الحمض,حَمض,أَحْمَاض,,Masc,P1117 P4147
NOUN,مكون,مُكُون,مُكَوِّنَات,,Masc,P1127 P4826
NOUN,اللف,لَفّ,أَلْفَاف,,Masc,P1127
NOUN,موظف,مُوَظَّف,مُوَظَّفُون,True,Masc,P1128 P4195
NOUN,حل,حَلّ,,,,P1136 P1366
NOUN,الوحدة,وَحدَة,وَحَدَات,,Fem,P1137 P2353 P2442 P4688 P7779
NOUN,البوابة,بَوَّابَة,,,,P1151
NOUN,أصلية,أصلية,,True,Fem,P1164
NOUN,العالم,عَالَم,,,,P1165 P1434 P1445 P6249 P6697
NOUN,الإشارة,إِشَارَة,إِشَارَات,,Fem,P1170 P1194 P5438
NOUN,التقريب,تَقرِيب,,True,Masc,P1171
NOUN,أساس,أَسَاس,أُسُس,,Masc,P1174 P5166
NOUN,قيمة,قِيمَة,قِيَم,,Fem,P1181 P2668 P5852 P9073
NOUN,الأداء,أَدَاء,,,,P1191 P6563
NOUN,الربط,رَبط,,,,P1192 P2154 P5805
NOUN,الانتشار,اِنتِشَار,,,Masc,P1193 P5674
NOUN,معدل,مُعَدَّل,,True,Masc,P1198 P1279 P2149 P2197 P2219 P2292 P2661 P2662 P2834 P2855 P2957 P3457 P3486 P3792 P3864 P4841 P5822 P5893 P5898 P5899 P6711 P6897 P7080
NOUN,البطالة,بِطَالَة,,True,Fem,P1198
NOUN,نمط,نَمط,نِمَاط|أَنْمَاط|أَنْمِطَة,,Masc,P1199 P5244 P5422
NOUN,التوريث,تَورِيث,,,,P1199
NOUN,حوض,حَوض,أَحْوَاض|حِيضَان|حِيَاض,,Masc,P1200
NOUN,أداة,أَدَاة,أَدَوَات,,Fem,P1202
NOUN,للبوابة,للبوابة,,,,P1204
NOUN,الشاحن,شَاحِن,شَوَاحِن,,Masc,P1210
NOUN,الوقود,وَقُود,,True,Masc,P1211
NOUN,القدر,قَدر,,,,P1215 P1457
NOUN,الضاغط,ضَاغِط,,,,P1221
NOUN,الضغط,ضَغط,ضُغُوط,,Masc,P1247 P2077 P5993
NOUN,سجل,سِجِلّ,سِجِلَّات,,Masc,P1249
NOUN,فترة,فَترَة,فَتَرَات,,Fem,P1264 P2031 P2032 P2097 P2146 P2147 P2896 P3027 P3028 P3063 P3487 P3488 P4445 P6339 P7770 P7862
NOUN,جانب,جَانِب,جَوَانِب,,Masc,P1269
NOUN,التضخم,تَضَخُّم,,True,Masc,P1279
NOUN,العراب,عِرَاب,,,,P1290
NOUN,وجهة,وَجهَة,,True,Fem,P1302
NOUN,منصب,مَنصِب,مَنَاصِب,,Masc,P1313 P1906 P2388
NOUN,الازدهار,اِزدِهَار,,True,Masc,P1317
NOUN,أثبة,أَثبَة,,,,P1318
NOUN,شريك,شَرِيك,شُرَكَاء,,Masc,P1327 P6149
NOUN,الإقليم,إِقلِيم,أَقَالِيم,,Masc,P1336
NOUN,إصابة,إِصَابَة,إِصَابَات,True,Fem,P1339 P1590
NOUN,لون,لون,أَلْوَان,,Masc,P1340 P1884
NOUN,العين,عَين,,,,P1340
NOUN,حدث,حَدَث,,,Masc,P1344
NOUN,القاتل,قَاتِل,,,,P1345
NOUN,الفائز,فَائِز,فَائِزُون,,Masc,P1346
NOUN,الصيغة,صِيغَة,صِيَغ,,Fem,P1349 P3161
NOUN,بميز,بُمَيِّز,,True,Fem,P1354
NOUN,مرة,مَرَّة,,True,Fem,P1355 P1357 P2318
NOUN,الفوز,فَوز,,True,Masc,P1355
NOUN,التعادل,تَعَادُل,,True,Masc,P1357
NOUN,هدف,هَدَف,,,,P1363 P3712
NOUN,حلَّ,حَلَة,,,,P1365
NOUN,محل,مَحَلّ,,,,P1365 P1366
NOUN,عاصمة,عَاصِمَة,عَوَاصِم,,Fem,P1376
NOUN,المستوطنة,اُلمستَوطَنَة,مُسْتَوْطَنَات,,Fem,P1383
NOUN,شهادة,شَهَادَة,شَهَادَات,,Fem,P1389
NOUN,الوكيل,وَكِيل,وُكَلَاء,,Masc,P1393
NOUN,تهمة,تُهمَة,تُهُمَات|تُهَم|تُهْمَات,,Fem,P1399
NOUN,اتجاه,اِتِّجَاه,اِتِّجَاهَات,,Masc,P1406 P3871 P5051 P5658
NOUN,للبث,للبث,,,,P1408
NOUN,إطار,إِطَار,إِطَارَات|أُطُر,,Masc,P1414
NOUN,الانتماء,اِنتِمَاء,,True,Masc,P1416
NOUN,الشكل,شَكل,شُكُول|أَشْكَال,,Masc,P1419 P1454
NOUN,القالب,قَالِب,قَوَالِب,,Masc,P1424
NOUN,للموضوع,للموضوع,,,,P1424
NOUN,الحيوان,حُيوَان,حَيَوَانَات,,Masc,P1429 P2743 P7603
NOUN,منشور,مَنشُور,,,Masc,P1433
NOUN,الصفة,صِفَة,,,,P1435
NOUN,حجم,حَجم,,,,P1436 P2103 P2105 P2143 P2599 P3559 P3575 P7725
NOUN,المعرض,مَعرِض,مَعَارِض,,Masc,P1436
NOUN,ادعاء,اِدِّعَاء,اِدِّعَاءَات,,Masc,P1437
NOUN,عمل,عَمَل,,,,P1441 P1686 P1877 P2553 P3092 P4969 P10663
NOUN,النهاية,نِهَايَة,نِهَايَات,,Fem,P1444 P1534 P2032 P2105 P7095
NOUN,الرفع,رَفع,,,,P1470
NOUN,للسحب,سَحب,,True,Masc,P1470
NOUN,الحدث,حَدَث,,,,P1478 P2257 P3085 P3629 P3967 P8045
NOUN,عامل,عَامِل,,,,P1479 P1537 P3775 P5642 P5678
NOUN,المساهمة,مُسَاهَمَة,مُسَاهَمَات,,Fem,P1479 P1537
NOUN,توفير,تَوفِير,,True,Masc,P1480
NOUN,والد,وَالِد,وَالِدُون,,Masc,P1531
NOUN,السبب,سَبَب,,,,P1536
NOUN,برنامج,بَرنَامَج,بَرَامِج,,Masc,P1547
NOUN,الحد,حَدّ,,,,P1548 P1872 P1873 P2202 P2204 P2300 P2406 P2595 P2710 P2899 P3000 P3251 P3252 P4135 P4214 P4447 P5447 P5448 P5929 P6794
NOUN,ممثلة,مُمَثَّل,مُمَثِّلَات,,Fem,P1552
NOUN,مظهر,مَظهَر,مَظَاهِر,,Masc,P1557
NOUN,علامة,عَلَامَة,عَلَائِم|عَلَامَات,,Fem,P1558 P4185
NOUN,سرعة,سُرعَة,,True,Fem,P1558 P2075 P2150 P2217 P2895 P3395 P4137 P4296 P5065 P6510 P6789
NOUN,الإيقاع,إِيقَاع,إِيقَاعَات,,Masc,P1558
NOUN,للجنس,جِنس,,,,P1560 P2433
NOUN,الدالة,حَالَة,دَوَالّ,,Fem,P1568 P2396 P6962
NOUN,المجال,مَجَال,مَجَالَات,,Masc,P1571
NOUN,المقابل,مُقَابِل,,,,P1571
NOUN,مثال,مِثَال,أَمْثِلَة|مُثْل|مُثُل,,Masc,P1574 P1855
NOUN,الحياة,حَيَاة,,,,P1576 P2129 P3253 P7582
NOUN,الدفاع,دِفَاع,,True,Masc,P1593
NOUN,التهمة,تُهمَة,تُهُمَات|تُهَم|تُهْمَات,,Fem,P1595
NOUN,العقوبة,عُقُوبَة,عُقُوبَات,,Fem,P1596 P2955
NOUN,السلامة,سَلَامَة,,True,Fem,P1604 P4952
NOUN,المستودع,مُستَودِع,,,,P1605
NOUN,مستودع,مُستَودَع,,,,P1606
NOUN,الافتتاح,اِفتِتَاح,اِفْتِتَاحَات,,Masc,P1619
NOUN,جهة,جِهَة,جِهَات,,Fem,P1622
NOUN,القيادة,قِيَادَة,,True,Fem,P1622
NOUN,لحن,لحن,أَلْحَان|لُحُون,,Masc,P1625
NOUN,بيان,بَيَان,,True,Fem,P1629 P1855 P2702 P2803 P3447 P3575 P3709 P3713 P3734 P4788 P5041 P5042 P6339 P6426 P6711 P8402 P9241
NOUN,المُرتبِط,المُرتبِط,,,,P1629
NOUN,الخاصيَّة,خَاصيََِّة,,,,P1629
NOUN,الشخص,شَخص,,,,P1636 P2389 P3342
NOUN,مرحلة,مَرحَلَة,مَرَاحِل,,Fem,P1636 P6099
NOUN,الطفولة,طُفُولَة,,True,Fem,P1636
NOUN,عدة,عِدَّة,,,,P1637
NOUN,القلادة,قِلَادَة,قَلَائِد,,Fem,P1639
NOUN,الأمين,أَمِين,أُمَنَاء,,Masc,P1640 P3975
NOUN,صفقة,صَفقَة,صَفَقَات,,Fem,P1642 P1643
NOUN,مغادرة,مُغَادَرَة,,True,Fem,P1643
NOUN,الجناح,جَنَاح,,,,P1654 P2050 P2112
NOUN,فيلم,فِيلم,,,,P1657 P2363 P2756 P3402 P3428 P3650 P3818 P3834
NOUN,جمعية,جَمعِيَّة,جَمْعِيَّات,,Fem,P1657
NOUN,الفيلم,فِيلم,,,,P1657 P1981 P2758 P3092 P3803 P3816
NOUN,المريض,مَرِيض,مَرِيضُونَ|مَرْضَى,,Masc,P1660 P1677
NOUN,صفر,صِفر,,,,P1660 P1677
NOUN,الرقم,رَقم,أَرْقَام,,Masc,P1674
NOUN,الرأس,رَأس,,,,P1678 P4441
NOUN,الدين,دِين,,,,P1689 P2133 P3075
NOUN,الناتج,نَاتِج,,,,P1689 P2131 P2132 P2219 P2299 P4010
NOUN,التلقيح,تَلقِيح,,,,P1703
NOUN,الاشتراك,اِشتِرَاك,اِشْتِرَاكَات,,Masc,P1706
NOUN,ضربة,ضَربَة,ضَرَبَات,True,Fem,P1725
NOUN,الدقيقة,دَقِيقَة,دَقَائِق,,Fem,P1725
NOUN,أداء,أَدَاء,,,,P1734 P2415 P2550 P7256
NOUN,اليمين,يَمِين,يَمَائِن|أَيْمُن,,Masc,P1734
NOUN,مقیاس,مقیاس,,,,P1752
NOUN,الرسم,رَسم,رُسُوم|رُسُومَات,,Masc,P1752 P2555 P7391 P7462
NOUN,ورشة,وَرَشَة,وَرَشَات|وَرْشَات|وِرَش,,Fem,P1774
NOUN,الأسلوب,أُسلُوب,أَسَالِيب,,Masc,P1777
NOUN,تزوير,تَزوِير,,True,Masc,P1778
NOUN,المؤلف,مُؤَلِّف,,,,P1779
NOUN,مدرسة,مَدرَسَة,,,,P1780
NOUN,عملية,عَمَلِيَّة,,True,Fem,P1789
NOUN,مصمم,مصمم,مُصَمِّمُونَ,,Masc,P1809 P2554 P5026 P5880 P5881
NOUN,الرقص,رَقص,,,,P1809 P10612 P10741
NOUN,ناخب,نَاخِب,,True,Masc,P1831 P1867
NOUN,مستخدم,مُستَخدِم,,True,Masc,P1833
NOUN,مساهم,مُسَاهِم,,True,Masc,P1833
NOUN,التحقيق,تَحقِيق,,True,Masc,P1840
NOUN,فصيلة,فَصِيلَة,فَصَائِل,,Fem,P1853
NOUN,الدم,دَم,,,,P1853
NOUN,خاصية,خَاصِيَة,,,,P1855
NOUN,بطاقة,بِطَاقَة,بَطَائِق|بِطَاقَات,True,Fem,P1868
NOUN,الاقتراع,اِقتِرَاع,,,,P1868 P6753
NOUN,لاعب,لَاعِب,لَاعِبُون,True,Masc,P1872 P1873 P4909
NOUN,الدخل,دَخل,,,,P1879 P2770 P2835 P2836 P3362 P3529
NOUN,الشعر,شَعر,,,,P1884
NOUN,الكاتدرائية,كَاتِدرَائِيَّة,كَاتِدْرَائِيَّات,,Fem,P1885
NOUN,نائب,نَائِب,نَائِبُون|نُوَّاب,,Masc,P1887 P7169
NOUN,المقاطعة,مُقَاطَعَة,مُقَاطَعَات,,Fem,P1887
NOUN,الموقعون,مُوَقِّع,,,,P1891
NOUN,درجة,دَرَجَة,دَرَج|دَرَجَات,,Fem,P1897 P1898 P2076 P2107 P2113 P2198 P2199 P2527 P3251 P3252 P3253 P4500 P5066 P5067 P5670 P5682 P6095 P6591 P6879 P7252 P7379 P7422 P7767
NOUN,التفجر,تَفَجُّر,,,,P1903
NOUN,الأثر,أَثَر,,,,P1909 P3643
NOUN,التعبير,تَعبِير,تَعَابِرُ|تَعْبِيرَات,,Masc,P1910 P1911 P4240 P5572
NOUN,الحذف,حِذف,,,,P1912
NOUN,الازدواج,اِزدِوَاج,,True,Masc,P1913
NOUN,إدراج,إِدرَاج,,,,P1914 P7377
NOUN,إحلال,إِحلَال,,,,P1916
NOUN,جينة,جِينَة,,True,Fem,P1916
NOUN,تعديل,تَعدِيل,تَعْدِيلَات,,Masc,P1917 P7075
NOUN,الترجمة,تَرجَمَة,تَرْجَمَات|تَرَاجِم,,Fem,P1917
NOUN,تغيير,تَغيِير,تَغْيِيرَات,,Masc,P1918
NOUN,المشاركة,مُشَارَكَة,,True,Fem,P1923
NOUN,أجل,أَجل,,,,P1924
NOUN,العائلة,عَائِلَة,عَائِلَات|عَوَائِل,,Fem,P1950 P2365 P6978 P9139
NOUN,المستثمر,مُستَثمِر,,,,P1951
NOUN,قدرة,قُدرَة,قُدُرَات|قُدْرَات,,Fem,P1956 P3559
NOUN,الإقلاع,إِقلَاع,,,,P1956 P2430
NOUN,الهبوط,هُبُوط,,True,Masc,P1956
NOUN,ضبط,ضَبط,,True,Masc,P1981
NOUN,النفس,نَفس,,,,P1981
NOUN,صناعة,صِنَاعَة,صِنَاعَات|صَنَائِع,,Fem,P1981
NOUN,السينما,سِينَمَا,سِينَمَات,,Fem,P1981
NOUN,وضع,وَضع,,,,P1999 P3259 P6022
NOUN,المطبخ,المطبخ,مَطَابِخ,,Masc,P2012
NOUN,التقاط,اِلتِقَاط,,,,P2033
NOUN,الكاميرا,كَامِيرَا,,,,P2033 P4082 P4312
NOUN,الطُّول,طََُّّ,,,,P2043
NOUN,الارتفاع,اِرتِفَاع,,True,Masc,P2044 P2048 P2362 P2923 P7297
NOUN,مستوى,مُستَوَى,مُسْتَوَيَات,,Masc,P2044 P4851
NOUN,البحر,بَحر,,,,P2044
NOUN,زاوية,زَاوِيَة,زَوَايَا,,Fem,P2045 P2211 P2213 P2248 P2325 P6707 P6708
NOUN,الميلان,مِيلَان,,True,Masc,P2045
NOUN,المساحة,مِسَاحَة,,,,P2046
NOUN,المدة,مُدَّة,,,,P2047 P2873
NOUN,العَرض,عََرَض,عُرُوض,,Masc,P2049
NOUN,كتلة,كُتلَة,كُتَل,,Fem,P2051
NOUN,السرعة,سُرعَة,,True,Fem,P2052 P2216 P2231 P3086 P4958
NOUN,مساحة,مِسَاحَة,,,,P2053 P2112
NOUN,المسطح,مُسَطَّح,مُسَطَّحَات,,Masc,P2053
NOUN,الكثافة,كَثَافَة,,True,Fem,P2054
NOUN,الموصلية,الموصلية,,,,P2055 P2068
NOUN,المودع,مَودِع,,,,P2058
NOUN,السطوع,سُطُوع,,True,Masc,P2060
NOUN,الامتداد,اِمتِدَاد,,True,Masc,P2061 P3403
NOUN,حرارة,حَرَارَة,,True,Fem,P2066 P2113 P2116 P2199 P3251 P3252 P3253 P5066 P5670 P5682 P6591 P7422 P7767
NOUN,الانصهار,اِنصِهَار,,True,Masc,P2066 P2101
NOUN,الكتلة,كُتلَة,كُتَل,,Fem,P2067 P2160 P2599 P4100
NOUN,العزم,عَزم,عُزُوم,,Masc,P2069 P2527
NOUN,الحرارة,حَرَارَة,,True,Fem,P2076 P5067 P6879
NOUN,التصنيع,تَصنِيع,,,,P2079
NOUN,المنافسة,مُنَافَسَة,مُنَافَسَات,,Fem,P2094
NOUN,مساعد,مُسَاعِد,مُسَاعِدُون,,Masc,P2095
NOUN,السائق,سَائِق,سَائِقُون|سُوَّاق|سَاقَة,,Masc,P2095
NOUN,الولاية,وِلَايَة,,,,P2097
NOUN,النائب,نَائِب,نَائِبُون|نُوَّاب,,Masc,P2098
NOUN,الغليان,الغليان,,,,P2102
NOUN,التحلل,تَحَلُّل,,,,P2107
NOUN,التسامي,تَسَامِي,,,,P2113
NOUN,النصف,نِصف,,,,P2114
NOUN,التبخر,تَبَخُّر,,True,Masc,P2116
NOUN,المحتوى,مُحتَوَى,مُحْتَوَيَات,,Masc,P2117 P3274 P3306 P6076 P7367 P7573
NOUN,احتراق,اِحتِرَاق,,True,Masc,P2117
NOUN,اللزوجة,لَزوجَة,,True,Fem,P2118 P3070
NOUN,ضغط,ضَغط,ضُغُوط,,Masc,P2119 P2228 P2532 P5071
NOUN,البخار,بَخَار,أَبْخِرَة,,Masc,P2119
NOUN,نصف,نِصف,,,,P2120 P2233 P4269 P7391
NOUN,قطر,قَطَر,قِطَار,,,P2120 P2386 P2556 P5348 P7391 P7462
NOUN,الجائزة,جَائِزَة,جَوَائِز,,Fem,P2121 P2517
NOUN,المقياس,مِقيَاس,مَقَايِيس,,Masc,P2127
NOUN,الوميض,وَمِيض,,True,Masc,P2128
NOUN,خطورة,خُطُورَة,,,,P2129
NOUN,الصحة,صِحَّة,,True,Fem,P2129
NOUN,الكلفة,كُلفَة,كُلُفَات|كُلْفَات|كُلَف,,Fem,P2130
NOUN,الاحتياطي,اِحتِيَاطِيّ,,,,P2134
NOUN,صادر,صَادِر,,True,Fem,P2135
NOUN,القيمة,قِيمَة,قِيَم,,Fem,P2137 P2226 P2855 P3934 P5446 P9729
NOUN,إيراد,إِيرَاد,,True,Fem,P2139 P2142
NOUN,الاستثمار,اِستِثمَار,اِسْتِثْمَارَات,,Masc,P2140 P2141
NOUN,التذاكر,تَذَاكُر,,,,P2142
NOUN,التردد,تَرَدُّد,,,,P2144
NOUN,دوران,دَوَرَان,,True,Masc,P2146 P6272
NOUN,المسافة,مَسَافَة,مَسَافَات|مَسَاوِف,,Fem,P2148 P2212 P2583 P2793
NOUN,المصب,مَصَب,مَصَابّ|مَصَبَّات,,Masc,P2148 P2674
NOUN,الساعة,سَاعَة,سَاعَات|سَاع,,Fem,P2149
NOUN,الأمام,أَمَام,,,,P2150 P6533
NOUN,البعد,بُعد,,,,P2151
NOUN,الجسيم,الجسيم,,,,P2152
NOUN,طاقة,طَاقَة,,,,P2154 P2229 P2260 P2797
NOUN,المحلول,مَحلُول,,,,P2155
NOUN,السحنة,سَحنَة,,,,P2156
NOUN,زيادة,زِيَادَة,,True,Fem,P2160
NOUN,مرض,مَرَض,,,,P2175
NOUN,الدواء,دَوَاء,أَدْوِيَة,,Masc,P2176
NOUN,للعلاج,عِلَاج,,True,Masc,P2176
NOUN,المذيب,مُذِيب,,,,P2178
NOUN,الانحدار,اِنحِدَار,,,,P2198 P4184
NOUN,الاشتعال,اِشتِعَال,,,,P2199
NOUN,الشحنة,شَحنَة,,,,P2200 P7527
NOUN,عزم,عَزم,عُزُوم,,Masc,P2201
NOUN,قطب,قَطَب,أَقْطَاب,,Masc,P2201
NOUN,للاشتعال,للاشتعال,,,,P2202
NOUN,حد,حَدّ,,,,P2203 P2405 P2407 P5529 P5608
NOUN,الاشتعالية,اِشتِعَالِيّ,,,,P2203
NOUN,متفجر,مُتَفَجِّر,,True,Fem,P2204
NOUN,اللقطة,لَقطَة,,,,P2208
NOUN,الموضع,مَوضِع,,,,P2211
NOUN,الاعتدال,اِعتِدَال,اِعْتِدَالَات,,Masc,P2213
NOUN,التزيح,تَزَيُّح,,,,P2214
NOUN,الرحلة,رِحلَة,,,,P2217
NOUN,الثروة,ثَروَة,ثَرَاء|ثَرَوَات,,Fem,P2218
NOUN,نمو,نُمُوّ,,True,Masc,P2219
NOUN,ثروة,ثَروَة,ثَرَاء|ثَرَوَات,,Fem,P2220
NOUN,التدفق,تَدَفُّق,,,,P2221
NOUN,النسبة,نِسبَة,نِسَب,,Fem,P2222
NOUN,المعدنية,مَعدِنِيّ,,,,P2227
NOUN,التصميم,تَصمِيم,تَصْمِيمَات|تَصَامِيم,,Masc,P2229
NOUN,عزم,عزم,عُزُوم,,Masc,P2230
NOUN,النقد,نَقد,,,,P2232
NOUN,المحور,مِحوَر,مَحَاوِر,,Masc,P2233
NOUN,الحجم,حَجم,,,,P2234 P2807 P5668
NOUN,الرمز,رَمز,رُمُوز,,Masc,P2238
NOUN,إسعاف,إِسعَاف,,True,Fem,P2239
NOUN,الجرعة,جُرعَة,جُرَع|جُرْعَات,,Fem,P2240 P2542 P4250
NOUN,الإهمال,إِهمَال,,True,Masc,P2241
NOUN,الأوج,أَوج,,True,Masc,P2243
NOUN,الحضيض,حَضِيض,حُضُض|أَحِضَّة,,Masc,P2244 P2248
NOUN,العمر,عُمر,أَعْمَار,,Masc,P2250 P3629 P7584
NOUN,سقف,سَقف,أَسْقُف|سُقُوف|سُقُف,,Masc,P2254
NOUN,تكرار,تَكرَار,تَكْرَارات,,Masc,P2257
NOUN,العمق,عُمق,أَعْمَاق,,Masc,P2262 P4511 P5524
NOUN,خط,خَطّ,خُطُوط,,Masc,P2262 P3432 P3578 P6260 P6261
NOUN,النطاق,نِطَاق,نُطُق|نِطَاقَات,,Masc,P2279
NOUN,الثمن,ثَمَن,,,,P2284
NOUN,الحضيض,الحضيض,حُضُض|أَحِضَّة,,Masc,P2285
NOUN,مخطط,مُخَطَّط,,,,P2291 P3858 P6195
NOUN,الاستهلاك,اِستِهلَاك,,True,Masc,P2292
NOUN,الحساب,حِسَاب,,,,P2294 P5897
NOUN,الربح,رِبح,,,,P2295
NOUN,العمالة,عَمَالَة,,,,P2297
NOUN,القطاع,قِطَاع,قِطَاعَات,,Masc,P2297
NOUN,للفرد,للفرد,,,,P2299
NOUN,تعادل,تَعَادُل,,True,Masc,P2299 P4010 P7527
NOUN,القوة,قُوَّة,قُوًى|قُوَّات,,Fem,P2299 P2563 P4010 P5708
NOUN,للجرعة,جُرعَة,جُرَع|جُرْعَات,,Fem,P2300
NOUN,محدد,مُحَدَّد,,True,Masc,P2302
NOUN,الخاصية,خَاصِيَّة,,,,P2302 P2668 P2875 P5314 P8395
NOUN,الاستثناء,اِستِثنَاء,اِسْتِثْنَاءَات,,Masc,P2303
NOUN,الصنف,صِنف,,,,P2308 P2670
NOUN,العلاقة,عَلَاقَة,,,,P2309
NOUN,الناخب,نَاخِب,,,,P2319
NOUN,الهزة,الهزة,,,,P2320
NOUN,العضلة,عُضلَة,عَضَلَات,,Fem,P2329 P3310 P3490 P3491 P6884
NOUN,الفترة,فَترَة,فَتَرَات,,Fem,P2348 P2408 P2937 P3415 P3416 P4341 P7103 P7104 P7643
NOUN,القصد,قَصد,,True,Masc,P2360
NOUN,مزود,مُزَوَّد,مُزَوِّد,,Masc,P2361 P3274
NOUN,الإنترنت,إِنتِرنِت,,True,Masc,P2361 P5592
NOUN,الإعلام,إِعلَام,,True,Masc,P2363 P4437 P5201 P5970
NOUN,والاتصال,والاتصال,,,,P2363
NOUN,تحويل,تَحوِيل,,True,Masc,P2370 P2442
NOUN,التوافر,تَوَافُر,,,,P2374
NOUN,النظير,نَظِير,نُظَرَاء,,Masc,P2375
NOUN,نظير,نَظِير,نُظَرَاء,,Masc,P2376
NOUN,وقف,وَقف,,,,P2379
NOUN,النسخة,نَسخَة,نُسَخ,,Fem,P2379
NOUN,البيان,بَيَان,,,,P2384 P5102 P7528
NOUN,التدريس,تَدرِيس,,True,Masc,P2392
NOUN,صورة,صُورَة,صِوَر|صُور|صُوَر,,Fem,P2396 P5040 P6731
NOUN,الإنفاق,إِنفَاق,,True,Masc,P2402
NOUN,التركيز,تَركِيز,,True,Masc,P2404 P2712 P4269 P6274
NOUN,تعريض,تَعرِيض,,True,Masc,P2405
NOUN,السقف,سَقَف,أَسْقُف|سُقُوف|سُقُف,,Masc,P2405
NOUN,للتعرض,للتعرض,,,,P2406
NOUN,التعرض,تَعَرُّض,,,,P2407 P6757
NOUN,ركيزة,رَكِيز,رَكَائِز,,Fem,P2414
NOUN,انضباط,اِنضِبَاط,,True,Masc,P2416
NOUN,المرحلة,مَرحَلَة,مَرَاحِل,,Fem,P2417 P2443 P4774 P7374
NOUN,الاكتمال,اِكتِمَال,,,,P2429
NOUN,لفة,لِفَة,لَفَّات,,Fem,P2430
NOUN,جنس,جَنس,,,,P2433 P5185
NOUN,الجهد,جُهد,,,,P2436
NOUN,الكهربائي,كَهرَبَائِيّ,,True,,P2436 P2853
NOUN,تصويب,تَصوِيب,,True,Masc,P2507
NOUN,خطأ,خَطَأ,أَخْطَاء,,Masc,P2507
NOUN,الدور,دَور,,,,P2512
NOUN,أسلوب,أُسلُوب,أَسَالِيب,,Masc,P2545 P7406 P9302 P10741
NOUN,صاحب,صاحب,صَحْب|صُحْبَان|صِحَاب|أَصْحَاب,,Masc,P2546
NOUN,طول,طُول,,,,P2547 P3737 P3738
NOUN,المحيط,مُحِيط,مُحِيطَات,,Masc,P2547
NOUN,الوزن,وَزن,أَوْزَان,,Masc,P2551
NOUN,الشوط,شَوط,أَشْوَاط,,Masc,P2557
NOUN,معالجة,مُعَالَجَة,,True,Fem,P2560
NOUN,المناخ,مُنَاخ,مُنَاخَات,,Masc,P2564
NOUN,احتمالية,اِحتِمَالِيّ,اِحْتِمَالِيَّات,,Fem,P2565
NOUN,حدوث,حُدُوث,,True,Masc,P2565
NOUN,احترار,اِحتِرَار,,,,P2565
NOUN,موجب,مُوجِب,,,,P2568
NOUN,عدم,عَدَم,أَعْدَام,,Masc,P2571
NOUN,اليقين,يَقِين,,,,P2571
NOUN,قياسة,قِيَاسَة,,True,Fem,P2575
NOUN,قاعدة,قَاعِدَة,قَوَاعِد,,Fem,P2577 P3039
NOUN,الخيار,خِيَار,,,,P2591
NOUN,للانحدار,لِنحِدَار,,,,P2595
NOUN,الثقافة,ثَقَافَة,ثَقَافَات,,Fem,P2596
NOUN,صبغة,صَبغَة,صِبَغ,,Fem,P2597
NOUN,غرام,غِرَام,,,,P2597
NOUN,السمك,سَمك,,,,P2610
NOUN,التراث,تُرَاث,,True,Masc,P2614 P2817 P3259
NOUN,المجلس,مَجلِس,مَجالِس,,Masc,P2629 P6452
NOUN,تكلفة,تَكلِفَة,تَكْلِفَات,,Fem,P2630
NOUN,الضرر,ضَرر,أَضْرَار,,Masc,P2630
NOUN,الاعتقال,اِعتِقَال,اِعْتِقَالَات,,Masc,P2632
NOUN,العارض,عَارِض,عَارِضُون,,Masc,P2634
NOUN,التعليم,تَعلِيم,تَعَالِيمُ|تَعْلِيماتٌ,,Masc,P2643 P3270 P3271
NOUN,الشراكة,شِرَاكَة,,,,P2652 P8464
NOUN,العزلة,عُزلَة,عُزَل,,Fem,P2659
NOUN,الفائدة,فَائِدَة,فَوَائِد,,Fem,P2661 P5899
NOUN,استهلاك,اِستِهلَاك,,True,Masc,P2662
NOUN,الفرد,فَرد,,,,P2662
NOUN,المال,مَال,,,,P2663
NOUN,الكحول,كُحُول,كُحُولَات,,Masc,P2665
NOUN,قالب,قَالِب,قَوَالِب,,Masc,P2667 P4329
NOUN,استقرار,اِستِقرَار,,True,Masc,P2668
NOUN,التوقف,تَوَقُّف,,,,P2669 P2825
NOUN,معبر,مَعبَر,مَعَابِر,,Masc,P2673 P2674
NOUN,مُؤلِّف,مُؤلِّف,,,,P2679
NOUN,المُقدِّمة,أَلمُقدِّمَة,مُقَدِّمَات,,Fem,P2679
NOUN,مؤلف,مؤلف,,,,P2680 P6086
NOUN,الخاتمة,خَاتِمَة,,,,P2680
NOUN,الصفحة,صَفحَة,صَفَحَات,,Fem,P2681 P2682
NOUN,البروتوكول,برُوتُوكُول,,,,P2700
NOUN,تنسيق,تَنسِيق,,True,Masc,P2701 P2743
NOUN,الملف,مِلَفّ,مِلَفّات,,Masc,P2701 P7482 P7668
NOUN,توزيع,تَوزِيع,,True,Masc,P2702
NOUN,الفتاك,فَتَاك,,,,P2712
NOUN,التأثير,تَأثِير,تَأْثِيرَات,,Masc,P2717
NOUN,اتحاد,اِتِّحَاد,اِتِّحَادَات,,Masc,P2737 P2738
NOUN,إحصاء,إِحصَاء,إِحْصَاءَات,True,Masc,P2746
NOUN,الميزانية,مِيزَانِيَّة,,,,P2769
NOUN,السباق,سِبَاق,سِبَاقَات,,Masc,P2781 P3157
NOUN,قطعة,قِطعَة,,,,P2787
NOUN,المستهلكة,مُستَهلِكَة,,,,P2791
NOUN,دقة,دِقَّة,,True,Fem,P2803
NOUN,الوقت,وَقت,,,,P2803 P3497
NOUN,الاهتزاز,اِهتِزَاز,,,,P2806
NOUN,الطول,طُول,,,,P2808 P6260
NOUN,المتحدث,مُتَحَدِّث,,,,P2813
NOUN,نصب,نَصب,,,,P2817
NOUN,أصلية,أَصَلِّيَّة,,True,Fem,P2820
NOUN,لون,لُون,أَلْوَان,,Masc,P2827
NOUN,الزهر,زُهر,أَزْهُر|أَزَاهِر|أَزَاهِير|زُهُور|أَزْهَار,,,P2827
NOUN,ضابط,ضَابِط,,,,P2828
NOUN,الضريبة,ضَرِيبَة,ضَرَائِب,,Fem,P2834
NOUN,عتبة,عُتبَة,عَتَبَات|أَعْتَاب|عَتَب,,Fem,P2835 P2836
NOUN,اليابان,اَليَابَان,,,,P2838
NOUN,المشي,مُشِيّ,,,,P2839
NOUN,الزواج,زَوَاج,,True,Masc,P2842 P3000
NOUN,الوقوع,وُقُوع,,True,Masc,P2844
NOUN,إمكانية,إِمكَانِيَّة,,,,P2846
NOUN,الدفع,دَفع,,,,P2851
NOUN,هاتف,هَاتِف,هَوَاتِف,,Masc,P2852
NOUN,القابس,قَابِس,,,,P2853
NOUN,ضريبة,ضَرِيبَة,ضَرَائِب,,Fem,P2855
NOUN,التقدم,تَقَدُّم,,,,P2869
NOUN,مكتب,مَكتَب,مَكاتِب,,Masc,P2872 P7327
NOUN,السياحة,سِيَاحَة,سِيَاحَات,,Fem,P2872
NOUN,الهابط,هَابِط,,,,P2882
NOUN,جهد,جَهد,,,,P2884
NOUN,الأسبوع,أُسبُوع,أَسَابِيع,,Masc,P2894
NOUN,للعمر,للعمر,,,,P2899
NOUN,الفارق,فَارِق,فَوَارِق,,Masc,P2911
NOUN,التميز,تَمَيُّز,,,,P2912
NOUN,التمثيل,تَمثِيل,,True,Masc,P2913
NOUN,شهر,شَهر,أَشْهُر|شُهُور,,Masc,P2922
NOUN,السنة,سَنَة,,,,P2922
NOUN,الإله,إِله,,,,P2925
NOUN,سعة,سَعَة,,True,Fem,P2928 P4140
NOUN,الذاكرة,الذاكرة,,True,Fem,P2928
NOUN,المنارة,مَنَّارَة,,,,P2929
NOUN,الموصل,مَوصِل,,,,P2935
NOUN,اللُّغة,لَُّغَة,لُغَات,,Fem,P2936
NOUN,عنصر,عُنصُر,عَنَاصِر,,Masc,P2959 P5137 P7087 P9344
NOUN,مكرر,مُكَرَّر,,,,P2959
NOUN,الأرشيف,الأرشيف,أَرَاشِيف,,Masc,P2960
NOUN,لقب,لَقَب,,,,P2962
NOUN,الشطرنج,شَطرَنج,,True,Masc,P2962
NOUN,حق,حَقّ,,,,P2964
NOUN,التصويت,تَصوِيت,,True,Masc,P2964 P5043 P8196
NOUN,الموطن,مَوطِن,مَوَاطِن,,Masc,P2974
NOUN,العائل,عَائِل,,,Masc,P2975
NOUN,عجلة,عُجلَة,,True,Fem,P2978 P3039
NOUN,الحالة,حَالَة,,,,P2989 P3457 P4202 P5166
NOUN,ضمان,ضَمَان,ضَمَانَات,,Masc,P2992
NOUN,جودة,جَودَة,جَوَدَات|جَوْدَات,,Fem,P2992 P6731
NOUN,السن,سِنّ,,,,P2997 P3271 P5152
NOUN,الترشيح,تَرشِيح,,,,P2998
NOUN,التقاعد,تَقَاعُد,تَقَاعُدَات,,Masc,P3001
NOUN,التوتر,تَوَتُّر,,,,P3013
NOUN,بقاء,بَقَاء,,True,Masc,P3020
NOUN,الفتح,فَتح,,,,P3027 P3028
NOUN,الحزم,حَزم,,,,P3033
NOUN,ارتفاع,اِرتِفَاع,,True,Masc,P3036
NOUN,هطول,هُطُول,,,,P3036
NOUN,شدة,شِدَّة,,,,P3041
NOUN,الإضاءة,إِضَاءَة,,True,Fem,P3041 P5026
NOUN,الحمل,حَمَل,,,,P3063 P3489 P6639
NOUN,الحرار,حِرَار,,,,P3071
NOUN,فنان,فَنَّان,فَنَّانُون,,Masc,P3080
NOUN,المدمر,مَدمَر,,,,P3082
NOUN,تأهيل,تَأهِيل,,True,Fem,P3085
NOUN,الإيراد,إِيرَاد,,,,P3087
NOUN,طاقم,طَاقِم,طَوَاقِم,,Masc,P3092 P5096 P5802
NOUN,زمان,زَمَّان,أَزْمِنَة,,Masc,P3103
NOUN,الذروة,ذَروَة,ذُرًى,,Fem,P3137
NOUN,الجزيء,جَزِيء,جُزَيْئَات,,Masc,P3149
NOUN,مسافة,مَسَافَة,مَسَافَات|مَسَاوِف,,Fem,P3157 P6354
NOUN,تطويق,تَطوِيق,,,,P3158
NOUN,المخرج,مُخرِج,,,,P3174 P5126
NOUN,التداخل,تَدَاخُل,,,,P3179
NOUN,مريض,مَرِيض,مَرِيضُونَ|مَرْضَى,,Masc,P3205
NOUN,المعيشة,مَعِيشَة,مَعَايِش,,Fem,P3251 P3252
NOUN,فرع,فَرع,أَفْرُع|فُرُوع,,Masc,P3261
NOUN,القاعدة,قَاعِدَة,قَوَاعِد,,Fem,P3263 P4149
NOUN,السن,سُنّ,,,,P3270
NOUN,متصدر,مُتَصَدِّر,,,,P3279
NOUN,الترميز,تَرمِيز,,,,P3294 P5522
NOUN,حركة,حَرَكَة,حَرَكَات,True,Fem,P3310 P5658 P10612
NOUN,الإدارة,إِدَارَة,إِدَارَات,,Fem,P3320 P4103
NOUN,الخصم,خَصم,خُصُوم,,Masc,P3323
NOUN,النزاع,نِزَاع,,True,Masc,P3323
NOUN,خطر,خَطَر,,,,P3335 P5040 P5041
NOUN,الزمن,زَمَن,أَزْمَان,,Masc,P3337
NOUN,مصممة,مصممة,,,,P3349
NOUN,لحمل,لحمل,,,,P3349
NOUN,المؤثر,مُؤَثِّر,,,,P3354 P3355
NOUN,التنبؤ,تَنَبُّؤ,,True,Masc,P3356 P3357
NOUN,إخوة,إَخوَة,,,,P3373
NOUN,وأخوات,وأخوات,,,,P3373
NOUN,تردد,تَرَدُّد,,,,P3387 P3465
NOUN,للصوت,للصوت,,,,P3387 P3465
NOUN,القلب,قَلب,,,,P3395
NOUN,المعهد,مَعهَد,مَعَاهِد,,Masc,P3428
NOUN,فن,فَنّ,فُنُون,True,Masc,P3428
NOUN,البديل,بَدِيل,,,,P3433
NOUN,السيارة,سَيَّارَة,سَيَّارَات,,Fem,P3438
NOUN,عادة,عَادَة,,,,P3438 P7163
NOUN,الدقة,دِقَّة,,True,Fem,P3439
NOUN,التوقيع,تَوقِيع,تَوْقِيعَات|تَوَاقِيع,,Masc,P3440
NOUN,زوج,زَوج,,,,P3448
NOUN,موسم,مَوسِم,مَوَاسِم,,Masc,P3450 P5138
NOUN,إماتة,إِمَاتَة,إِمَاتَات,,Fem,P3457
NOUN,الفرقة,فِرقَة,فِرَق|فِرْقَات,,Fem,P3460
NOUN,بال,بَال,,,,P3461
NOUN,ترخيص,تَرخِيص,,,,P3464
NOUN,التسويق,تَسوِيق,,True,Masc,P3464 P5204
NOUN,حاصل,حَاصِل,حَوَاصِل|حَاصِلَات,,Masc,P3485
NOUN,قوة,قُوَّة,قُوًى|قُوَّات,,Fem,P3485 P5677 P5706
NOUN,العضة,عِضَّة,,,,P3485
NOUN,التنفس,تَنَفُّس,,,,P3486
NOUN,الحضانة,حَضَانَة,,True,Fem,P3487 P3488
NOUN,البشر,بَشَر,,,,P3487 P3488
NOUN,أصل,أَصل,,,,P3490
NOUN,إدخال,إِدخَال,,True,Masc,P3491
NOUN,التكاثر,تَكَاثُر,,,,P3492
NOUN,الوضع,وَضع,,,,P3493 P4002
NOUN,للدواء,دِوَاء,أَدْوِيَة,,Masc,P3493
NOUN,التنقل,تَنَقُّل,,,,P3512
NOUN,دورة,دَورَة,دَوْرَات,,Fem,P3592
NOUN,انتخاب,اِنتِخَاب,اِنْتِخَابَات,True,Masc,P3602 P6149 P7508
NOUN,أجرة,أَجرَة,أُجُرَات|أُجَر|أُجَرَات,,Fem,P3610
NOUN,الراتب,رَاتِب,رَوَاتِب,,Masc,P3618
NOUN,سوق,سُوق,,,,P3679
NOUN,المشروع,مَشرُوع,مَشْرُوعَات|مَشَارِيع,,Masc,P3712
NOUN,المهمة,مَهَمَّة,,True,Fem,P3712
NOUN,لقيم,لَقِيم,,,,P3713
NOUN,النورة,نَورَة,,,,P3739
NOUN,منشط,مُنَشَّط,,,,P3771
NOUN,ناهض,نَاهِض,,,,P3772
NOUN,مضاد,مَضَاد,,,,P3773
NOUN,تعطيل,تَعطِيل,,True,Masc,P3775
NOUN,مثبط,مُثَبَّط,,,,P3776
NOUN,مثبط,مُثَبِّط,,,,P3777
NOUN,مضاد,مُضَاد,,,,P3777
NOUN,مغير,مَغِير,,,,P3778 P3779
NOUN,النار,نَار,نِيرَان,,Fem,P3792 P4176
NOUN,مرصد,مَرصَد,مَرَاصِد,,Masc,P3815
NOUN,بركان,بركان,,,,P3815
NOUN,دور,دور,,,,P3831
NOUN,الشتات,شَتَات,,,,P3833
NOUN,المنحدر,مُنحَدَر,,,,P3840
NOUN,الكيان,كِيَان,كِيَانَات,,Masc,P3842 P5607
NOUN,الانتحار,اِنتِحَار,اِنْتِحَارَات,,Masc,P3864
NOUN,الخريجين,خَرِيج,خِرِّيجُون,,Masc,P3876
NOUN,المؤسسة,مُؤَسَّسَة,,,,P3876
NOUN,الجناة,جَنَاة,,,,P3886
NOUN,المراقبة,مُرَاقَبَة,,True,Fem,P3891
NOUN,الملكية,مِلكِيَّة,,,,P3893
NOUN,وجبة,وَجبَة,وَجَبات,,Fem,P3902
NOUN,الصحيفة,صَحِيفَة,صُحُف|صَحَائِف,,Fem,P3912
NOUN,الطلب,طَلَب,,,,P3917
NOUN,الأبجدية,أَبجَدِيَّة,,,,P3917
NOUN,صاحب,صَاحِب,صَحْب|صُحْبَان|صِحَاب|أَصْحَاب,,Masc,P3931
NOUN,تأليف,تَألِيف,,True,Masc,P3931 P6216 P7763
NOUN,النموذج,نَمُوذَج,,,,P3969 P7481 P7936
NOUN,الثمرة,ثَمرَة,ثُمُر|أَثْمَار|ثِمَار,,,P4000
NOUN,المُراجِع,مُِرَاجَِِّع,,,,P4032
NOUN,الرؤية,رُؤيَة,رُؤًى|رُؤْيَات,,Fem,P4036
NOUN,معرف,مَعرِف,,,,P4070
NOUN,طراز,طِرَاز,,,,P4082
NOUN,الفوهة,فَوهَة,,,,P4137
NOUN,تخزين,تَخزِين,,,,P4140 P4788
NOUN,الحيد,حِيد,,,,P4153
NOUN,التكبير,تَكبِير,,True,Masc,P4163
NOUN,الزاوية,زَاوِيَة,زَوَايَا,,Fem,P4183
NOUN,انتهاء,اِنتِهَاء,,True,Masc,P4218 P8554
NOUN,الصلاحية,صَلَّاح,,True,Fem,P4218
NOUN,المعركة,مَعرَكَة,مَعَارِك,,Fem,P4220
NOUN,التاريخ,تَارِيخ,تَوَارِيخ,,Masc,P4241 P9600
NOUN,المعدل,مُعَدَّل,,True,Masc,P4242
NOUN,تركيز,تَركِيز,,True,Masc,P4268 P5008
NOUN,التطبيق,تَطبِيق,تَطْبِيقَات,,Masc,P4290 P4390
NOUN,روح,رُوح,,,,P4292
NOUN,إعداد,إِعدَاد,,True,Masc,P4312
NOUN,متمرس,مُتَمَرِّس,,,,P4321
NOUN,عداء,عَدَاء,,,,P4322
NOUN,شاب,شَابّ,,,,P4323
NOUN,القتالية,القتالية,,,,P4324
NOUN,الحفر,حَفر,,,,P4345
NOUN,الملوحة,الملوحة,,,,P4350
NOUN,رشح,رَشَح,,,,P4353
NOUN,جناح,جَنَاح,,,,P4379
NOUN,التحديث,تَحدِيث,,True,Masc,P4387
NOUN,العيار,عِيَار,,,,P4403
NOUN,تطبيق,تَطبِيق,تَطْبِيقَات,,Masc,P4424
NOUN,تنفيذ,تَنفِيذ,,True,Masc,P4428
NOUN,جنوب,جَنُوب,,,,P4437
NOUN,لتصنيف,صَنِيف,,,,P4437 P5042
NOUN,البطاقة,بِطَاقَة,بَطَائِق|بِطَاقَات,,Fem,P4443
NOUN,المكافأة,مُكَافَأَة,مُكَافَآت,,Fem,P4444 P4447
NOUN,السماح,سَمَاح,,,,P4445
NOUN,استرداد,اِستِردَاد,,True,Masc,P4448
NOUN,البياض,بَيَاض,,True,Masc,P4501
NOUN,مشروعا,مَشرُوع,مَشْرُوعَات|مَشَارِيع,,Masc,P4510
NOUN,مكون,مُكَوِّن,مُكَوِّنَات,True,Masc,P4543
NOUN,للفترة,فَترَة,فَتَرَات,,Fem,P4566
NOUN,ظهور,ظُهُور,,,,P4584
NOUN,حرق,حَرق,,,,P4602
NOUN,الجثة,جُثَّة,أَجْثَاث|جُثَث,,Fem,P4602
NOUN,المستجمع,مُستَجمَع,,,,P4614
NOUN,تذكار,تَذكَار,تَذْكَارَات|تِذْكَارَات,,Masc,P4622
NOUN,سرب,سَرب,أَسْرَاب,,Masc,P4624
NOUN,طائرة,طَائِرَة,طَائِرَات,True,Fem,P4624
NOUN,هوية,هُوِيَّة,,,,P4626 P4649
NOUN,السياق,سِيَاق,,True,Masc,P4626 P4649
NOUN,تكوين,تَكوِين,,True,Masc,P4628
NOUN,جينوم,جِينُوم,,,,P4628
NOUN,الفيروس,فَيرُوس,فَيْرُوسَات,,Masc,P4628
NOUN,اللجنة,لَجنَة,,,,P4628 P7727
NOUN,لتصنيف,لتصنيف,,,,P4628 P5040 P5041
NOUN,فيروس,فَيرُوس,فَيْرُوسَات,True,Masc,P4628
NOUN,العرض,عَرض,عُرُوض,,Masc,P4634 P4647 P5307 P6261
NOUN,تمثيل,تَمثِيل,,True,Masc,P4646 P6243
NOUN,جدول,جَدوَل,جَدَاوِل,,Masc,P4653 P7582
NOUN,بحيرة,بُحَيرَة,بُحَيْرَات,,Fem,P4661
NOUN,السد,سُدّ,,True,Masc,P4661 P4792
NOUN,العنوان,عُنوَان,عَنَاوِين,,Masc,P4714
NOUN,عرق,عرق,,,,P4743
NOUN,إجراء,إِجرَاء,إِجْرَاءَات,True,Masc,P4745
NOUN,رطب,رَطَب,,,,P4770
NOUN,قيادة,قِيَادَة,,True,Fem,P4791
NOUN,الموسم,مَوسِم,مَوَاسِم,,Masc,P4794 P4908 P6118
NOUN,فنان,فنان,فَنَّانُون,,Masc,P4805
NOUN,متغير,مُتَغَيِّر,,,,P4809 P4810
NOUN,البيئة,بِيئَة,بِيئَات,,Fem,P4809 P4810
NOUN,التزلج,تَزَلُّج,,,,P4825
NOUN,البرنامج,بَرنَامَج,بَرَامِج,,Masc,P4826 P5030 P5804 P6095
NOUN,الخصوبة,خُصُوبَة,,True,Fem,P4841
NOUN,تطور,تَطَوُّر,تَطَوُّرَات,,Masc,P4843
NOUN,البنية,بِنيَة,,True,Fem,P4843 P5589
NOUN,التدخل,تَدَخُّل,,,,P4844
NOUN,مضاف,مَضَاف,,True,Fem,P4850
NOUN,الإنزيم,إِنزِيم,,,,P4873
NOUN,سجلة,سُجلَة,,True,Fem,P4876
NOUN,التعصيب,تَعصِيب,,,,P4882
NOUN,المحكمة,مَحكَمَة,مَحَاكِم,,Fem,P4884
NOUN,الفهرس,الفهرس,,,,P4895
NOUN,مفهوم,مَفهُوم,مَفَاهِيم,,Masc,P4900
NOUN,استراحة,اِستِرَاحَة,اِسْتِرَاحَات,,Fem,P4912 P6590
NOUN,القرن,قَرن,,,,P4912
NOUN,لهجة,لَهجَة,لَهَجَات,,Fem,P4913 P5426 P8131
NOUN,سباقة,سِبَاقَة,,True,Fem,P4958
NOUN,اختبار,اِختِبَار,,True,Masc,P4988 P5021 P5022
NOUN,معارضة,مُعَارَضَة,مُعَارَضَات,,Fem,P5004
NOUN,تحديث,تَحدِيث,,True,Masc,P5017
NOUN,المتخذ,المتخذ,,,,P5021
NOUN,نتيجة,نَتِيجَة,نَتَائِج,,Fem,P5022 P6069
NOUN,سياسة,سِيَاسَة,سِيَاسَات,,Fem,P5023
NOUN,النشاط,نَشَاط,نَشَاطَات|أَنْشِطَة,,Masc,P5023
NOUN,مخرج,مُخَرَّج,,,,P5024
NOUN,الجوقة,جَوقَة,,,,P5024
NOUN,ضيف,ضَيف,ضِيفَان|أَضْيَاف|ضُيُوف|أَضَايِف,,Masc,P5030
NOUN,وترميز,وترميز,,,,P5040 P5041 P5042
NOUN,اقتراع,اِقتِرَاع,,True,Fem,P5045
NOUN,إشراف,إِشرَاف,,True,Masc,P5052
NOUN,لفة,لَفَّة,لَفَّات,,Fem,P5053
NOUN,نسخة,نُسخَة,نُسَخ,,Fem,P5059 P5328
NOUN,حياة,حَيَاة,,,,P5069
NOUN,للوحات,للوحات,,,,P5070
NOUN,المرجل,مَرجَل,,,,P5071
NOUN,تقديم,تَقدِيم,تَقْدِيمَات,,Masc,P5072 P7767
NOUN,الفالق,فَالِق,,,,P5095
NOUN,طبيعة,طَبِيعَة,طَبِيعَات|طَبَائِع,,Fem,P5102
NOUN,الشخصية,شَخصِيَّة,,,,P5110
NOUN,المساعد,مُسَاعِد,مُسَاعِدُون,,Masc,P5126
NOUN,وجود,وُجُود,,True,Masc,P5132
NOUN,التقييم,تَقيِيم,,,,P5133
NOUN,المعنى,مَعنَى,مَعَانٍ,,Masc,P5137 P6084
NOUN,فريق,فَرِيق,أَفْرِقَاء|أَفْرِقَة|فُرَقَاء,,Masc,P5138
NOUN,نادي,نَادِي,,,,P5138
NOUN,التفتيش,تَفتِيش,,True,Masc,P5150
NOUN,للأنشطة,نَشَاط,نَشَاطَات|أَنْشِطَة,,Masc,P5150
NOUN,لبرامج,لبرامج,,,,P5152
NOUN,الصور,صَور,,,,P5152
NOUN,التصريف,تَصرِيف,تَصْرِيفَات|تَصَارِيف,,Masc,P5186 P5911 P5913
NOUN,إخراج,إِخرَاج,,True,Masc,P5196
NOUN,تطوير,تَطوِير,,,,P5201
NOUN,الاقتباس,اِقتِبَاس,,,,P5202
NOUN,الخريطة,خَرِيطَة,خَرَائِط,,Fem,P5203
NOUN,سكتة,سُكتَة,,True,Fem,P5205 P5281
NOUN,تصريف,تَصرِيف,تَصْرِيفَات|تَصَارِيف,True,Masc,P5206
NOUN,النطق,نَطَق,,,,P5237
NOUN,قراءة,قِرَاءَة,قِرَاءَات,,Fem,P5244
NOUN,الحرف,حَرف,,,,P5244 P5481 P5537
NOUN,الإخلاء,إِخلَاء,,,,P5248
NOUN,منافسة,مُنَافَسَة,مُنَافَسَات,True,Fem,P5249
NOUN,المقطع,المقطع,مَقَاطِع,,Masc,P5280
NOUN,موطن,مُوطِن,مَوَاطِن,,Masc,P5304
NOUN,تقنية,تَقنِيَّة,,,,P5307
NOUN,معتمد,معتمد,,,,P5323
NOUN,إحياء,إِحيَاء,,True,Masc,P5328
NOUN,مقيم,مُقَيَّم,,,,P5389
NOUN,الزخرفة,زَخرِفَة,زَخَارِف|زَخْرَفَات,,Fem,P5422 P6875
NOUN,حرف,حَرف,,,,P5425 P5428 P5475 P6106
NOUN,المفردة,مَفرَدَة,,,,P5425
NOUN,النغمة,نَغمَة,أَنْغَام|أَنَاغِيم|نَغَمَات,,Fem,P5426
NOUN,موقف,مَوقِف,مَوَاقِف,,Masc,P5427
NOUN,نواة,نَوَاة,,,,P5427
NOUN,اللكنة,لَكنَة,لُكْنَات,,Fem,P5427
NOUN,موضع,مَوضِع,,,,P5428 P5481
NOUN,مشاهد,مُشَاهِد,,True,Masc,P5436
NOUN,البحث,بَحث,,,,P5439 P6153
NOUN,سنة,سَنَة,,,,P5444
NOUN,الدرجة,دَرَجَة,دَرَج|دَرَجَات,,Fem,P5460 P7600 P7601
NOUN,القسم,قِسم,,,,P5474
NOUN,الهان,هَان,,,,P5475
NOUN,مقاومة,مُقَاوَمَة,,True,Fem,P5479 P5669 P5685 P5709
NOUN,الشد,شُدّ,,,,P5479
NOUN,الصلابة,صَلَابَة,,True,Fem,P5483
NOUN,الاعتماد,اِعتِمَاد,,True,Masc,P5514
NOUN,القطع,قَطع,,,,P5523
NOUN,التعلق,تَعَلُّق,,,,P5526
NOUN,الخضوع,خُضُوع,,,,P5529
NOUN,الاحتكاك,اِحتِكَاك,,,,P5575
NOUN,اعتقال,اِعتِقَال,اِعْتِقَالَات,True,Masc,P5582
NOUN,تطبيع,تَطبِيع,,,,P5591
NOUN,امتصاص,اِمتِصَاص,,,,P5594 P5992
NOUN,الرطوبة,رُطُوبَة,,True,Fem,P5594 P5596
NOUN,الرصيف,الرصيف,رُصْفَان|أَرْصِفَة|رُصُف,,Masc,P5595
NOUN,الكلال,كَلَال,,,,P5608
NOUN,المقاومة,مُقَاوَمَة,,True,Fem,P5624 P5679
NOUN,الخطر,خَطَر,,,,P5642 P5841
NOUN,التحول,تَحَوُّل,,,,P5670
NOUN,التمدد,تَمَدُّد,,,,P5672
NOUN,القص,قَصّ,قِصَاص,,Masc,P5673 P5685 P5706
NOUN,العازل,عَازِل,,,,P5675
NOUN,الانحناء,اِنحِنَاء,,,,P5677 P5681 P6014
NOUN,تبديد,تَبدِيد,,True,Masc,P5678
NOUN,الانحراف,اِنحِرَاف,,True,Masc,P5682
NOUN,عينة,عَيِّنَة,,,,P5707
NOUN,التآكل,تَآَكُّل,,True,Masc,P5709
NOUN,تسلسل,تَسَلسُل,,,,P5753
NOUN,الوصف,وَصف,,,,P5753 P6224
NOUN,التحرير,تَحرِير,,True,Masc,P5769
NOUN,المسرح,المسرح,مَسَارِح,,Masc,P5802
NOUN,الاستطالة,اِستِطَالَة,,True,Fem,P5811
NOUN,كسر,كَسر,,,,P5811
NOUN,الاستخدام,اِستِخدَام,اِسْتِخْدَامَات,,Masc,P5817
NOUN,القبول,قُبُول,,True,Masc,P5822
NOUN,سحب,سَحب,,True,Masc,P5824
NOUN,رأي,رَأي,آرَاء,,Masc,P5826
NOUN,الأغلبية,أَغلَبِيّ,أَغْلَبِيَّات,,Fem,P5826
NOUN,بذرة,بِذرَة,بِذَار|بُذُور,,,P5828
NOUN,الائتلاف,اِئتِلَاف,اِئْتِلَافَات,,Masc,P5832
NOUN,البند,بَند,بُنُود,,Masc,P5869 P7561
NOUN,ملاحظة,مُلَاحَظَة,,True,Fem,P5872
NOUN,العطر,عَطر,,,,P5872
NOUN,الاشتقاق,اِشتِقَاق,اِشْتِقَاقَات,,Masc,P5886
NOUN,التصلد,تَصَلُّد,,,,P5893
NOUN,معاملة,مُعَامَلَة,مُعَامَلَات,True,Fem,P5895
NOUN,عمولة,عُمُولَة,,,,P5896
NOUN,السمسرة,السمسرة,,,,P5896
NOUN,اشتراك,اِشتِرَاك,اِشْتِرَاكَات,,Masc,P5897
NOUN,الاقتراض,اِقتِرَاض,,True,Masc,P5898
NOUN,مقدار,مِقدَار,مَقَادِير,,Masc,P5900
NOUN,وكالة,وِكَالَة,وِكالَات,,Fem,P5900
NOUN,أكسج,أُكَسِج,,True,Masc,P5929
NOUN,التتمة,اِلتتَمَة,,,,P5940
NOUN,تليين,تَليِين,,True,Masc,P5947
NOUN,الجزء,جُزء,أَجْزَاء,,Masc,P5961
NOUN,الزفاف,زِفَاف,,True,Masc,P5982
NOUN,البصمة,بَصمَة,بَصَمَات,,Fem,P5991 P6000
NOUN,المرونة,مُرُونَة,,True,Fem,P5993
NOUN,مورد,مَورِد,مَوَارِد,,Masc,P5995
NOUN,القناة,قَنَاة,قَنَوَات,,Fem,P5998
NOUN,إجهاد,إِجهَاد,,True,Masc,P6014
NOUN,الجسم,جِسم,,,,P6022
NOUN,التغلغل,تَغَلغُل,,,,P6073
NOUN,المسرحية,مَسرِحِيَّة,,,,P6086
NOUN,مدرب,مُدَرِّب,مُدَرِّبُونَ,,Masc,P6087
NOUN,مرارة,مَرَارَة,مَرَائِر|مَرَارَات,,Fem,P6088
NOUN,البيرة,بِيرَة,,,,P6088 P6089
NOUN,الصيانة,صِيَانَة,,True,Fem,P6104 P6440
NOUN,التتابع,تَتَابُع,,True,Masc,P6116
NOUN,التمويل,تَموِيل,,,,P6195
NOUN,المعالجة,المعالجة,,True,Fem,P6212
NOUN,المطور,مُطَوِّر,,,,P6237
NOUN,منشئ,منشئ,,True,,P6241
NOUN,عمر,عُمر,أَعْمَار,,Masc,P6249
NOUN,الميل,مِيل,,,,P6258
NOUN,الحقبة,حِقبَة,حِقْبَات|حِقَب|حُقُوب,,Fem,P6259
NOUN,الملون,مِلوَن,,,,P6338
NOUN,الريف,رِيف,,,,P6344
NOUN,وفقا,وِفق,,,,P6426
NOUN,الويب,وَيب,,,,P6426
NOUN,مميزة,مُمَيِّزَة,,,,P6438
NOUN,شرط,شَرط,,,,P6477
NOUN,السحب,سَحب,,True,Masc,P6497
NOUN,الانهيار,اِنهِيَار,,,,P6510
NOUN,تعبير,تَعبِير,تَعَابِرُ|تَعْبِيرَات,,Masc,P6524
NOUN,النمذجة,نَمذَجَة,,,,P6530
NOUN,التعليق,تَعلِيق,,True,Masc,P6533 P6534
NOUN,رمية,رَمِّيَّة,رَمَيَات,True,Fem,P6543
NOUN,مساعدة,مُسَاعِدَة,,True,Fem,P6545
NOUN,الجزاء,جَزَاء,,,,P6546
NOUN,دراسة,دِرَاسَة,دِرَاسَات,,Fem,P6606
NOUN,تصميم,تَصمِيم,تَصْمِيمَات|تَصَامِيم,,Masc,P6606 P10612
NOUN,تسمية,تَسمِيَة,تَسْمِيَات,,Fem,P6608
NOUN,الجمل,جَمَل,,,,P6695
NOUN,الرتبة,رِتبة,رُتَبَات|رُتَب,,Fem,P6697
NOUN,كرة,كُرَة,,,,P6697
NOUN,القدم,قَدَم,,,,P6697
NOUN,الاقتراب,اِقتِرَاب,,True,Masc,P6707
NOUN,المرجعية,مَرجِعِيَّة,,,,P6710
NOUN,نقل,نَقل,,,,P6711
NOUN,البؤرة,بَؤرَة,بُؤُرَات|بُؤَر|بُؤْرَات,,Fem,P6790
NOUN,أسرة,أُسرَة,,,,P6801
NOUN,المستشفى,مُستَشفَى,مُسْتَشْفَيَات,,Masc,P6801 P8049
NOUN,الخطاط,خِطَاط,خَطَّاطُونَ,,Masc,P6819
NOUN,تعرفة,تَعرِفَة,,,,P6826
NOUN,التغذية,تَغذِيَة,تَغْذِيَات,,Fem,P6826
NOUN,قسم,قِسم,,,,P6855
NOUN,الإشعاع,إِشعَاع,إِشْعَاعَات,,Masc,P6876
NOUN,فاصل,فاصل,,,,P6887
NOUN,المباراة,مُبَارَاة,مُبَارَيَات,,Fem,P6887
NOUN,معرفة,مَعرِفَة,مَعْرِفَات|مَعَارِف,,Fem,P6897
NOUN,القراءة,قِرَاءَة,قِرَاءَات,,Fem,P6897
NOUN,العصر,عَصر,عُصُر|عُصُور|أَعْصُر|أَعْصَار,,Masc,P6902
NOUN,معار,مَعَار,,,,P6938
NOUN,رسام,رَسِيم,رَسَّامُون,,Masc,P6942
NOUN,الإعلان,إِعلَان,إِعْلَانَات,,Masc,P6949
NOUN,مراجعة,مُرَاجَعَة,,True,Fem,P6977
NOUN,منح,مَنح,,True,Masc,P7010
NOUN,رخصة,رُخصَة,رُخَصَات|رُخُصَات|رُخْصَات|رُخَص,,Fem,P7010
NOUN,الطبع,طَبع,,,,P7010
NOUN,العدو,عَدُوّ,أَعَادٍ|أَعْدَاء|عُدًى|عِدًى,,Masc,P7047
NOUN,لعبة,لُعبَة,,,,P7075
NOUN,السطح,سَطح,,,,P7083
NOUN,صف,صَفّ,,,,P7095
NOUN,المنظور,مَنظُور,,,,P7108
NOUN,الرأي,رَأي,آرَاء,,Masc,P7122
NOUN,إعفاء,إِعفَاء,إِعْفَاءَات,,Masc,P7152
NOUN,المعاملة,مُعَامَلَة,مُعَامَلَات,,Fem,P7160
NOUN,توحيد,تَوحِيد,,True,Masc,P7162
NOUN,القضية,قَضِيَّة,قَضَايَا,,Fem,P7162 P7719
NOUN,تأثير,تَأثِير,تَأْثِيرَات,,Masc,P7167
NOUN,الفصل,فَصل,,,,P7174
NOUN,المحاكمة,مُحَاكَمَة,مُحَاكَمَات,,Fem,P7209
NOUN,التعذيب,تَعذِيب,,True,Masc,P7209
NOUN,تقييد,تَقيِيد,,,,P7228 P7261
NOUN,الصعوبة,صُعُوبَة,صُعُوبَات,,Fem,P7252
NOUN,ألاستخدام,أِستِخدَام,,,,P7261
NOUN,بدء,بَدء,,True,Masc,P7295 P8555
NOUN,تقويم,تَقوِيم,تَقَاوِيم,,Masc,P7295
NOUN,كسب,كَسب,,,,P7297
NOUN,طريق,طَرِيق,طُرُقَات|طُرُق,,Masc,P7309
NOUN,التسلق,تَسَلُّق,,,,P7309
NOUN,الأدب,أَدَب,,,,P7327
NOUN,النقاوة,نِقَاوَة,,True,Fem,P7379
NOUN,المثلجة,مُثَلَّج,مَثَالِج,,Fem,P7442
NOUN,الرتبة,الرتبة,رُتَبَات|رُتَب,,Fem,P7452
NOUN,تشكيلة,تَشكِيلَة,,,,P7481
NOUN,الجانب,جَانِب,جَوَانِب,,Masc,P7486
NOUN,الإصابة,إِصَابَة,إِصَابَات,,Fem,P7500
NOUN,مهندس,مُهَندِس,,,,P7514
NOUN,قانون,قَانُون,قَوَانِين,,Masc,P7582
NOUN,حماية,حِمَايَة,,True,Fem,P7582
NOUN,سريان,سَرَيَان,,,,P7588
NOUN,المفعول,مَفعُول,مَفَاعِيل,,Masc,P7588
NOUN,الموافقة,مُوَافَقَة,,,,P7589
NOUN,ملحق,مَلحِق,,,,P7603
NOUN,معاهدة,مُعَاهَدَة,مُعَاهَدَات,,Fem,P7603
NOUN,التجارة,تِجَارَة,تِجَارَات,,Fem,P7603
NOUN,بالانقراض,بالانقراض,,,,P7603
NOUN,المُشرِف,مَُُشِّر,مُشْرِفُونَ,,Masc,P7604
NOUN,النسل,نَسل,,,,P7725
NOUN,حضانة,حَضَانَة,,True,Fem,P7770
NOUN,البيض,بَيض,,,,P7770
NOUN,لاسم,لَاسِم,,,,P7782
NOUN,عنوان,عُنوَان,عَنَاوِين,,Masc,P7787
NOUN,الرضاعة,رَضَاعَة,,,,P7862
NOUN,مقاطعة,مُقَاطَعَة,مُقَاطَعَات,,Fem,P7959
NOUN,التشخيص,تَشخِيص,,True,Masc,P7984
NOUN,مرتب,مَرتَب,,,,P8004
NOUN,الشفاء,شِفَاء,أَشَافٍ|أَشْفِيَة,,Masc,P8010
NOUN,اختبارات,اِختِبَار,,True,Masc,P8011
NOUN,مرتكب,مُرتَكِب,,,,P8031
NOUN,الجريمة,جَرِيمَة,جَرَائِم,,Fem,P8031
NOUN,ضحية,ضَحِيَّة,ضَحَايَا,,Fem,P8032
NOUN,استجابة,اِستِجَابَة,,,,P8045
NOUN,القياس,قِيَاس,أَقْيِسَة,,Masc,P8111
NOUN,للغة,لَلغَة,,,,P8131
NOUN,الدراسة,دِرَاسَة,دِرَاسَات,,Fem,P8363
NOUN,قيمةً,قِيمةًَ,قِيَم,,Fem,P8395
NOUN,بوابة,بَوَّابَة,,,,P8402
NOUN,التعيين,تَعيِين,,True,Masc,P8413
NOUN,تدقيق,تَدقِيق,,,,P8571
NOUN,للعنصر,عُنصُر,عَنَاصِر,,Masc,P8596
NOUN,التواصل,تَوَاصُل,,,,P8687
NOUN,اقتصاد,اِقتِصَاد,,True,Masc,P8744
NOUN,تسريحة,تَسرِيحَة,,,,P8839
NOUN,شعر,شَعر,,,,P8852
NOUN,الوجه,وَجه,أَوْجُه|وُجُوه,,Masc,P8852
NOUN,مناسبة,مُنَاسَبَة,,,,P9073
NOUN,تلقيح,تَلقِيح,,True,Fem,P9107
NOUN,تحكيم,تَحكِيم,,True,Masc,P9161
NOUN,مادة,مَادَّة,مَوَادّ,,Fem,P9241
NOUN,ملفة,مِلَفَّة,مِلَفّات,True,Fem,P9493
NOUN,الفنان,فَنَان,فَنَّانُون,,Masc,P9493
NOUN,البديلة,بَدِيلَة,,,,P9729
NOUN,الرَّمز,الرَّمز,رُمُوز,,Masc,P9758
NOUN,محتوى,مُحتَوَى,مُحْتَوَيَات,,Masc,P9972
NOUN,فرد,فَرد,,,,P10241
NOUN,أصنوفة,أُصنُوفَة,,,,P10241
NOUN,المُحقِّق,المُحقِّق,مُحَقِّقُون,,Masc,P11105
ADJ,السريع,سَرِيع,سَرِيعُونَ|سُرْعَان,,Masc,P16
ADJ,الرسمية,رَسمِيّ,,True,Fem,P37 P832
ADJ,الرياضي,رِيَاضِيّ,,,Masc,P54 P913 P3983 P6087 P6758
ADJ,المخترع,مُختَرَع,,,Masc,P61
ADJ,الفلكي,فَلَكِيّ,,,Masc,P65 P1227
ADJ,الأعلى,أَعلَى,,,Masc,P78 P2499 P2836 P3730 P5448
ADJ,الرابط,رَابِط,رَوَابِط,,Masc,P81
ADJ,واضع,وَاضِع,,,Masc,P87 P1598
ADJ,الجنسي,جِنسِيّ,,,Masc,P91
ADJ,التنظيمي,تَنظِيمِيّ,,,Masc,P92
ADJ,الرئيسي,رَئِيسِيّ,,,Masc,P92 P193 P301 P1034 P1204 P2233 P2884 P7047
ADJ,النبيل,نَبِيل,نُبَلَاء,,Masc,P97
ADJ,السياسي,سِيَاسِيّ,,,Masc,P102 P1387 P5832
ADJ,اﻷم,اﻷم,,,,P103
ADJ,التصنيفية,تَصنِيفِيّ,,,Fem,P105
ADJ,التوضيحي,تَوضِيحِيّ,,,Masc,P110
ADJ,المؤسس,مُؤَسَّس,,,,P112
ADJ,الجوية,جَوِّيّ,,True,Fem,P113 P5900
ADJ,الجزيئي,جَزِيئِيّ,,,Masc,P128 P4873
ADJ,مادياً,مَادِّيّ,,,Masc,P129
ADJ,الإداري,إِدَارِيّ,,,Masc,P131 P3842 P5607
ADJ,الثقافية,ثَقَافِيّ,,True,Fem,P135 P5150
ADJ,الفني,فَنِّيّ,,,Masc,P136 P3174 P4815
ADJ,مستورد,اِستَورَد,,,Masc,P143
ADJ,المعماري,مِعمَارِيّ,,,Masc,P149
ADJ,الإدارية,إِدَارِيّ,,,Masc,P150
ADJ,المستلمة,مُستَلِمّ,,,Fem,P166 P1194
ADJ,التنفيذي,تَنفِيذِيّ,,,Masc,P169
ADJ,العليا,أَعلَى,,True,Fem,P171 P209
ADJ,العرقية,عِرقِيّ,,,Fem,P172
ADJ,المُصنِّعة,المُصنِّعة,,,,P176
ADJ,مستوطن,مَستُوط,,,Masc,P183
ADJ,التشريعية,تَشرِيعِيّ,,True,Fem,P194 P1410
ADJ,الصغير,صَغِير,,,Masc,P196
ADJ,المجاورة,مُجَاوِر,,True,Fem,P197
ADJ,موجود,مَوجُود,,,Masc,P206 P1441
ADJ,المائي,مَائِي,,,Masc,P206 P403 P2053 P4614
ADJ,التنفيذية,تَنفِيذِيّ,,,Fem,P208
ADJ,القضائية,قَضَائِيّ,,,Masc,P209
ADJ,العسكري,عَسكَرِيّ,,,Masc,P241
ADJ,مذكور,مَذكُور,,,Masc,P248 P9073
ADJ,الرسمي,رَسمِيّ,,,Masc,P263 P1619 P2238 P2813 P3075 P3999 P4290 P6364
ADJ,فرعي,فَرعِيّ,,,Masc,P279
ADJ,الفرعية,فَرعِيّ,,,Fem,P355 P5998
ADJ,الموسيقية,مُوسِيقِيّ,,True,Fem,P358 P870 P942 P1303
ADJ,الأصلية,أَصلِيّ,,True,Fem,P364 P449
ADJ,الفضائية,فَضَائِيّ,,,Masc,P375 P546 P619 P620 P621 P622
ADJ,فلكي,فَلَكِيّ,,,Masc,P376
ADJ,التابع,تَابِع,,,Masc,P398
ADJ,التصويرية,تَصوِيرِيّ,,,Fem,P406
ADJ,البرمجي,بَرمِجِيّ,,,Masc,P408
ADJ,العسكرية,عَسكَرِيّ,,True,Fem,P410 P1347 P1611 P7779
ADJ,الشفيع,الشفيع,شُفَعَاء,,Masc,P417
ADJ,الزمنية,زَمَنِيّ,,True,Fem,P421 P2348 P2907
ADJ,التصنيفي,تَصنِيفِيّ,,,Masc,P427
ADJ,التأسيسي,تَأسِيسِيّ,,,Masc,P457
ADJ,الشاغل,شَاغِل,,,Masc,P466
ADJ,معزول,مَعزُول,,,Masc,P500
ADJ,محصورة,مَحصُور,,,Fem,P501
ADJ,العام,عَامّ,,,Masc,P505 P2321 P2360 P3975 P5150 P6095
ADJ,الشرفية,شَرفِيّ,,,Fem,P511 P1035
ADJ,الجامعية,جَامِعِيّ,,,Fem,P512
ADJ,المجدولة,مَجدُول,,,Fem,P521
ADJ,الزمني,زَمَنِيّ,,,Masc,P523 P524 P2911 P3440 P4895
ADJ,الدبلوماسية,دِبلُومَاسِيّ,,True,Fem,P530
ADJ,دبلوماسية,دِبلُومَاسِيّ,,True,Fem,P531
ADJ,مرسلة,مُرَسَّل,,,Fem,P531
ADJ,المتنازع,مُتَنَازِع,,,Masc,P541
ADJ,رسميا,رَسمِيّ,,,Masc,P542
ADJ,أشعل,أشعل,,,Masc,P545
ADJ,الأخيرة,أَخِير,,,Masc,P559
ADJ,المركزي,مَركَزِيّ,,,Masc,P562 P1304 P1689 P6452
ADJ,البلورية,البلورية,,,Fem,P565 P2156
ADJ,علمي,عَلَمِيّ,,,Masc,P566
ADJ,سابق,سَابِق,سَابِقُون|سُبَّاق,,Masc,P566
ADJ,زمنية,زَمَنِيّ,,True,Fem,P578
ADJ,المعدنية,مَعدِنِيّ,,,Fem,P579
ADJ,الدولية,دُوَلِيّ,,,Fem,P579 P3917 P4628
ADJ,النقطية,نَقطِيّ,,,Fem,P589
ADJ,أول,أَوَّل,,,Masc,P606 P2318 P3764 P4584 P6684 P7124
ADJ,تاريخي,تَاِريِخّ,,,Masc,P608
ADJ,أعلى,أَعلَى,,,Masc,P610 P1897
ADJ,الديني,دِينِيّ,,,Masc,P611 P5607
ADJ,الإنشائي,إِنشَائِيّ,,,Masc,P631
ADJ,النسبي,نِسبِيّ,,,Masc,P654
ADJ,للموقع,مُوَقَّع,,,Masc,P654
ADJ,محددة,مُحَدَّد,,True,Fem,P678
ADJ,الجزيئية,جَزِيئِيّ,,True,Fem,P680
ADJ,الحيوية,حَيَوِيّ,,,Fem,P682 P1604
ADJ,المتضرر,مُتَضَرِّر,,,Masc,P689
ADJ,الفراغية,فِرَاغِيّ,,,Fem,P690
ADJ,السابق,سَابِق,سَابِقُون|سُبَّاق,,Masc,P697 P925
ADJ,الصناعية,صِنَاعِيّ,,True,Fem,P707
ADJ,الطيفي,طِيفِيّ,,,Masc,P720
ADJ,العائلي,عَائِلِيّ,,,Masc,P734
ADJ,الأول,أَوَّل,,,Masc,P735 P1191 P1533 P2358 P4634 P4647 P9139
ADJ,الرئيسية,رَئِيسِيّ,,True,Fem,P749 P1151 P1302
ADJ,الإبداعي,إِبدَاعِيّ,,,Masc,P767
ADJ,الانتخابية,اِنتِخَابِيّ,,,Fem,P768 P4253 P7938
ADJ,البيئي,بِيئِيّ,,,Masc,P788 P3643 P4002
ADJ,الخطية,خِطِّيّ,خَطَايَا|خَطِيَّات,,Fem,P795 P6710
ADJ,بارزة,بَارِز,,True,Fem,P800
ADJ,مفصولة,مَفصُول,,,Fem,P807
ADJ,دراسي,دِرَاسِيّ,,,Masc,P811
ADJ,الأكاديمي,الأكاديمي,,,Masc,P812 P8413
ADJ,الدولي,دُوَلِيّ,,,Masc,P814 P2127 P2370
ADJ,المحمية,مَحمِيّ,مَحْمِيَّات,,Masc,P814
ADJ,جالب,جَالِب,,,,P822
ADJ,مخصص,مُخَصَّص,,,Masc,P825
ADJ,السنوي,سَنَوِيّ,,,Masc,P837 P4131 P5982
ADJ,الترفيهية,تَرفِيهِيّ,,,Fem,P852 P914
ADJ,مرتبطة,مُرتَبِط,,,Fem,P868
ADJ,تقليديا,تَقلِيدِيّ,,,Masc,P868
ADJ,إلكترونيات,إلكترونيات,,True,,P878
ADJ,المركزية,مَركَزِيّ,,True,Fem,P880
ADJ,المتغير,مُتَغَيِّر,,,Masc,P881
ADJ,الإرشادي,إِرشَادِيّ,,,Masc,P887 P3216
ADJ,الأوروبية,أُورُوبِيّ,,True,Fem,P908
ADJ,الرئيس,رَئِيس,رُؤَسَاء,,Masc,P910
ADJ,ذاتية,ذَاتِي,,True,Fem,P914
ADJ,المغناطيسي,المغناطيسي,,,Masc,P922 P2069
ADJ,الطبية,طِبِّيّ,,,Fem,P923 P5131 P5166 P9107
ADJ,الطبي,طِبِّيّ,,,Masc,P924 P1995 P3464 P5248
ADJ,التالي,تَالِي,,,Masc,P926 P2673 P2674
ADJ,التشريحي,تَشرِيحِيّ,,,Masc,P927 P3262
ADJ,العصبي,عَصَبِيّ,,,Masc,P928
ADJ,التنشيطي,تَنشِيطِيّ,,,Masc,P928
ADJ,اللوني,لُونِي,,,Masc,P929
ADJ,مستوحاة,مستوحاة,,,,P941
ADJ,العصبية,عَصَبِيّ,,True,Fem,P970
ADJ,قياسي,قِيَاسِيّ,,,Masc,P1000
ADJ,التنظيمية,تَنظِيمِيّ,,,Fem,P1018
ADJ,أكاديمية,أَكَادِيمِيَّة,أَكَادِيمِيَّات,,Fem,P1026
ADJ,الرقمية,رَقَمِيّ,,,Fem,P1032
ADJ,العالمي,عَالَمِيّ,,,Masc,P1033 P2614 P5040 P5041 P5042
ADJ,الكيميائية,كِيمِيَائِيّ,,True,Fem,P1033 P4202 P5040 P5041 P5042
ADJ,المدعوم,مَدعُوم,,,Masc,P1041 P6758
ADJ,طبية,طِبِّيّ,,,Fem,P1050
ADJ,النهائي,نِهَائِيّ,,,Masc,P1071 P3967
ADJ,قابلة,قَابِل,قَوَابِل,,Fem,P1072 P1073
ADJ,خيالي,خِيَالِيّ,,,Masc,P1080
ADJ,البشرية,بَشَرِيّ,,True,Fem,P1081 P1590
ADJ,القصوى,أَقصَى,,True,Fem,P1083 P2895 P3086 P3487
ADJ,الذري,ذَرِّيّ,,,Masc,P1086
ADJ,الأحمر,أَحمَر,,,Masc,P1090
ADJ,المداري,مِدَارِيّ,,,Masc,P1096
ADJ,حاضر,حَاضِر,,True,Masc,P1110
ADJ,الكمي,كَمي,أَكْمَاء|كُمَاة,,Masc,P1122 P1126
ADJ,اللفي,لَفِيّ,,,Masc,P1122
ADJ,جيني,جِينِيّ,,,Masc,P1125
ADJ,زد,زَد,,,Masc,P1127
ADJ,النظائري,نَظَائِرِيّ,,,Masc,P1127
ADJ,الوطني,وَطَنِيّ,,,Masc,P1129 P3428
ADJ,الموجودة,مَوجُود,,True,Fem,P1137
ADJ,السياسية,سِيَاسِيّ,,True,Fem,P1142
ADJ,الأصلي,أَصلِيّ,,,Masc,P1165
ADJ,المرسلة,مُرَسَّل,,,Fem,P1170
ADJ,سنوي,سَنَوِيّ,,,Masc,P1174
ADJ,عددية,عَددِيّ,,,Fem,P1181
ADJ,مسطح,مُسَطَّح,مُسَطَّحَات,True,Masc,P1200
ADJ,مائي,مَائِيّ,,,Masc,P1200
ADJ,العلمية,عِلمِيّ,,True,Fem,P1202
ADJ,التوربيني,التوربيني,,,Masc,P1210
ADJ,الفائق,فَائِق,,,Masc,P1210 P2375
ADJ,الظاهري,الظاهري,,,,P1215
ADJ,أقرب,أَقرَب,,,Masc,P1249 P1319 P6354 P8554
ADJ,مكتوب,مَكتُوب,,,Masc,P1249 P6872
ADJ,صالحة,صَالِح,,True,Fem,P1264 P3005
ADJ,ممكن,مُمكِن,,,Masc,P1319 P1326
ADJ,أبعد,أَبعَد,,,Masc,P1326
ADJ,الصبغية,صَبغِيّ,,,Fem,P1349
ADJ,المسجلة,مُسَجَّل,مُسَجِّلَات,,Masc,P1351
ADJ,الملزمة,مُلزِم,,,Fem,P1372
ADJ,يوميا,يَومِيّ,,,Masc,P1373
ADJ,جزئيا,جُزئِيّ,,,Masc,P1382
ADJ,أصلية,أَصلِيّ,,True,Fem,P1403
ADJ,مرخص,مُرَخَّص,,,Masc,P1408
ADJ,المحكية,مَحَكِيّ,,,Fem,P1412
ADJ,المكتملة,مُكتَمَل,,,Fem,P1418 P5349
ADJ,للقالب,للقالب,,,Masc,P1423
ADJ,البيئية,بِيئِيّ,,,Fem,P1425
ADJ,المنزلي,مَنزِلِيّ,,,Masc,P1429 P6657
ADJ,الخيالي,خِيَالِيّ,,,Masc,P1434 P1445 P6249
ADJ,التُّراثيَّة,التُّراثيَّة,,,Fem,P1435
ADJ,موصوف,مَوصُوف,,,Masc,P1445
ADJ,مفقود,مَفقُود,,True,Masc,P1446
ADJ,القانوني,قَانُونِيّ,,,Masc,P1454 P3493
ADJ,الأثرية,أَثَرِيّ,,,Fem,P1456
ADJ,المطلق,مُطلَق,,,Masc,P1457
ADJ,مباشر,مُبَاشِر,,,Masc,P1478
ADJ,رياضياً,رِيَاضِيّ,,,Masc,P1532
ADJ,مطابق,مُطَابِق,,,Masc,P1533
ADJ,المباشر,مُبَاشِر,,,Masc,P1536 P2140 P2141
ADJ,الأقصى,أَقصَى,أَقْصَوْنَ|أَقَاصٍ,,Masc,P1548 P1873 P2406 P2595 P3252 P3271 P4135 P4214 P4242
ADJ,معطى,مَعطَى,مُعْطَيَات,,Masc,P1560
ADJ,الآخر,آخَر,,,Masc,P1560
ADJ,طبيعي,طَبِيعِيّ,,,Masc,P1582 P1606
ADJ,أخفض,أَخفَض,,,Masc,P1589
ADJ,الطبيعي,طَبِيعِيّ,,,Masc,P1605 P2374 P3486
ADJ,المبكرة,مُبَكِّر,,True,Fem,P1636
ADJ,الأمريكي,أَمرِيكِيّ,,,Masc,P1657
ADJ,المؤكد,مُؤَكَّد,,,Masc,P1674
ADJ,المحتمل,مُحتَمَل,,,Masc,P1675 P1779
ADJ,المقدر,مُقَدَّر,,,Masc,P1676
ADJ,الحكومي,حُكُومِيّ,,,Masc,P1689
ADJ,مئوية,مِئَوِيّ,,,Fem,P1689 P2927
ADJ,المحلي,مَحَلِّيّ,,,Masc,P1689 P2131 P2132 P2219 P2299 P4010
ADJ,الإجمالي,إِجمَالِيّ,,,Masc,P1689 P2131 P2132 P2219 P2299 P4010
ADJ,المقبولة,مَقبُول,,,Fem,P1697 P2542 P2851
ADJ,الصوتي,صُوَتِيّ,,,Masc,P1731 P5481
ADJ,الدستورية,دُستُورِيّ,,,Fem,P1734
ADJ,المصورة,مُصَوَّر,,True,Fem,P1740 P3275 P6718
ADJ,متعلقة,مُتَعَلِّق,,,Fem,P1753
ADJ,متعلق,مُتَعَلِّق,,,Masc,P1754
ADJ,مرتبط,مُرتَبَط,,True,Masc,P1792
ADJ,المرسل,مُرَسَّل,,,Masc,P1817
ADJ,مسجل,مُسَجَّل,مُسَجِّلَات,True,Masc,P1833
ADJ,الأدنى,أَدنَى,أَدْنَوْنَ|أَدَانٍ,,Masc,P1872 P2202 P2204 P2300 P2500 P2710 P2835 P2899 P3000 P3251 P3270 P3488 P3729 P4447 P5447 P6794
ADJ,مأخوذ,مَأخُوذ,,,Masc,P1877
ADJ,مختلف,مُختَلِف,,,Masc,P1889
ADJ,أدنى,أَدنَى,أَدْنَوْنَ|أَدَانٍ,,Masc,P1898 P2051 P2532 P3387 P3738 P7422
ADJ,البركاني,بَرَكَانِيّ,,,Masc,P1903
ADJ,الجانبي,جَانِبِيّ,,,Masc,P1909
ADJ,المنخفض,مُنخَفِض,,,Masc,P1910
ADJ,المتزايد,مُتَزَايِد,,,Masc,P1911
ADJ,الجيني,جِينِيّ,,,Masc,P1913 P1914 P1915 P2293 P2548
ADJ,الإسباني,إِسبَانِيّ,إِسْبَان,,Masc,P1950
ADJ,الثاني,ثَانِي,,,Masc,P1950
ADJ,الطوعي,طُوَعِيّ,,,Masc,P1981
ADJ,المحفوظة,مَحفُوظ,,,Fem,P1990
ADJ,الحرارية,حِرَارِيّ,,,Masc,P2056 P2068 P2229 P6212
ADJ,المولدة,مُوَلَّد,,,Fem,P2109
ADJ,الحرار,حِرَار,,,Masc,P2117 P3078 P5672 P5674 P5682
ADJ,الكينماتيكية,الكينماتيكية,,,Fem,P2118
ADJ,النقدية,نَقدِيّ,,True,Fem,P2121
ADJ,النووية,نَوَوِيّ,,True,Fem,P2127
ADJ,فورية,فَورِيّ,,,Masc,P2129
ADJ,الاسمي,اَلاسِم,,,Masc,P2132
ADJ,الواحد,وَاحِد,,,Masc,P2132 P2299
ADJ,المالية,مَالِيّ,,,Fem,P2137
ADJ,الأجنبي,أَجنَبِيّ,أَجْنَبِيُّونَ,,Masc,P2140 P2141
ADJ,المتفجرة,مُتَفَجِّر,,,Fem,P2145
ADJ,البؤري,بَؤرِيّ,,,Masc,P2151 P2923
ADJ,المضاد,مُضَادّ,,,Masc,P2152
ADJ,الجامد,جَامِد,,,Masc,P2155
ADJ,الزائفة,زَائِف,,True,Fem,P2156
ADJ,الانحلالية,اِنحِلَالِيّ,,,Fem,P2177
ADJ,الذاتي,ذَاوتِيّ,,,Masc,P2199 P3578
ADJ,الإلكترونية,إِلِكترُونِيّ,,True,Fem,P2200
ADJ,ثنائي,ثِنَائِيّ,,,Masc,P2201
ADJ,متوسط,مُتَوَسِّط,,,Masc,P2208 P2250 P2404 P2645 P2712 P3529 P4269 P4442 P6856
ADJ,مرتبط,مُرتَبِط,,,Masc,P2210 P7084
ADJ,الزاوية,زَاوِي,زَوَايَا,,Fem,P2212 P3439
ADJ,الشعاعية,شِعَاعِيّ,,,Fem,P2216
ADJ,الحقيقي,حَقِيقِيّ,,,Masc,P2219
ADJ,المغناطيسية,المغناطيسية,,True,Fem,P2222
ADJ,الدورانية,دُورَانِيّ,,,Fem,P2222
ADJ,السوقية,سُوقِيّ,,,Fem,P2226
ADJ,أقصى,أَقصَى,أَقْصَوْنَ|أَقَاصٍ,,Masc,P2228 P3559 P3737 P6591
ADJ,الانفجارية,اِنفِجَارِيّ,,,Fem,P2231
ADJ,الأولية,أَوَّلِيّ,,,Fem,P2239
ADJ,الوسطى,أَوسَط,,True,Fem,P2240
ADJ,المميتة,مَمِيت,,,Fem,P2240 P2300
ADJ,المتوقع,مُتَوَقَّع,,,Masc,P2250
ADJ,اللمفي,اللمفي,,,Masc,P2288
ADJ,الوريدي,وَرِيدِيّ,,,Masc,P2289
ADJ,الجاري,جَارِي,,,Masc,P2294
ADJ,المتداولة,مُتَدَاوَل,,True,Fem,P2296
ADJ,الاقتصادي,اِقتِصَادِيّ,,,Masc,P2297
ADJ,الشرائية,شِرَائِيّ,,,Fem,P2299 P4010
ADJ,محدد,مُحَدَّد,,,Masc,P2303 P6249
ADJ,أدنى,أدنى,أَدْنَوْنَ|أَدَانٍ,,Masc,P2310 P2718
ADJ,أكبر,أَكبَر,,,Masc,P2312 P5135
ADJ,أقل,أَقَلّ,,,Masc,P2313 P5136
ADJ,محدد,مُحَدِّد,,True,Masc,P2316
ADJ,الارتدادية,اِرتِدَادِيّ,,,Fem,P2320
ADJ,مدفون,مَدفُون,,True,Masc,P2324
ADJ,المناهضة,مُنَاهِض,,,Fem,P2329
ADJ,أصلي,أَصلِيّ,,True,Masc,P2341
ADJ,إحصائية,إِحصَائِيّ,,,Fem,P2353
ADJ,الروماني,رُومَانِيّ,,,Masc,P2358 P2359 P2366 P3402
ADJ,الوطنية,وَطَنِيّ,,True,Fem,P2363
ADJ,الرومانية,رُومَانِيّ,,True,Fem,P2365
ADJ,فائق,فَائِق,,,Masc,P2376
ADJ,المرجح,مُرَجَّح,,,Masc,P2404
ADJ,زمنيا,زَمَنِيّ,,,Masc,P2404
ADJ,القصير,قَصِير,قَصِيرُون|قُصَرَاء,,Masc,P2407
ADJ,أفضل,أَفضَل,,,Masc,P2415 P4321 P4322 P4323
ADJ,رياضي,رِيَاضِيّ,,,Masc,P2416
ADJ,العلمي,عِلمِيّ,,,Masc,P2433
ADJ,القياسية,قِيَاسِيّ,,,Masc,P2442 P5070
ADJ,متشابهة,مُتَشَابِه,,,Masc,P2444
ADJ,مطبعي,مَطبَعِيّ,,,Masc,P2507
ADJ,التقليدية,تَقلِيدِيّ,,,Masc,P2515
ADJ,جوي,جَوِيّ,,,Masc,P2532
ADJ,اليومية,يَومِيّ,,True,Fem,P2542 P4250
ADJ,الداخلي,دَاخِلِيّ,,,Masc,P2556
ADJ,رسومي,رُسُومِيّ,,True,Masc,P2560 P9344
ADJ,الخارقة,خَارِق,,,Fem,P2563
ADJ,عالمي,عَالَمِيّ,,,Masc,P2565
ADJ,مقبولة,مَقبُول,,,Fem,P2577
ADJ,النحوي,نَحَوِيّ,,,Masc,P2591 P5109 P7486
ADJ,البريطاني,برِيطَانِيّ,,,Masc,P2629
ADJ,الروسي,رُوسِيّ,رُوس,,Masc,P2637
ADJ,العالي,عَالِي,,,Masc,P2643
ADJ,المستهدف,مُستَهدَف,,,Masc,P2661
ADJ,المباعة,مِبَاعَة,,,Fem,P2664
ADJ,اليمنى,يِمنِيّ,,True,Fem,P2681
ADJ,المميت,مُمَيَّت,,,Masc,P2710
ADJ,المعاكس,مُعَاكِس,,,Masc,P2717
ADJ,المعاكسة,مُعَاكِس,,True,Fem,P2718
ADJ,المعدل,مُعَدَّل,,,Masc,P2784
ADJ,أطول,أَطوَل,,,Masc,P2787
ADJ,متصل,مُتَّصِل,,,Masc,P2789
ADJ,التحتية,تَحتِيّ,,,Fem,P2793
ADJ,المولي,مُوَلِيّ,,,Masc,P2807
ADJ,الموجي,مَوجِيّ,,,Masc,P2808
ADJ,الثانوي,ثَانُوي,,,Masc,P2821
ADJ,ثانوي,ثَانُوي,,,Masc,P2822
ADJ,الفردية,فَردِيّ,,,Masc,P2834
ADJ,المهني,مِهنِيّ,,,Masc,P2838
ADJ,المتحركة,مُتَحَرِّك,,,Fem,P2846 P6942
ADJ,المضافة,مُضَاف,,,Fem,P2855
ADJ,الخاصية,خَاصِي,,,Fem,P2876
ADJ,المُستخدَمة,مُُستخَدََم,,,Fem,P2936
ADJ,البرلمانية,بَرلَمَانِيّ,,,Masc,P2937 P4100 P7727
ADJ,الإنتاجية,إِنتَاجِيّ,,,Fem,P2957
ADJ,دائم,دَائِم,دَائِمُونَ,,Masc,P2959 P5389
ADJ,النحوية,نَحَوِيّ,,,Masc,P2989 P3161 P5110 P5713
ADJ,القانونية,قَانُونِيّ,,,Fem,P2997
ADJ,السطحي,سَطحِيّ,,,Masc,P3013
ADJ,المطبقة,مُطَبَّق,,,Fem,P3014
ADJ,الاحتياطي,اِحتِيَاطِيّ,,,Masc,P3015
ADJ,محمية,محمية,مَحْمِيَّات,,Masc,P3018
ADJ,الحديدية,حَدِيدِيّ,,True,Fem,P3019
ADJ,حامل,حَامِل,,,Masc,P3022
ADJ,مفتوح,مَفتُوح,,,Masc,P3025
ADJ,المجاور,مُجَاوِر,,,Masc,P3032
ADJ,المكاني,المكاني,,,Masc,P3037
ADJ,الديناميكية,دِينَامِيكِيّ,,,Fem,P3070
ADJ,التالف,تَالِف,,,Masc,P3081
ADJ,الضريبي,ضَرِيبِيّ,,,Masc,P3087
ADJ,الأسترالي,أُستُرَالِيّ,,,Masc,P3156
ADJ,الإقليمي,إِقلِيمِيّ,,,Masc,P3179 P3842
ADJ,البرازيلي,بَرَازِيلِيّ,,,Masc,P3216
ADJ,أمثل,أَمثَل,,,Masc,P3253
ADJ,ثقافي,ثَقَافِيّ,,,Masc,P3259
ADJ,المادي,مَادِّيّ,,,Masc,P3259
ADJ,الممنوحة,مَمنُوح,,,Fem,P3260
ADJ,تشريحي,تَشرِيحِيّ,,,Masc,P3261
ADJ,الإلزامي,إِلزَامِيّ,,,Masc,P3270 P3271
ADJ,إحصائي,إِحصَائِيّ,,True,Masc,P3279
ADJ,الموسيقي,مُوِسيِقّ,,,Masc,P3300
ADJ,الإعلامي,إِعلَامِيّ,,,Masc,P3306
ADJ,الجيلي,جِيلِيّ,,,Masc,P3337
ADJ,المؤثر,مُؤَثِّر,,,Masc,P3342
ADJ,العلاجي,عِلَاجِيّ,,,Masc,P3354 P3355
ADJ,الإيجابي,إِيجَابِيّ,,,Masc,P3354 P3356 P3358
ADJ,السلبي,سَلبِيّ,,,Masc,P3355 P3357 P3359
ADJ,التشخيصي,تَشخِيصِيّ,,,Masc,P3356 P3357
ADJ,التشغيلي,تَشغِيلِيّ,,,Masc,P3362
ADJ,المسموع,مَسمُوع,,,Masc,P3387 P3465
ADJ,السمعية,سَمعِيّ,,,Fem,P3428
ADJ,البصرية,بَصَرِيّ,,,Masc,P3428
ADJ,البيولوجي,بِيُوُلوِجّ,,,Masc,P3433
ADJ,المنقولة,مَنقُول,,,Masc,P3437
ADJ,إرهابية,إِرهَابِيّ,,True,Fem,P3461
ADJ,الأساسي,أَسَاسِيّ,,,Masc,P3492 P3618
ADJ,الكاثوليكية,كَاثوُليِكيِةّ,,True,Fem,P3501
ADJ,المحدد,مُحَدَّد,,,Masc,P3629 P4680 P6272
ADJ,الكبير,كَبِير,كُبَرَاء,,Masc,P3643
ADJ,النمساوي,النمساوي,,,Masc,P3650
ADJ,مختلفة,مُختَلِف,,True,Fem,P3709
ADJ,الاجتماعي,اِجتِمَاعِيّ,,,Masc,P3716 P8687
ADJ,التالية,تَالِي,,,Fem,P3729 P3730
ADJ,لقيم,لَقِيم,,,,P3734
ADJ,موجي,مُوجَي,,,Masc,P3737 P3738
ADJ,للحساسية,حَسَّاسِيّ,,,Masc,P3737 P3738
ADJ,الزهرية,زَهرِيّ,,True,Fem,P3739
ADJ,إيجابي,إِيجَابِيّ,,,Masc,P3778
ADJ,سلبي,سَلبِيّ,,,Masc,P3779
ADJ,فعال,فَعَّال,,,Masc,P3780
ADJ,النشط,نَشط,,,Masc,P3781
ADJ,الجنوبية,جَنُوبِيّ,,True,Fem,P3818
ADJ,الحالي,حَالِيّ,,,Masc,P3842
ADJ,التعليمية,تَعلِيمِيّ,,,Fem,P3876 P7374
ADJ,المتاح,مُتَاح,,,Masc,P3891
ADJ,العامة,عَامّ,عَوَامّ,,Fem,P3893 P6608
ADJ,آخر,آخَر,,,Masc,P3902 P7125
ADJ,الصوتية,صَوتِيّ,,,Fem,P3917
ADJ,المنشورة,مَنشُور,,,Fem,P3919
ADJ,الاسمية,اِسمِيّ,,,Fem,P3934
ADJ,الموقع,مُوَقَّع,,,Masc,P3969
ADJ,العلاجية,عِلَاجِيّ,,,Masc,P4044
ADJ,مشترك,مُشتَرَك,,,Masc,P4070
ADJ,الأوروبي,أُورُوبِيّ,,,Masc,P4105
ADJ,اللغوي,لُغَوِيّ,,,Masc,P4132 P6191
ADJ,المرافق,مُرَافِق,,,Masc,P4147
ADJ,المترافقة,مُتَرَافِق,,,Fem,P4149
ADJ,العمودية,عَمُودِيّ,,,Masc,P4183
ADJ,مميزة,مُمَيَّز,,,Fem,P4185
ADJ,العمري,عَمرِيّ,,,Masc,P4214
ADJ,النمطي,نَمطِيّ,,,Masc,P4240
ADJ,الدقيق,دَقِيق,دَقِيقُونَ|أَدِقَّاء|أَدِقَّة,,Masc,P4241
ADJ,المحددة,مُحَدَّد,,True,Fem,P4250
ADJ,الموافق,مُوَافِق,,,Masc,P4268
ADJ,النصفي,نَصفِيّ,,,Masc,P4268
ADJ,الفعال,لفِعل,,,Masc,P4269
ADJ,النجمية,نَجمِيّ,,,Fem,P4296
ADJ,السينودسية,سُينوُدسِيّ,,,Fem,P4341
ADJ,الهيدروليكي,الهيدروليكي,,,Masc,P4441
ADJ,المدرجة,مُدَرَّج,,,Fem,P4543
ADJ,جنسيا,جِنسِيّ,,,Masc,P4545
ADJ,الجبلية,جَبَلِيّ,,,Masc,P4552
ADJ,الممنوح,مَمنُوح,,,Masc,P4622
ADJ,الكائن,كَائِن,كَائِنَات,,Masc,P4626
ADJ,الجيومورفولوجية,الجيومورفولوجية,,,Fem,P4688
ADJ,المنتج,مُنتَج,,,Masc,P4733 P7253
ADJ,البيولوجية,بِيُولُوجِيّ,,,Masc,P4774
ADJ,الجليد,جَلِيد,,True,Masc,P4825
ADJ,الكلي,كُلِّيّ,,,Masc,P4841
ADJ,التشريحية,تَشرِيحِيّ,,,Fem,P4843
ADJ,البحثي,بَحثِيّ,,,Masc,P4844
ADJ,الغذائية,غِذَائِيّ,,,Fem,P4850
ADJ,المسموح,مَسمُوح,,,Masc,P4850
ADJ,الغذائي,غِذَائِيّ,,,Masc,P4851
ADJ,الانشطاري,الانشطاري,,,Masc,P4873
ADJ,القطاعي,قِطَاعِيّ,,,Masc,P4882
ADJ,أوسع,أَوسَع,,,Masc,P4900
ADJ,الأفضل,أَفضَل,,,Masc,P4958
ADJ,المرتبطة,مُرتَبِط,,,Fem,P4968 P7938
ADJ,مُشتق,مَُشتِق,,,Masc,P4969
ADJ,الخاصة,خَاصّ,,,Fem,P5012
ADJ,آخر,آخِر,,,Masc,P5017
ADJ,الحواري,حِوَارِيّ,حَوَارِيُّون,,Masc,P5030
ADJ,المتوافق,مُتَوَافِق,,,Masc,P5040 P5041 P5042
ADJ,احترازي,اِحتِرَازِيّ,,,Masc,P5042
ADJ,الباطلة,بَاطِل,,True,Fem,P5044
ADJ,الفارغة,فَارِغ,,True,Fem,P5045
ADJ,أسرع,أَسرَع,,,Masc,P5053
ADJ,معدلة,مُعَدَّل,,,Fem,P5059
ADJ,التشغيلية,تَشغِيلِيّ,,,Fem,P5067
ADJ,الفرنسية,فَرَنسِيّ,,True,Fem,P5070
ADJ,الزيتية,زَيتِيّ,,True,Fem,P5070
ADJ,العريضة,عَرِيض,,,Masc,P5125
ADJ,الممكنة,مُمكِن,,True,Fem,P5131
ADJ,الساحلي,سَاحِلِيّ,,,Masc,P5141
ADJ,رسمي,رَسمِيّ,,,Masc,P5194
ADJ,الأولي,أَوَّل,,,Masc,P5236
ADJ,الصيني,صِينِيّ,,,Masc,P5244 P5537
ADJ,الرياضية,رِيَاضِيّ,,,Masc,P5249
ADJ,المتبقية,مُتَبَقِّي,,,Fem,P5281
ADJ,الزاوي,زَاوِي,,,Masc,P5348
ADJ,حي,حَيّ,,,,P5353
ADJ,اليابانية,يَابَانِيّ,,True,Fem,P5426 P5900
ADJ,متحرك,مُتَحَرِّك,,,Masc,P5428
ADJ,مستمع,مُستَمِع,,True,Masc,P5436
ADJ,المرجعية,مَرجِعِيّ,,,Fem,P5446
ADJ,الأكاديمية,أَكَادِيمِيَّة,أَكَادِيمِيَّات,,Fem,P5460
ADJ,الأنفي,أَنفِيّ,,,Masc,P5481
ADJ,المُوحَّد,المُوحَّد,,,,P5522
ADJ,العكسي,عَكسِيّ,,,Masc,P5523
ADJ,الأفقي,أَفقِيّ,,,Masc,P5524
ADJ,المبني,مَبَنِيّ,,,Masc,P5560
ADJ,للمجهول,مَجهُول,مَجْهُولُونَ,,Masc,P5560
ADJ,المجهرية,مَجهَرِيّ,,,Fem,P5589
ADJ,المتاحة,مُتَاح,,,Masc,P5592
ADJ,النسبية,نِسبِيّ,,,Masc,P5596 P5676
ADJ,الزجاجي,زِجَاجِيّ,,,Masc,P5670
ADJ,الخطي,خِطِّيّ,,,Masc,P5672
ADJ,الأيديوغرافي,الأيديوغرافي,,,Masc,P5753
ADJ,البيني,بِينِيّ,,,Masc,P5805
ADJ,المفتوحة,مَفتُوح,,True,Fem,P5805
ADJ,الحمراء,أَحمَر,,,Fem,P5841
ADJ,المهددة,مُهَدَّد,,,Masc,P5841
ADJ,النموذجي,النموذجي,,,Masc,P5869
ADJ,الانفعالي,اِنفِعَالِيّ,,,Masc,P5893
ADJ,الدراسية,دِرَاسِيّ,,,Masc,P5894
ADJ,الأجنبية,أَجنَبِيّ,,True,Fem,P5895
ADJ,الموضح,مُوَضَّح,,,Masc,P5961
ADJ,المرجعي,مَرجِعِيّ,,,Masc,P5967
ADJ,الكربونية,كُربُونِيّ,,,Fem,P5991
ADJ,انضغاطي,انضغاطي,,,,P5993
ADJ,المائية,مَائِيّ,,,Masc,P6000
ADJ,المستمرة,مُستَمِرّ,,True,Fem,P6069
ADJ,المجسدة,مُجَسَّد,,,Fem,P6075
ADJ,الحيوي,حَيَوِيّ,,,Masc,P6076
ADJ,رئيسي,رَئِيسِيّ,,,Masc,P6087
ADJ,المنفصلة,مُنفَصِل,,True,Fem,P6095
ADJ,السريرية,سَرِيرِيّ,,,Fem,P6099 P8011
ADJ,كبير,كَبِير,كُبَرَاء,,Masc,P6106
ADJ,المتطوعين,مُتَطَوِّع,,,,P6125
ADJ,المقتبس,مُقتَبَس,,,Masc,P6166
ADJ,العقاري,عَقَارِيّ,,,Masc,P6237
ADJ,رقمي,رَقَمِيّ,,,Masc,P6243
ADJ,المجري,مِجرِيّ,,,Masc,P6260 P6261
ADJ,المنتظم,مُنتَظِم,,,Masc,P6437
ADJ,متعلم,مُتَعَلِّم,,True,Masc,P6499
ADJ,الظاهري,ظَاهِرِيّ,,,Masc,P6532
ADJ,الخلفي,خَلفِيّ,,,Masc,P6534
ADJ,متعددة,مُتَعَدِّد,,True,Fem,P6540
ADJ,مجموع,مَجمُوع,مَجْمُوعُونَ,,Masc,P6543 P6544 P6545
ADJ,المهنية,مِهنِيّ,,,Fem,P6543 P6544 P6545 P6546
ADJ,ناقص,ناقص,نَاقِصُونَ,,Masc,P6547
ADJ,محمية,مِحمِيّ,مَحْمِيَّات,,Masc,P6569
ADJ,خاص,خَاصّ,خَاصُّونَ,,Masc,P6569
ADJ,أعلى,أعلى,,,Masc,P6590
ADJ,مسجلة,مُسَجَّل,مُسَجِّلَات,,Masc,P6591 P7422
ADJ,الكندي,كَنَدِيّ,,,Masc,P6657
ADJ,موجودة,مَوجُود,,True,Fem,P6803 P10527
ADJ,الشمسي,شَمسِيّ,,,Masc,P6876
ADJ,الفعالة,فَعَّال,,,Fem,P6879
ADJ,المستهدفة,مُستَهدَف,,,Fem,P6884
ADJ,التاريخية,تَارِيخِيّ,,True,Fem,P6885
ADJ,الدقيقة,دَقِيق,دَقَائِق,,Fem,P6889
ADJ,منقول,مَنقُول,,,Masc,P6939
ADJ,الأدبية,أَدَبِيّ,,,Fem,P6962
ADJ,الأوسط,أَوسَط,أَوَاسِط,,Masc,P6978
ADJ,السطحية,سَطحِيّ,,,Masc,P7015
ADJ,النوعي,نَوعِيّ,,,Masc,P7080
ADJ,المعكوس,مَعكُوس,,,Masc,P7087
ADJ,المغطاة,المغطاة,,,Fem,P7103 P7104
ADJ,واحد,وَاحِد,,,Masc,P7124 P7125
ADJ,مهم,مُهِمّ,,,Masc,P7153
ADJ,إنسانية,إِنسَانِيّ,,,Fem,P7160
ADJ,الدراسي,دِرَاسِيّ,,,Masc,P7174
ADJ,المفهرسة,المفهرسة,,,Fem,P7328
ADJ,متنازع,مُتَنَاِز,,,Masc,P7378
ADJ,البياني,بَيَانِيّ,,,Masc,P7391 P7462
ADJ,المتعلم,مُتَعَلِّم,,,Masc,P7419
ADJ,المفضلة,مُفَضَّل,,True,Fem,P7452
ADJ,المرضية,مُرضِي,,,Fem,P7500
ADJ,المشتركة,مُشتَرَك,,,Masc,P7500
ADJ,الطبيعية,طَبِيعِيّ,,True,Fem,P7514
ADJ,المفسد,مُفَسَّد,,,Masc,P7528
ADJ,الأيرلندي,أَيرلَندِيّ,,,Masc,P7573
ADJ,البرية,بَرِّيّ,,,Fem,P7582
ADJ,مقدر,مُقَدَّر,,,Masc,P7584
ADJ,الأساسية,أَسَاسِيّ,,True,Fem,P7600
ADJ,الإضافية,إِضَافِيّ,,,Masc,P7601
ADJ,العالمية,عَالَمِيّ,,,Fem,P7603
ADJ,البري,بَرِّيّ,,,Masc,P7603
ADJ,المهدد,مُهَدَّد,,,Masc,P7603
ADJ,الشرطية,شَرطِيّ,,,Fem,P7719
ADJ,التجاري,تِجَارِيّ,,,Masc,P7936
ADJ,الإبداعية,إِبدَاعِيّ,,,Masc,P7937
ADJ,تاريخية,تَارِيخِيّ,,True,Fem,P7959
ADJ,منظمة,مُنَظَّم,مُنَظَّمَات,,Fem,P8045
ADJ,الموصى,مُوَصَّى,,,Masc,P8111
ADJ,معلوماتية,مَعلومَاتِيّ,,,Fem,P8131
ADJ,بنيوي,بَنيُوي,,,Masc,P8225
ADJ,مرجعية,مَرجِعِيّ,,,Fem,P8371
ADJ,تقليدية,تَقلِيدِيّ,,,Masc,P8371
ADJ,نظرية,نَظَرِيّ,,,Fem,P8371
ADJ,الحرَّة,لحرََِّة,,,Fem,P8402
ADJ,أحدث,أَحدَث,,,Masc,P8555
ADJ,خارجي,خَارِجِيّ,,,Masc,P8571
ADJ,لمصور,لَمصُور,,True,Fem,P8596
ADJ,خارجية,خَارِجِيّ,,,Fem,P8596
ADJ,لخاصية,لِخَاصِيّ,,,Fem,P9073
ADJ,البرتغالي,بُرتُغَالِيّ,,,Masc,P9139
ADJ,السكانية,سُكَّانِيّ,,,Fem,P9241
ADJ,محفوظة,مَحفُوظ,,,Fem,P9493
ADJ,الشفوي,الشفوي,,,Masc,P9600
ADJ,إسلامية,إِسلَامِيّ,,True,Fem,P9929
ADJ,توضيحي,توضيحي,,,Masc,P9972
X,كاتب,كاتب,,,,P58
X,السيناريو,السيناريو,,,,P58
X,المكتشف,المكتشف,,,,P61
X,منشأ,منشأ,مَنَاشِئ,,Masc,P66
X,المُهندِس,المُهندِس,,,,P84
X,المِعماريُّ,المِعماريُّ,,,Masc,P84
X,الأوبرا,الأوبرا,,True,Fem,P87
X,سُمِّي,سُمِّي,,,,P138
X,ويكيميديا,ويكيميديا,,,,P143 P3096 P4329 P5008 P6731
X,الكوكب,الكوكب,كَوَاكِب,,Masc,P196 P398
X,الحوض,الحوض,أَحْوَاض|حِيضَان|حِيَاض,,Masc,P205
X,للتصنيف,للتصنيف,,,,P301
X,للفيلم,للفيلم,,,,P364
X,مسلسل,مسلسل,,,,P364
X,عنصر,عنصر,عَنَاصِر,,Masc,P369
X,رفيق,رفيق,رَفِيقُونَ|رُفَقَاء|رِفَاق,,Masc,P399
X,مصب,مصب,مَصَابّ|مَصَبَّات,,Masc,P403
X,المجرى,المجرى,مَجَارٍ,,Masc,P403
X,ألبوم,ألبوم,أَلْبُومَات,,Masc,P406
X,الموسيقى,الموسيقى,,,,P406
X,اللعب,لَعب,,,,P413
X,الراديو,الراديو,رَادْيُوهَات,,Masc,P415
X,ختم,ختم,,,,P418
X,أنَّه,أنَّه,,,,P460
X,دان,دَان,,,,P468
X,كيو,كيو,,,,P468 P6658
X,ال,اَل,,,,P469 P1914
X,مُؤَرشَف,مُؤَرشَف,,,,P485
X,المنشأ,المنشأ,مَنَاشِئ,,Masc,P495 P1321
X,الرسو,الرسو,,,,P504
X,البادئة,بَادِئ,,,,P511
X,لون,لون,أَلْوَان,,Masc,P534 P6089
X,كسر,كسر,,,,P538 P6014
X,رسو,رسو,,,,P546
X,السحنة,السحنة,,,,P565
X,كابتن,كابتن,,,,P634
X,المُترجِم,المُترجِم,,,,P655
X,يُشفِر,يُشفِر,,,,P688
X,واضع,واضع,,,Masc,P697
X,وُجد,وُجد,,,,P703
X,تضاريس,تَضرِيس,,,,P706
X,الكويكب,الكويكب,كُوَيْكِبَات,,Masc,P720 P1016
X,مرشحون,مُرَشَّح,مُرَشَّحُون,,Masc,P726
X,الكويكبات,الكويكبات,,,,P744
X,معين,معين,,,,P748
X,ستيب,سَتِيب,,,,P786
X,بوغ,بُوغ,,,,P787
X,الصلاحية,الصلاحية,,True,Fem,P789
X,للأكل,للأكل,,,,P789
X,المتحدث,المتحدث,,,,P823
X,راعي,راعي,,,,P859
X,الآلات,آلَة,,,,P870
X,ضيف,ضيف,ضِيفَان|أَضْيَاف|ضُيُوف|أَضَايِف,,Masc,P967
X,ال,ال,,,,P991 P2146 P2230 P3741 P5881 P6184 P6708
X,ناجح,ناجح,,,,P991
X,المتوافق,المتوافق,,,,P1033
X,لتصنيف,لتصنيف,,,,P1033 P2629
X,وترميز,وترميز,,,,P1033
X,قريب,قريب,أَقْرِبَاء,,Masc,P1038
X,الصبغي,الصبغي,,,,P1057
X,إيلو,إِيلو,,,,P1087
X,موس,موس,,,,P1088
X,الانزياح,الانزياح,,,,P1090
X,الانحراف,الانحراف,,True,Masc,P1096
X,لاندي,لاندي,,,,P1097
X,الانكسار,الانكسار,,True,Masc,P1109
X,تكافؤ,تكافؤ,,True,Masc,P1123
X,اللف,لَفّ,أَلْفَاف,,Masc,P1126
X,النظائري,النظائري,,,,P1126
X,المنتخب,المنتخب,,True,,P1129
X,الأحفورة,الأحفورة,,,,P1137
X,نوى,نوى,نَوَيَات,,,P1141
X,الأيديولوجيا,الأيديولوجيا,,,,P1142
X,لاغرانج,لاغرانج,,,,P1145
X,هبوط,هبوط,,True,Masc,P1158
X,خوارزمية,خوارزمية,خَوَارِزْمِيَّات,,Fem,P1171
X,ا,أَ,,,,P1171 P1531 P5460 P6212
X,زورق,زورق,زَوَارِق,,Masc,P1201
X,الفيلموغرافيا,الفيلموغرافيا,,,,P1283
X,الانبعاثية,الانبعاثية,,,,P1295
X,الآلة,آلَة,آلَات,,Fem,P1303
X,شاغل,شاغل,,,,P1308
X,سطيح,سطيح,,,,P1312
X,سويسرا,سُوِيسرَا,,,,P1321
X,مَوصُوف,مَوصُوف,,,,P1343
X,متطابق,متطابق,,,,P1382
X,الانحياز,الانحياز,,,,P1387
X,بني,بني,,,,P1398
X,أدين,أدين,,,,P1399
X,رُشِّح,رُشِّح,,,,P1411
X,اللغات,اللغات,,,,P1412
X,الويدجت,الويدجت,,,,P1414
X,المنتج,المنتج,,,,P1431 P2821
X,المنفذ,المنفذ,,,,P1431
X,الهجين,الهجين,هُجَنَاء,,Masc,P1531
X,للاسم,للاسم,,,,P1533
X,الناجين,الناجين,,,,P1561
X,المدعى,المدعى,,,Masc,P1591
X,المدعي,مُدَّعِي,,,,P1592
X,القاضي,القاضي,,,,P1594
X,مستوى,مستوى,مُسْتَوَيَات,,Masc,P1604 P2717 P2718 P2797 P3983 P5277 P6224
X,الناتو,الناتو,,,,P1611
X,للرتب,للرتب,,,,P1611
X,مدعي,مدعي,,,,P1620
X,عنصر,عُنصُر,عَنَاصِر,,Masc,P1629
X,ويكي,ويكي,,True,Masc,P1629 P1855 P2803 P3709 P3713 P3734
X,معمودية,معمودية,,True,Fem,P1636
X,منفذ,منفذ,,,,P1641
X,حاسوب,حاسوب,حَوَاسِيب,,Masc,P1641
X,الاستحواذ,الاستحواذ,,,,P1642
X,أليكسا,أليكسا,,,,P1661
X,الملقح,الملقح,,,,P1704
X,الماركة,الماركة,مَارْكَات,,Fem,P1716
X,فوكس,فُوكس,,,,P1878
X,أتيبي,أتيبي,,,,P1878
X,الانعكاس,الانعكاس,,True,Masc,P1915
X,لقاح,لقاح,,,,P1924
X,اليونسكو,اليونسكو,,,,P1999
X,إيردوس,إيردوس,,,,P2021
X,باع,بَاع,أَبْوَاع,,Masc,P2050
X,مدى,مدى,,,,P2073
X,عمر,عمر,أَعْمَار,,Masc,P2114 P2841
X,للحوادث,للحوادث,,,,P2127
X,صافي,صافي,,,,P2140 P2141 P2218 P2295 P2790
X,تناوب,تناوب,,,,P2147
X,لتركيز,لتركيز,,,,P2204
X,الاضمحلال,الاضمحلال,,True,Masc,P2223
X,تفريغ,تفريغ,,True,,P2225
X,دوران,دوران,,True,Masc,P2230 P4296
X,الت,الت,,,,P2260
X,أين,أين,,,,P2260
X,إمداد,إمداد,,True,Masc,P2286
X,الشرياني,الشرياني,,,,P2286
X,النزح,النزح,,,,P2288
X,النزح,نَزح,,,,P2289
X,الترابط,تَرَابُط,,,,P2293
X,أقصى,أقصى,أَقْصَوْنَ|أَقَاصٍ,,Masc,P2311 P3465 P4851
X,نومين,نومين,,,,P2359
X,فاو,فاو,,,,P2371
X,سواتر,سواتر,,,,P2377
X,ميدياويكي,ميدياويكي,,True,Masc,P2377
X,الاسم,اِسم,,,,P2433
X,مواسم,مواسم,,,,P2437
X,الراوي,الراوي,,,,P2438
X,ورائي,وِرَائِيّ,,,,P2445
X,ديمي,ديمي,,,,P2462
X,للحاصلين,للحاصلين,,,,P2517
X,ريختر,رِيختِر,,,,P2528
X,البولينج,البولينج,,,,P2545
X,كوبن,كُوبِن,,,,P2564
X,عدَّله,عدَّله,,,,P2567
X,ألغيت,ألغيت,,,,P2568
X,فونيم,فُونِيم,فُونِيمَات,,Masc,P2587
X,جغرافيا,جُغرَافِيّ,,True,Fem,P2633
X,كارنيجي,كارنيجي,,,,P2643
X,مهتم,مهتم,,,,P2650
X,سكوفيل,سكوفيل,,,,P2658
X,الطوبوغرافية,الطوبوغرافية,,,,P2659
X,نتوء,نتوء,نُتُوءَات,,Masc,P2660
X,طبوغرافي,طبوغرافي,,,,P2660
X,كيجكوي,كيجكوي,,,,P2684
X,جيولوجيا,جيولوجيا,,,,P2695
X,للتركيز,للتركيز,,,,P2710
X,فيلميرودا,فيلميرودا,,,,P2747
X,ميركالي,ميركالي,,,,P2784
X,طوطم,طوطم,,,,P2831
X,الكراسي,الكراسي,,,,P2846
X,فاي,فاي,,,,P2848
X,عبء,عبء,أَعْبَاء,,Masc,P2854
X,المترقى,المترقى,,,,P2881
X,المأخذ,مَأخَذ,,,,P2884
X,قميص,قميص,أَقْمِصَة|قُمْصَان,,Masc,P2912
X,للمنارة,للمنارة,,,,P2923
X,الأوكتانول,الأوكتانول,,,,P2993
X,سن,سن,,,,P2998 P2999 P3001
X,الرشد,الرشد,,,,P2999
X,مغلق,مغلق,مَغَالِق,,Masc,P3026
X,المولي,المولي,,,,P3071
X,للتكوين,للتكوين,,,,P3078
X,المطية,المطية,مَطِيّ|مَطَايَا,,Fem,P3091
X,كيه,كيه,,,,P3096
X,إم,إِم,,,,P3096
X,إل,إل,,True,Masc,P3096
X,فنان,فنان,فَنَّانُون,,Masc,P3275
X,القصة,القصة,,,,P3275
X,إسبانيا,إِسبَانِيَا,,,,P3306
X,المتنبئ,المتنبئ,,,,P3358 P3359
X,التكهني,التكهني,,,,P3358 P3359
X,تصاوغ,تصاوغ,,,,P3364
X,فراغي,فراغي,,,,P3364
X,البايت,البايت,,,,P3374
X,للسينما,للسينما,,,,P3428
X,بار,بَار,,,,P3530
X,الساهور,الساهور,,True,Masc,P3592
X,نثر,نثر,,,,P3741
X,بذور,بذور,,,,P3741
X,المشتركين,المشتركين,,,,P3744
X,مانع,مانع,,,,P3774
X,تفارغي,تفارغي,,,,P3778 P3779
X,سيناريو,سيناريو,,,,P3816
X,كوريا,كُورِيَا,,,,P3818
X,إثنولوج,إثنولوج,,,,P3823
X,المكسيك,اَلمَكسِيك,,,,P3834
X,مرجع,مرجع,مَرَاجِع,,Masc,P3865 P6184
X,والنشر,والنشر,,,,P3931 P6216 P7763
X,إغلاق,إغلاق,,True,Masc,P3999
X,يحاكي,يحاكي,,,,P4043
X,المترية,المترية,,,,P4099
X,المتوافقة,المتوافقة,,,,P4099
X,لغو,لغو,,True,Masc,P4105
X,للعمر,للعمر,,,,P4135
X,ميكانيكا,ميكانيكا,,,,P4151
X,مدى,مَدَى,,,,P4176
X,للمدى,للمدى,,,,P4214
X,للتسلق,للتسلق,,,,P4242
X,للتثبيط,للتثبيط,,,,P4268
X,هابلو,هابلو,,,,P4425 P4426
X,غروب,غُرُوب,,True,Masc,P4425 P4426
X,الميتوكوندريا,الميتوكوندريا,,,,P4425
X,دنا,دنا,,,,P4426
X,أي,أَي,,,,P4426
X,أفريقيا,أَفرِيقِيَا,,,,P4437
X,ثيبوديو,ثيبوديو,,,,P4452
X,مونومر,مونومر,,,,P4599
X,مبلمر,مبلمر,,,,P4600
X,المصمم,المصمم,مُصَمِّمُونَ,,Masc,P4608
X,المسرحي,المسرحي,,,Masc,P4608
X,الماكياج,الماكياج,,True,Masc,P4805
X,الخصومات,الخصومات,,,,P4825
X,للمضاف,للمضاف,,,,P4851
X,نيوسكتسومر,نيوسكتسومر,,,,P4875
X,آيسوكودومر,آيسوكودومر,,,,P4915
X,محسوب,مَحسُوب,,,,P4934
X,المؤهلات,المؤهلات,,,,P4968
X,جينس,جينس,,,,P5025
X,مصمم,مصمم,مُصَمِّمُونَ,,Masc,P5028
X,الممتنعين,الممتنعين,,,,P5043
X,فنلندا,فِنلَندَا,,,,P5152
X,للفرد,للفرد,,,,P5167
X,الطبوغرافية,الطبوغرافية,,,,P5203
X,الكروموسومات,الكروموسومات,,,,P5230
X,كانجي,كانجي,,,,P5277
X,انعكاس,اِنعِكَاس,,True,Masc,P5278
X,جذر,جذر,,,,P5280
X,الفارس,اَلفَّارس,,,,P5317
X,اللفات,اللفات,,,,P5349
X,شيندو,شيندو,,,,P5386
X,هان,هان,,,,P5425
X,يونغ,يُونغ,,,,P5480
X,متانة,متانة,,,Fem,P5520
X,هانغول,هانغول,,,,P5537
X,غازي,غازي,,,,P5588
X,يونيكود,يونيكود,,,,P5591
X,بواسون,بواسون,,,,P5593
X,الانضغاط,الانضغاط,,,,P5669
X,ثابت,ثابت,ثَوَابِت,,Masc,P5675
X,النفاذية,النفاذية,,,,P5676
X,بالانقراض,بالانقراض,,,,P5841
X,الفيديو,الفيديو,,,,P5880 P6657 P6948
X,إسقاط,إسقاط,,True,Masc,P5881
X,مفردة,مفردة,,,,P5923
X,فيكات,فيكات,,,,P5947
X,القاموس,القاموس,قَوَامِيس,,Masc,P5967
X,إنيب,إنيب,,,,P6069
X,آي,آي,,,,P6069
X,جي,جِي,,,,P6069
X,سي,سِي,,,,P6069 P6658
X,الويكي,الويكي,,True,Masc,P6104
X,وتر,وتر,أَوْتَار,,Masc,P6116
X,صنو,صنو,صُنْوَان|صِنْوَان|أَصْنَاء,,Masc,P6185
X,المطلع,مَطلَع,,,,P6257
X,المس,المس,,True,Masc,P6257
X,أويلر,أويلر,,,,P6438
X,لشهادة,لشهادة,,,,P6452
X,مهني,مهني,,,,P6547
X,زائد,زائد,,,Masc,P6547
X,النقش,النقش,,True,Masc,P6568
X,الهبات,الهبات,,,,P6589
X,آر,آر,,,,P6658
X,ديلويت,ديلويت,,,,P6697
X,لأغنى,لأغنى,,,,P6697
X,مغادرة,مغادرة,,True,Fem,P6708
X,أيزو,أيزو,,,,P6789
X,العمارة,العمارة,,,,P6889
X,والكتابة,والكتابة,,,,P6897
X,الجاذبية,الجاذبية,جَاذِبِيَّات,,Fem,P7015
X,الهيكل,الهيكل,هَيَاكِل,,Masc,P7045
X,القاعدي,القاعدي,,,,P7045
X,فيديو,فِيدِيُو,,,,P7075
X,الانكماش,الانكماش,,,Masc,P7079
X,امتصاص,امتصاص,,,,P7080
X,خشونة,خُشُونَة,,True,Fem,P7083
X,صف,صف,,,,P7086
X,التراكمي,التراكمي,,,,P7297
X,نيوزيلندا,نِيُوزِيلَندَا,,,,P7327
X,واصف,واصف,,,,P7367
X,الكاراتيه,الكاراتيه,,,,P7406
X,كومنز,كُوُمنز,,,,P7561 P7782
X,والنبات,وَ,,,,P7603
X,المغطاة,المغطاة,,,,P7643
X,تبرئة,تبرئة,,,,P7781
X,ممول,ممول,,,,P8324
X,كومنز,كومنز,,,,P8464
X,كنية,كنية,كُنًى|كُنْيَات|كُنُيَات,,Fem,P8927
X,صادق,صادق,,,,P9681
